Terminal Code,Customer site.,Address,Postcode 
T588B030BE10G262,ธนาคารออมสิน,สน.ปตท.สนามเป้า  208/1 ถนนพหลโยธิน แขวงสามเสนใน เขตพญาไท กรุงเทพฯ 10400,10400
T429B030BE10G262,ธนาคารออมสิน,สำนักงานใหญ่ อาคาร 4 เครื่องที่ 2(G1) 470 ถนน พหลโยธิน แขวง สามเสนใน เขตพญาไท กรุงเทพมหานคร 10400,10400
T091B030B930G262,ธนาคารออมสิน,สาขาทับคล้อ(G1) 350/2-3 หมู่ที่ 9 ต.ทับคล้อ อ.ทับคล้อ จ.พิจิตร 66150,66150
T091B030B493G262,ธนาคารออมสิน,สาขาโพทะเล(G1) 763 หมู่ที่ 2 ถ.โพทะเล-บางมูลนากต.โพทะเล อ.โพทะเล จ.พิจิตร 66130,66130
T091B030B985G262,ธนาคารออมสิน,สาขาเทสโก้โลตัสพิษณุโลก ท่าทอง(G1) เทสโก้โลตัสเอ็กซ์ตร้า พิษณุโลก ท่าทอง 444 หมู่ที่ 6 ต.ท่าทอง อ.เมืองพิษณุโลก จ.พิษณุโลก 65000,65000
T092B030B928G262,ธนาคารออมสิน,สาขาเซ็นทรัล ลำปาง(G2) ห้องเลขที่ 225 ชั้น 2 โซนธนาคาร ศูนย์การค้าเซ็นทรัลพลาซา ลำปาง เลขที่ 319 ถ.ไฮเวย์-ลำปาง-งาว ต.สวนดอก อ.เมืองลำปาง จ.ลำปาง 52100,52100
T091B030B968G262,ธนาคารออมสิน,สาขาน้ำโท้ง(G1) 267/7 หมู่ที่ 5 ต.บ่อแฮ้ว อ.เมืองลำปาง จ.ลำปาง 52100,52100
T084B030BE52G262,ธนาคารออมสิน,7-Eleven สาขา อ.เมืองปาน (5209) 148 ม.7 ต.เมืองปาน อ.เมืองปาน จ.ลำปาง 52240 ,52240
T025B030BE51G262,ธนาคารออมสิน,ตลาดอินทร 228/24  ม.12 ถ.สันป่าฝ้าย-บ้านชิ ต.บ้างกลาง อ.เมือง จ.ลำพูน 51000,51000
T109B030BE50G262,ธนาคารออมสิน,ศูนย์การค้าแม็คโคร สาขาเชียงใหม่ 152  ต.หนองป่าครั่ง  อ.เมือง  จ.เชียงใหม่ 50000,50000
T092B030B535G262,ธนาคารออมสิน,"ธนาคารออมสิน สาขาหางดง(G2) 288 หมู่ที่ 3 ถ.เชียงใหม่-ฮอด ต.หางดง อ.หางดง จ.เชียงใหม่ 50230 0-5344-2071, 0-5344-2072 ",50230
T107B030BE50G262,ธนาคารออมสิน,สถานีขนส่งผู้โดยสารแห่งที่ 3 (อาเขต) จังหวัดเชียงใหม่ 3 ถ.แก้วนวรัตน์ ต.วัดเกต อ.เมือง จ.เชียงใหม่ 50000,50000
T091B030B980G262,ธนาคารออมสิน,สาขาแม่แจ่ม(G1) 9/2-3 หมู่ที่ 12 ต.ช่างเคิ่ง อ.แม่แจ่ม จ.เชียงใหม่ 50270,50270
T123B030BE50G262,ธนาคารออมสิน,สถาบันการเงินชุมชนบ้านดอน เลขที่ 11 ม.2 ต.โปร่งน้ำร้อน อ.ฝาง จ.เชียงใหม่ 50110,50110
T091B0301001G262,ธนาคารออมสิน,สาขาแม่ลาน้อย(G1) 73/3 หมู่ที่ 1 ต.แม่ลาน้อย อ.แม่ลาน้อย จ.แม่ฮ่องสอน 58120,58120
T091B030BE57G262,ธนาคารออมสิน,ด่านพรมแดนเชียงของ หมู่ 9 ต.เวียง อ.เชียงของ จ.เชียงราย 57140,57140
T092B030B963G262,ธนาคารออมสิน,สาขาบ้านดู่(G2) 287/3-5 หมู่ที่ 4 ต.บ้านดู่ อ.เมืองเชียงราย จ.เชียงราย 57100,57100
T055B030BE57G262,ธนาคารออมสิน,อาคารพาณิชย์ ย่านธุรกิจถนนสันโค้งหลวง ระหว่าง ซ.11 และ ซ.12 225/5 ม.16 ถ.สันโค้งหลวง ต.รอบเวียง อ.เมืองเชียงราย จ.เชียงราย 57000,57000
T091B030B972G262,ธนาคารออมสิน,สาขาแม่ขะจาน(G1)  137/3 หมู่ที่ 1 ต.แม่เจดีย์ อ.เวียงป่าเป้า จ.เชียงราย 57260,57260
T091B030B946G262,ธนาคารออมสิน,สาขาทุ่งโฮ้ง(G1) 307/6 หมู่ที่ 2 ถ.ยันตรกิจโกศล ต.ทุ่งโฮ้ง อ.เมือง จ.แพร่ 54000,54000
T050B030BE19G262,ธนาคารออมสิน,7-Eleven สาขาเฉลิมพระเกียรติสระบุรี (11562)   1/23 หมู่ 1 ต.เขาดินพัฒนา อ.เฉลิมพระเกียรติ จ.สระบุรี 18000,18000
T097B030BE30G262,ธนาคารออมสิน,โรงพยาบาลค่ายสุรนารี  อาคารเฉลิมพระเกียรติ 72 พรรษา  ถ.พิบูลละเอียด ต.หนองไผ่ล้อม อ.เมือง จ.นครราชสีมา 30000,30000
T121B030BE30G262,ธนาคารออมสิน,ร้านภูรินทร์ อินเตอร์เน็ต 222 ม.9 ต.เทพาลัย อ.คง จ.นครราชสีมา 30260,30260
T037B030BE33G262,ธนาคารออมสิน,ร้านส่องแสงซุปเปอร์สโตร์ 212/1-3 ม.6 ถ.ขุขันธ์-ศรีสะเกษ ต.ห้วยเหนือ อ.ขุขันธ์ ศรีสะเกษ 33140,33140
T091B030B922G262,ธนาคารออมสิน,สาขาถนนแจ้งสนิท(G1)  319/4 ถ.แจ้งสนิท ต.ในเมือง อ.เมืองอุบลราชธานี จ.อุบลราชธานี 34000,34000
T047B030BE34G262,ธนาคารออมสิน,สำนักงานเทศบาลเมืองพิบูลมังสาหาร 69/14 ถ.พิบูล ต.พิบูล อ.พิบูลมังสาหาร จ.อุบลราชธานี 34110,34110
T091B030B925G262,ธนาคารออมสิน,สาขาบำเหน็จณรงค์(G1)  218 หมู่ที่ 21 ต.บ้านเพชร อ.บำเหน็จณรงค์ จ.ชัยภูมิ 36160,36160
T041B030BE36G262,ธนาคารออมสิน,สำนักงานเทศบาลตำบลบ้านเดื่อ     55 หมู่ 1 ถ.เกษตรสมบูรณ์ - หนองแดง ต.บ้านเดื่อ อ.เกษตรสมบูรณ์ จ.ชัยภูมิ 36120,36120
T091B030B951G262,ธนาคารออมสิน,สาขาวังโป่ง(G1)   688 หมู่ที่ 1 ต.วังโป่ง อ.วังโป่ง จ.เพชรบูรณ์ 67240,67240
T091B030B555G262,ธนาคารออมสิน,สาขาชนแดน(G1)     1101 หมู่ที่ 12 ถ.ชมฐีระเวช ต.ชนแดน อ.ชนแดน จ.เพชรบูรณ์ 67150,67150
T091B030B208G262,ธนาคารออมสิน,สาขาซับสมอทอด(G1)  128-129 หมู่ที่ 4 ถ.สระบุรี-หล่มสัก ต.ซับสมอทอด อ.บึงสามพัน จ.เพชรบูรณ์ 67160,67160
T019B030BE41G262,ธนาคารออมสิน,7-Eleven สาขา ถนนบ้านช้าง (6777) 4/6 – 7 ถ.หน้าสนามบิน (ฝั่งตะวันออก) ต.หมากแข้ง อ.เมือง จ.อุดรธานี 41000,41000
T091B030B958G262,ธนาคารออมสิน,สาขาสังคม(G1)  218 หมู่ที่ 3 ต.แก้งไก่ อ.สังคม จ.หนองคาย 43160,43160
T036B030BE46G262,ธนาคารออมสิน,ร้านขายยาและจำหน่ายอุปกรณ์การเกษตรและน้ำมัน      54 ม.5 ต.โพน อ.คำม่วง จ.กาฬสินธุ์,46180
T091B030B534G262,ธนาคารออมสิน,สาขาคำเขื่อนแก้ว(G1)     110/1 หมู่ที่ 2 ถ.เหลี่ยมประดิษฐ์ ต.ลุมพุก อ.คำเขื่อนแก้ว จ. ยโสธร 35110,35110
T046B030BE76G262,ธนาคารออมสิน,7-Eleven สาขามหาวิทยาลัยศิลปากร เพชรบุรี (5850)    มหาวิทยาลัยศิลปากร วิทยาสารสนเทศเพชรบุรี 1 หมู่ 3 ต.สามพระยา อ.ชะอำ จ.เพชรบุรี 76120,76120
T091B030B726G262,ธนาคารออมสิน,สาขาเกาะพะงัน(G1) 50/10-11 หมู่ที่1 ต.เกาะพะงัน อ.เกาะพะงัน จ.สุราษฎร์ธานี 84280,84280
T092B030B652G262,ธนาคารออมสิน,สาขาบ่อผุด(G2)   119/41 หมู่ที่1 ถ.รอบเกาะ ต.บ่อผุด อ.เกาะสมุย จ.สุราษฎร์ธานี 84320,84320
T091B030B714G262,ธนาคารออมสิน,"สาขาเซ็นทรัลเฟสติวัล สมุย(G1)   ชั้น 2 ห้องเลขที่ 237 โครงการศูนย์การค้าเซ็นทรัลเฟสติวัล สมุย  เลขที่ 209, 209/1-2 หมู่ที่ 2 ต.บ่อผุด อ.เกาะสมุย จ.สุราษฎร์ธานี 84320",84320
T091B030B932G262,ธนาคารออมสิน,สาขาทุ่งคอก(G1)  111/11-12 หมู่ที่ 10 ต.ทุ่งคอก อ.สองพี่น้อง จ.สุพรรณบุรี 72190,72190
T003B030BE74G262,ธนาคารออมสิน,บริษัท มหาชัยร่วมใจพัฒนา  1/2 หมู่ 1 ถนนพระราม2 ต.ท่าจีน อ.เมือง จ.สมุทรสาคร 74000,74000
T092B030B048G262,ธนาคารออมสิน,สาขาพระโขนง(G2)  1176 ถ.สุขุมวิท 48 แขวงพระโขนง เขตคลองเตย กรุงเทพฯ 10110,10110
T027B030BE16G262,ธนาคารออมสิน,ร้านการเจริญ 258/16-17 ม.1 ต.หนองรี อ.ลำสนธิ จ.ลพบุรี  15190,15190
T057B030BE84G262,ธนาคารออมสิน,ตลาดบ้านกงตาก 64/1  ม.4  ถ.บ้านกรุด ซอย 10  ต.ช้างซ้าย อ.กาญจนดิษฐ์ จ.สุราษฎร์ธานี 84160,84160
T092B030B321G262,ธนาคารออมสิน,สาขากาญจนดิษฐ์(G2)  102/2 หมู่ 1 ถ.หน้าอำเภอ ต.กะแดะ อ.กาญจนดิษฐ์ จ.สุราษฎร์ธานี 84160,84160
T091B030B392G262,ธนาคารออมสิน,สาขาเขาย้อย(G1)     120 หมู่ที่ 5  ถ.เพชรเกษม  ต.เขาย้อย อ.เขาย้อย จ.เพชรบุรี 76140,76140
T013B030BE76G262,ธนาคารออมสิน,ร้านอู๋เภสัช 462/1 ถ.บันไดอิฐ ต.บ้านหม้อ อ.เมือง  จ.เพชรบุรี 76000,76000
T092B030B547G262,ธนาคารออมสิน,สาขาสะพานจอมเกล้า(G2)  1  ถ.พงษ์สุริยา ต.ท่าราบ อ.เมืองเพชรบุรี  จ.เพชรบุรี 76000,76000
T515B030BE10G262,ธนาคารออมสิน,7-Eleven สาขาพระยาสุเรนทร์ 42 (14351)    แขวงสามวาตะวันตก อ.คลองสามวา จ.กรุงเทพฯ 10510,10510
T091B030B006G262,ธนาคารออมสิน,สาขาสุราษฎร์ธานี(G1)   490-494 ถ.หน้าเมือง ต.ตลาด อ.เมืองสุราษฎร์ธานี จ.สุราษฎร์ธานี 84000,84000
T092B030B832G262,ธนาคารออมสิน,สาขาขุนทะเล(G2)  83/12-13 หมู่ที่1 ถ.สุราษฎร์-นาสาร ต.ขุนทะเล อ.เมืองสุราษฎร์ธานี จ.สุราษฎร์ธานี 84000,84000
T047B030BE84G262,ธนาคารออมสิน,สถาบันการเงินชุมชน ท่าไม้แดง        36/4 หมู่ 3 ต.ปากหมาก อ.ไชยา จ.สุราษฎร์ธานี 84110,84110
T040B030BE70G262,ธนาคารออมสิน,เทศบาลตำบลเขางู 199 หมู่ 13 ต.เกาะพลับพลา อ.เมือง จ.ราชบุรี 70000,70000
T091B030B050G262,ธนาคารออมสิน,สาขาราชบุรี(G1)  207  ถ.วรเดช ต.หน้าเมือง อ.เมืองราชบุรี  จ.ราชบุรี 70000,70000
T091B030B805G262,ธนาคารออมสิน,สาขารอยัลพาร์ค(G1) ขั้น 1 ศูนย์การค้ารอยัลพาร์ค เลขที่ 11/11 ถ.คฑาธร  ต.หน้าเมือง อ.เมืองราชบุรี  จ.ราชบุรี 70000,70000
T139B030BE84G262,ธนาคารออมสิน,บริษัท มยุรี ปิโตรเลียม จำกัด      105 หมู่ 5 ถ.สุราษฎร์-ตะกั่วป่า ต.ถ้ำสิงขร อ.คีรีรัฐนิคม จ.สุราษฎร์ธานี  84180,84180
T091B030B956G262,ธนาคารออมสิน,สาขาบ้านตาขุน(G1)  34/3-4 หมู่ที่ 4 ต.เขาวง อ.บ้านตาขุน จ.สุราษฎร์ธานี 84230,84230
T091B030B381G262,ธนาคารออมสิน,สาขาดอนสัก(G1)       3 หมู่ที่ 5 ถ.ชลคราม ต.ดอนสัก อ.ดอนสัก จ.สุราษฎร์ธานี 84220,84220
T091B030B317G262,ธนาคารออมสิน,สาขาบ้านนาสาร(G1)  45 ถ.วิเวก ต.นาสาร อ.บ้านนาสาร จ.สุราษฎร์ธานี 84120,84120
T092B030B924G262,ธนาคารออมสิน,สาขาโคกอุดม(G2)  379/264-266 หมู่ที่ 10 ต.หนองกี่ อ.กบินทร์บุรี จ.ปราจีนบุรี 25110,25110
T016B030BE70G262,ธนาคารออมสิน,องค์การบริหารส่วนตำบลดอนแร่       56 หมู่ 1 ต.ดอนแร่ อ.เมือง จ.ราชบุรี   70000,70000
T092B030B133G262,ธนาคารออมสิน,"ธนาคารออมสิน สาขาดำเนินสะดวก(G2) 259 หมู่ที่ 8  ถ.สมุทรสงคราม-บางแพ ต.ดำเนินสะดวก อ.ดำเนินสะดวก จ.ราชบุรี 70130 0-3224-1001, 0-3234-6235",70130
T091B030B133G262,ธนาคารออมสิน,สาขาดำเนินสะดวก(G1)   259 หมู่ที่ 8  ถ.สมุทรสงคราม-บางแพ  ต.ดำเนินสะดวก อ.ดำเนินสะดวก จ.ราชบุรี 70130,70130
T065B030BE84G262,ธนาคารออมสิน,ร้านเขาศกมินิมาร์ท 73/1  ม.6  ต.คลองศก  อ.พนม  จ.สุราษฎร์ธานี 84250,84250
T016B030BE84G262,ธนาคารออมสิน,สถาบันการเงินชุมชนบ้านบางรูป      หมู่ 4 ต.สินเจริญ อ.พระแสง จ.สุราษฎร์ธานี 84210,84210
T091B030B829G262,ธนาคารออมสิน,สาขาบางทราย(G1) 137 หมู่ที่ 3 ต.บางทราย อ.เมืองชลบุรี จ.ชลบุรี 20000,20000
T807B030BE10G262,ธนาคารออมสิน,ตลาด Udomsuk Walk 653 ถ.อุดมสุข แขวงบางจาก เขตพระโขนง จ.กรุงเทพฯ 10260    ,10260
T017B030BE17G262,ธนาคารออมสิน,7-Eleven สาขาสิงห์บุรี (0352)      955/39-40 ขุนสวรรค์ ต.บางพุทรา อ.เมืองสิงห์บุรี จ.สิงห์บุรี 16000,16000
T028B030BE80G262,ธนาคารออมสิน,สถาบันการจัดการเงินทุนชุมชนบ้านบางสะพาน       66/1 หมู่ 7 ถ.พัฒนาการคูขวาง  ต.บางจาก อ.เมือง จ.นครศรีธรรมราช 80330,80330
T092B030B872G262,ธนาคารออมสิน,สาขาโรบินสัน นครศรีธรรมราช(G2)  เลขที่ 89/109-110 ถ.พัฒนาการคูขวาง  ต.คลัง อ.เมืองนครศรีธรรมราช จ.นครศรีธรรมราช 80000,80000
T092B0301076G262,ธนาคารออมสิน,ธนาคารออมสิน สาขาไอคอนสยาม(G2)  ตั้งอยู่ห้องเลขที่ 503-504 ชั้น 5 ศูนย์การค้าไอคอนสยาม เลขที่ 299 ซอยเจริญนคร 5 ถ.เจริญนคร แขวงคลองต้นไทร เขตคลองสาน จ.กรุงเทพฯ 10600,10600
T091B030B626G262,ธนาคารออมสิน,สาขาเดอะพรอมานาด(G1)      ชั้น 3 ห้องเลขที่ 3007 ภายในศูนย์การค้าเดอะพรอมานาด  เลขที่ 589/7-9  ถ.รามอินทรา  แขวงคันนายาว เขตคันนายาว กรุงเทพฯ 10230,10230
T027B030BE18G262,ธนาคารออมสิน,Mini Big C สาขาวัดสิงห์ 11/33 ถ.จวนวิไล ต.วัดสิงห์ อ.วัดสิงห์ จ.ชัยนาท 17120,17120
T092B030B145G262,ธนาคารออมสิน,"ธนาคารออมสิน สาขาชะอำ(G2) 499/34  ถ.เพชรเกษม ต.ชะอำ อ.ชะอำ จ.เพชรบุรี 76120 0-3243-3743, 0-3247-1135",76120
T033B030BE70G262,ธนาคารออมสิน,ร้านแสวงโชคโอสถ  53/2 ม.1  ต.บ้านคา  อ.บ้านคา  จ.ราชบุรี 70180,70180
T092B030B328G262,ธนาคารออมสิน,สาขาท่าศาลา(G2) 263/2 ถ.นครศรีธรรมราช-สุราษฎร์ธานี  ต.ท่าศาลา อ.ท่าศาลา จ.นครศรีธรรมราช 80160,80160
T022B030BE80G262,ธนาคารออมสิน,7-Eleven  สาขาชุมชนหน้าทับ (13245)       ต.ท่าศาลา อ.ท่าศาลา จ.นครศรีธรรมราช 80160,80160
T093B030B328G262,ธนาคารออมสิน,"หน่วยให้บริการมหาวิทยาลัยวลัยลักษณ์(G3)        222, ตำบล ไทยบุรี อำเภอท่าศาลา นครศรีธรรมราช 80161 ",80161
T091B030B472G262,ธนาคารออมสิน,สาขาถนนสุขประยูร(G1) 726/25 ถนนสุขประยูร ตำบลบางปลาสร้อย  อำเภอเมืองชลบุรี ชลบุรี 20000,20000
T091B030B644G262,ธนาคารออมสิน,สาขาเซ็นทรัล ชลบุรี(G1)     171 ชั้น 1 อาคารศูนย์การค้าเซ็นทรัลพลาซา ชลบุรี เลขที่ 55/88-89 ถ.สุขุมวิท ต.เสม็ด อ.เมืองชลบุรี จ.ชลบุรี 20000,20000
T043B030BE20G262,ธนาคารออมสิน,เทสโก้ โลตัสเอ็กซ์เพรส สาขาตลาดแม่ละออ ชลบุรี       52/553-556 หมู่ที่ 12 ตำบลหนองปรือ อำเภอบางละมุง จังหวัดชลบุรี,20150
T091B030B673G262,ธนาคารออมสิน,สาขาเซ็นทรัลเฟสติวัล พัทยาบีช(G1)  ห้องเลขที่ 419 ชั้น 4 ศูนย์การค้าเซ็นทรัลเฟสติวัล พัทยาบีช  เลขที่ 333/99-100 หมู่ที่ 9 ต.หนองปรือ อ.บางละมุง จ.ชลบุรี 20150,20150
T091B030B973G262,ธนาคารออมสิน,สาขาด่านมะขามเตี้ย(G1) 5/3 หมู่ที่ 1 ต.ด่านมะขามเตี้ย อ.ด่านมะขามเตี้ย จ.กาญจนบุรี 71260,71260
T028B030BE71G262,ธนาคารออมสิน,หจก.รวมมิตรการเกษตร(ตลาดนัดเจเจ)     286/2 ต.บ้านเหนือ อ.เมือง จ.กาญจนบุรี 71000,71000
T009B030BE80G262,ธนาคารออมสิน,โรงพยาบาลศูนย์การแพทย์ มหาวิทยาลัยวลัยลักษณ์  222 หมู่ 10 ต.ไทยบุรี อ.ท่าศาลา จ.นครศรีธรรมราช 80160,80160
T091B030B955G262,ธนาคารออมสิน,สาขาบางขัน(G1)  99/9 หมู่ที่ 14 ต.บ้านลำนาว อ.บางขัน จ.นครศรีธรรมราช 80360,80360
T091B030B631G262,ธนาคารออมสิน,สาขาพัทยาใต้(G1)      205/23-24 หมู่ที่ 10 ถ.พัทยาสาย 2 ต.หนองปรือ อ.บางละมุง จ.ชลบุรี 20150,20150
T092B030B724G262,ธนาคารออมสิน,เครื่องอยู่โกดัง บริษัท กรีน คอนแทร็คท์ จำกัด 25/35 ม.3 ซ.เทพฤกษ์ ถ.เลียบคลองราษฎร์พัฒนา1 ต.คอกกระบือ อ.เมืองสมุทรสาคร จ.สมุทรสาคร 74000,74000
T092B030B150G262,ธนาคารออมสิน,สาขาท่าม่วง(G2)  241/1 หมู่ที่ 3 ถ.แสงชูโต ต.ท่าม่วง อ.ท่าม่วง จ.กาญจนบุรี 71110,71110
T002B030BE80G262,ธนาคารออมสิน,"7-Eleven สาขาตลาดในเพลา (8946)       26/15,101/4 หมู่ 4 ต.ขนอม  อ.ขนอม จ.นครศรีธรรมราช 80210",80210
T091B030B327G262,ธนาคารออมสิน,สาขาสิชล(G1)  274 หมู่ที่ 1 ถ.สิชล-นครศรีธรรมราช ต.สิชล อ.สิชล จ.นครศรีธรรมราช 80120,80120
T025B030BE80G262,ธนาคารออมสิน,7-Eleven  สาขาหัวไทร  58/1 ม.2 ถ.หัวไทร-นครศรีธรรมราช ต.หัวไทร อ.หัวไทร จ.นครศรีธรรมราช 80170,80170
T091B030B443G262,ธนาคารออมสิน,สาขาบางเขน(G1)       1712-14 ถ.พหลโยธิน แขวงจันทรเกษม  เขตจตุจักร กรุงเทพฯ 10900,10900
T091B030B702G262,ธนาคารออมสิน,สาขาเอสพละนาด รัชดาภิเษก(G1)  ชั้น 2 ศูนย์การค้าเอสพละนาด รัชดาภิเษก  เลขที่ 99 ถ.รัชดาภิเษก แขวงดินแดง เขตดินแดง กรุงเทพ 10400,10400
T091B030B571G262,ธนาคารออมสิน,สาขาลูกแก(G1)           82 หมู่ที่ 6 ต.ดอนขมิ้น อ.ท่ามะกา จ.กาญจนบุรี 71120,71120
T092B030B152G262,ธนาคารออมสิน,สาขาพนมทวน(G2) 248 หมู่ที่ 3 ถ.อู่ทอง-กาญจนบุรี ต.พนมทวน อ.พนมทวน จ.กาญจนบุรี 71140,71140
T031B030BE80G262,ธนาคารออมสิน,โกดอนมินิมาร์ท 47 หมู่ 1 ต.ขอนหาด อ.ชะอวด จ.นครศรีธรรมราช 80180,80180
T091B030B548G262,ธนาคารออมสิน,สาขาจตุจักร(G1) ภายในกองอำนวยการตลาดนัดจตุจักร  ถ.กำแพงเพชร 2  แขวงลาดยาว เขตจตุจักร กรุงเทพฯ 10900,10900
T091B030B109G262,ธนาคารออมสิน,สาขายุติธรรม(G1)   บริเวณอาคารที่จอดรถศาลอาญา  ถ.รัชดาภิเษก แขวงจอมพล  เขตจตุจักร กรุงเทพฯ 10900,10900
T091B030B160G262,ธนาคารออมสิน,สาขาบางปะกง(G1) 239 หมู่ที่ 10 ถ.สุขุมวิท ต.บางปะกง อ.บางปะกง จ.ฉะเชิงเทรา 24130,24130
T014B030BE82G262,ธนาคารออมสิน,องค์การบริหารส่วนตำบลพรุใน ต.พรุใน อ.เกาะยาว จ.พังงา 83000,83000
T009B030BE82G262,ธนาคารออมสิน,7-Eleven สาขาปตท.บางม่วง (3431)     77 ต.บางม่วง อ.ตะกั่วป่า จ.พังงา 82110,82110
T272B030BE10G262,ธนาคารออมสิน,7-Eleven สาขาลาดปลาเค้า 24 (12029)      แขวงจรเข้บัว เขตลาดพร้าว จ.กรุงเทพฯ 10230,10230
T811B030BE10G262,ธนาคารออมสิน,ตลาดหน้าวัดยายร่ม 7 ถ.พระราม2 แขวงบางมด เขตจอมทอง กทม. 10150,10150
T091B030B082G262,ธนาคารออมสิน,สาขานครนายก(G1) 380 ถ.ศรีเมือง ต.นครนายก อ.เมืองนครนายก จ.นครนายก 26000,26000
T092B030B915G262,ธนาคารออมสิน,สาขานิคมพัฒนา ระยอง(G2)  4/9 หมู่ที่ 2 ต.นิคมพัฒนา อ.นิคมพัฒนา จ.ระยอง 21180,21180
T091B030B522G262,ธนาคารออมสิน,สาขาอ่าวลึก(G1) 3/10 หมู่ที่ 2 ถ.เพชรเกษม ต.อ่าวลึกเหนือ อ.อ่าวลึก จ.กระบี่ 81110,81110
T009B030BE83G262,ธนาคารออมสิน,ตลาดชิลล์วา 141/2 ถ.เยาวราช ต.รัษฎา อ.เมือง จ.ภูเก็ต 83000,83000
T092B030B869G262,ธนาคารออมสิน,สาขาบิ๊กซี บางปะกอก(G2) ห้องเลขที่ 3CR309 ชั้น 3 ห้างบิ๊กซี บางปะกอก  เลขที่ 278 หมู่ที่ 1 ถ.สุขสวัสดิ์ แขวงบางปะกอก เขตราษฎร์บูรณะ กรุงเทพฯ 10140,10140
T092B030B628G262,ธนาคารออมสิน,สาขาบุญสัมพันธ์(G2)   99/6-7 หมู่ที่ 5 ต.หนองปรือ อ.บางละมุง จ.ชลบุรี 20150,20150
T053B030BE22G262,ธนาคารออมสิน,7-Eleven สาขาตลาดตะเคียนทอง (จันทบุรี) (14791)     ต.เคียนทอง อ.เขาคิชฌกูฏ จ.จันทบุรี 22210,22210
T092B030B919G262,ธนาคารออมสิน,สาขาถนนพูนผล(G2)  32/168-169 ถ.พูนผล ต.ตลาดเหนือ อ.เมืองภูเก็ต จ.ภูเก็ต 83000,83000
T091B030B964G262,ธนาคารออมสิน,"สาขากะรน(G1) 279, 281 ถ.ปฏัก ต.กะรน อ.เมืองภูเก็ต จ.ภูเก็ต 83100",83100
T031B030BE83G262,ธนาคารออมสิน,สำนักงานขนส่ง จังหวัดภูเก็ต ถ.รัตนโกสิน 200 ปี ถ.รัตนโกสิน 200 ปี อ.เมืองภูเก็ต จ.ภูเก็ต 83000,83000
T681B030BE10G262,ธนาคารออมสิน,เทสโก้ โลตัส เอ็กซ์เพรส สาขาเอื้ออาทร บางเขน (คลองถนน) 90 ซ.เพิ่มสิน 24/1 แขวงคลองถนน เขตสายไหม กรุงเทพฯ 10220,10220
T091B030B672G262,ธนาคารออมสิน,สาขาอนุสรณ์สถานแห่งชาติ(G1) 22/53 หมู่ที่ 6 ถ.พหลโยธิน แขวงสายไหม เขตสายไหม กรุงเทพฯ 10220,10220
T092B030B644G262,ธนาคารออมสิน,สาขาเซ็นทรัล ชลบุรี(G2) 171 ชั้น 1 อาคารศูนย์การค้าเซ็นทรัลพลาซา ชลบุรี เลขที่ 55/88-89 ถ.สุขุมวิท ต.เสม็ด อ.เมืองชลบุรี จ.ชลบุรี 20000,20000
T092B030B747G262,ธนาคารออมสิน,สาขาถนนทัพพระยา(G2)  316/26 หมู่ที่ 12 ต.หนองปรือ อ.บางละมุง จ.ชลบุรี 20150,20150
T002B030BE22G262,ธนาคารออมสิน,เทศบาลเมืองท่าช้าง   สนง.เทศบาลเมืองท่าช้าง ถนนรักศักดิ์ธมูล  ต.ท่าช้าง อ.เมือง จ.จันทบุรี,22000
T091B030B942G262,ธนาคารออมสิน,สาขาบิ๊กซี สุขสวัสดิ์(G1) ชั้น 2 ห้องเลขที่ 2CR 203-204  บริษัท บิ๊กซี ซูเปอร์เซ็นเตอร์ จำกัด(มหาชน) สาขาสุขสวัสดิ์  เลขที่ 94 หมู่ที่ 18 ถ.สุขสวัสดิ์ ต.บางพึ่ง อ.พระประแดง จ.สมุทรปราการ 10130,10130
T021B030BE73G262,ธนาคารออมสิน,คลองถมคุณาวรรณ 55 ม.7  ถ.มาลัยแมน  ต.ทุ่งกระพังโหม  อ.กำแพงแสน  จ.นครปฐม 73140,73140
T092B0301017G262,ธนาคารออมสิน,สาขาอเวนิว รัชโยธิน(G2) ตั้งอยู่ ชั้น 2 ห้องเลขที่ C205A โครงการ Suzuki Avenue รัชโยธิน เลขที่ 234 ถ.รัชดาภิเษก แขวงจอมพล เขตจตุจักร กรุงเทพฯ 10900,10900
T008B030BE83G262,ธนาคารออมสิน,เทสโก้ โลตัส เอ็กซ์เพรส สาขาตลาดถลาง 310/112-115  หมู่ 1 ตำบลเทพกระษัตรี อำเภอถลาง จังหวัดภูเก็ต  83110,83110
T091B030B921G262,ธนาคารออมสิน,สาขาสี่แยกท่าเรือ(G1) 114/49 หมู่ที่ 5 ต.ศรีสุนทร อ.ถลาง จ.ภูเก็ต 83110,83110
T092B030B834G262,ธนาคารออมสิน,สาขาตลาดเก่า(G2) 36-36/1 ถ.ศรีพังงา ต.กระบี่ใหญ่ อ.เมืองกระบี่ จ.กระบี่ 81000,81000
T091B030B907G262,ธนาคารออมสิน,สาขานิคมอุตสาหกรรมอมตะนคร(G1) 700/37 หมู่ที่ 1 ต.คลองตำหรุ อ.เมืองชลบุรี จ.ชลบุรี 20000,20000
T091B030B017G262,ธนาคารออมสิน,สาขาฉะเชิงเทรา(G1) 1-5 ถ.สันติราษฎร์ ต.หน้าเมือง อ.เมืองฉะเชิงเทรา จ.ฉะเชิงเทรา 24000,24000
T092B030B686G262,ธนาคารออมสิน,สาขาโรบินสัน ฉะเชิงเทรา(G2) ห้องเลขที่ RCS-2F-RR-252 อาคารศูนย์การค้าโรบินสัน ไลฟ์สไตล์ ฉะเชิงเทรา บริเวณชั้น 2 เลขที่ 910 ถ.ฉะเชิงเทรา-บางปะกง อ.ฉะเชิงเทรา จ.ฉะเชิงเทรา 24000,24000
T091B030B918G262,ธนาคารออมสิน,สาขากรุงเทพ ทาวเวอร์(G1) ห้องเลขที่ G04 ชั้น G อาคารกรุงเทพ ทาวเวอร์ เลขที่ 2170 ถ.เพชรบุรีตัดใหม่ แขวงบางกะปิ เขตห้วยขวาง กรุงเทพฯ 10310,10310
T091B030B880G262,ธนาคารออมสิน,สาขาบางบอน (ตลาดปิ่นทอง)(G1) 315 ถ.เอกชัย แขวงบางบอน เขตบางบอน กรุงเทพฯ 10150,10150
T091B030B879G262,ธนาคารออมสิน,สาขาหนองแขม(G1) 16/12-13 หมู่บ้านชวนชื่น เพชรเกษม 81 ถ.มาเจริญ (เพชรเกษม 81) แขวงหนองแขม เขตหนองแขม กรุงเทพฯ 10160,10160
T092B030B131G262,ธนาคารออมสิน,สาขาสามพราน(G2) 41 หมู่ที่ 7 ถ.เข้าที่ว่าการอำเภอสามพราน ต.สามพราน อ.สามพราน จ.นครปฐม 73110,73110
T091B030B730G262,ธนาคารออมสิน,สาขาบิ๊กซี อ้อมใหญ่(G1) 17/17 หมู่ที่ 8 ต.อ้อมใหญ่ อ.สามพราน จ.นครปฐม 73160,73160
T091B030B823G262,ธนาคารออมสิน,สาขาบางน้ำเปรี้ยว(G1) 247/7-8 หมู่ที่ 5 ต.โพรงอากาศ อ.บางน้ำเปรี้ยว จ.ฉะเชิงเทรา 24150,24150
T092B030B164G262,ธนาคารออมสิน,สาขาหนองแค(G2) 167 ถ.เศรษฐสัมพันธ์ ต.หนองแค อ.หนองแค จ.สระบุรี 18140,18140
T091B030B732G262,ธนาคารออมสิน,สาขาบิ๊กซี พัทยาใต้(G1) ชั้น 1 ห้างสรรพสินค้าบิ๊กซี พัทยาใต้ ห้องเลขที่ GCR122 เลขที่ 565/41 หมู่ที่ 10 ต.หนองปรือ อ.บางละมุง จ.ชลบุรี 20150,20150
T092B030B852G262,ธนาคารออมสิน,"สาขาแยกพิชัย(G2) 316, 318, 320 ถ.อำนวยสงคราม แขวงถ.นครไชยศรี เขตดุสิต กรุงเทพฯ 10300",10300
T091B030B107G262,ธนาคารออมสิน,สาขาทำเนียบรัฐบาล(G1) 1 ทำเนียบรัฐบาล ถ.พิษณุโลก แขวงดุสิต เขตดุสิต กรุงเทพฯ 10300,10300
T092B030B021G262,ธนาคารออมสิน,สาขาตรัง(G2) 121 ถ.พระราม 6 ต.ทับเที่ยง อ.เมืองตรัง จ.ตรัง 92000,92000
T092B030B081G262,ธนาคารออมสิน,สาขาปราจีนบุรี(G2) 96 ถ.เทศบาลดำริ ต.หน้าเมือง อ.เมืองปราจีนบุรี จ.ปราจีนบุรี 25000,25000
T302B030BE10G262,ธนาคารออมสิน,ตลาดสายใต้เซ็นเตอร์ เลขที่ 9 ถ.พุทธมณฑลสาย 1 แขวงฉิมพลี เขตตลิ่งชัน กรุงเทพฯ 10170,10170
T092B030B771G262,ธนาคารออมสิน,"สาขาพระราม2 ซอย 64(G2) 324, 326, 328 ถ.พระราม 2 แขวงแสมดำ เขตบางขุนเทียน กรุงเทพฯ 10150",10150
T091B030B352G262,ธนาคารออมสิน,สาขากันตัง(G1) 130 ถ.สกลสถานพิทักษ์ ต.กันตัง อ.กันตัง จ.ตรัง 92110,92110
T091B030B351G262,ธนาคารออมสิน,สาขาห้วยยอด(G1) 454 ถ.เพชรเกษม ต.ห้วยยอด อ.ห้วยยอด จ.ตรัง 92130,92130
T083B030BE20G262,ธนาคารออมสิน,โรบินสัน บ่อวิน ต.บ่อวิน อ.ศรีราชา จ.ชลบุรี 20230,20230
T092B030B657G262,ธนาคารออมสิน,สาขาถนนประดิพัทธ์(G2) 96/5 อาคารบางกอกลิฟวิ่ง ถ.ประดิพัทธ์ แขวงพญาไท เขตพญาไท กรุงเทพฯ 10400,10400
T006B030BE90G262,ธนาคารออมสิน,ห้างทองธนะพัฒน์ สาขา 2 159/1 ถ.ทะเลหลวง ต.บ่อยาง อ.เมือง จ.สงขลา 90000,90000
T091B030B861G262,ธนาคารออมสิน,สาขาวชิรา สงขลา(G1) 119 ถ.ราชดำเนินนอก ต.บ่อยาง อ.เมืองสงขลา จ.สงขลา 90000,90000
T093B030B045G262,ธนาคารออมสิน,หน่วยให้บริการ Exim Bank แหลมฉบัง(G3) ตำบลทุ่งสุขลา อำเภอศรีราชา ชลบุรี 20230,20230
T091B030B857G262,ธนาคารออมสิน,สาขาวังสมบูรณ์(G1) 92/1 หมู่ที่ 11 ต.วังสมบูรณ์ อ.วังสมบูรณ์ จ.สระแก้ว 27250,27250
T091B030B663G262,ธนาคารออมสิน,สาขาตลาดโรงเกลือ(G1) 555/29 และ 555/31 หมู่ที่ 7 ต.ป่าไร่ อ.อรัญประเทศ จ.สระแก้ว 27120,27120
T091B030B528G262,ธนาคารออมสิน,สาขาคลองด่าน(G1) 471 หมู่ที่ 11 ถ.สุขุมวิท ต.บางบ่อ อ.บางบ่อ จ.สมุทรปราการ 10550,10550
T091B030B471G262,ธนาคารออมสิน,สาขาบางบ่อ(G1) 334 หมู่ที่ 1 ถ.รัตนราช  ต.บางบ่อ อ.บางบ่อ จ.สมุทรปราการ 10560,10560
T095B030BE90G262,ธนาคารออมสิน,7-Eleven สาขาปตท.คูหา (6489) 78/3 หมู่ 1 ต.ควนรู อ.รัตภูมิ จ.สงขลา 90180,90180
T091B030B345G262,ธนาคารออมสิน,สาขาสทิงพระ(G1) 13 หมู่ที่ 3 ถ.หัวเขาแดง-ระโนด ต.จะทิ้งพระ อ.สทิงพระ จ.สงขลา 90190,90190
T092B030B875G262,ธนาคารออมสิน,สาขาอ่าวอุดม(G2) 143/16-17  ถ.สุขุมวิท หมู่ที่ 8 ต.ทุ่งสุขลา อ.ศรีราชา จ.ชลบุรี 20230,20230
T092B030B519G262,ธนาคารออมสิน,สาขาบางพลี(G2) 29 หมู่ที่ 8 ถ.สุขาภิบาล ต.บางพลีใหญ่ อ.บางพลี จ.สมุทรปราการ 10540,10540
T091B030B519G262,ธนาคารออมสิน,สาขาบางพลี(G1) 29 หมู่ที่ 8 ถ.สุขาภิบาล ต.บางพลีใหญ่ อ.บางพลี จ.สมุทรปราการ 10540,10540
T091B030B346G262,ธนาคารออมสิน,สาขาคลองแงะ(G1) 474/51-52 หมู่ที่ 5 ถ.คลองแงะ-นาทวี ต.พังลา อ.สะเดา จ.สงขลา 90170,90170
T094B030BE90G262,ธนาคารออมสิน,"7-Eleven สาขาปาดังเปซาร์ 3 (8843) 6,8,10 ถ.เทศาพัฒนา ต.ปาดังเบซาร์ อ.สะเดา จ.สงขลา 90240",90240
T038B030BE90G262,ธนาคารออมสิน,ร้านเสรีเซ็นเตอร์ 21 ถ.เพชรกาฬ อ.สะเดา สงขลา 90240,90240
T092B030B025G262,ธนาคารออมสิน,สาขาหาดใหญ่(G2) 156-158 ถ.นิพัทธ์อุทิศ 1 ต.หาดใหญ๋ อ.หาดใหญ่ จ.สงขลา 90110,90110
T017B030BE14G262,ธนาคารออมสิน,ตลาดหมอเลี้ยง 170 ต.ท่าช้าง อ.นครหลวง อยุธยา,13260
T091B030B125G262,ธนาคารออมสิน,สาขาบางปะหัน(G1) 4/6 หมู่ที่ 5 ถ.อยุธยา-บางปะหัน ต.ขวัญเมือง อ.บางปะหัน จ.พระนครศรีอยุธยา 13220,13220
T091B030B044G262,ธนาคารออมสิน,สาขาพระประแดง(G1) 48 ถ.ศรีเขื่อนขันธ์ ต.ตลาด อ.พระประแดง จ.สมุทรปราการ 10130,10130
T008B030BE11G262,ธนาคารออมสิน,ร้าน Louise Express  เลขที่ 6/4 ม.10 ถ.เพชรหึงษ์ ต.บางยอ อ.พระประแดง จ.สมุทรปราการ 10130,10130
T092B030B733G262,ธนาคารออมสิน,สาขาราษฎร์อุทิศ หาดใหญ่(G2) 62/5 ถ.ราษฎร์อุทิศ ต.หาดใหญ่ อ.หาดใหญ่ จ.สงขลา 90110,90110
T092B030B731G262,ธนาคารออมสิน,สาขาถนนลพบุรีราเมศวร์(G2) 333/25-26 หมู่ที่ 4 ถ.ลพบุรีราเมศวร์ ต.คลองแห อ.หาดใหญ่ จ.สงขลา 90110,90110
T132B030BE20G262,ธนาคารออมสิน,mini Big C สาขาวัดวังหิน 24/155 หมู่ 1 ต.สุรศักดิ์ อ.ศรีราชา จ.ชลบุรี,20110
T092B030B878G262,ธนาคารออมสิน,สาขานิคมอุตสาหกรรมบางปะอิน(G2) 80/21 หมู่ที่ 2 ต.คลองจิก อ.บางปะอิน จ.พระนครศรีอยุธยา 13160,13160
T092B030B516G262,ธนาคารออมสิน,"ธนาคารออมสิน สาขาบางกรวย(G2) 99/99 หมู่ที่ 3 ต.วัดชลอ อ.บางกรวย จ.นนทบุรี 11130 0-2447-5586, 0-2447-5108, 0-2883-6977 ",11130
T001B030BE93G262,ธนาคารออมสิน,ห้างสรรพสินค้าเทสโก้ โลตัส สาขาพัทลุง บริเวณชั้น 1 ใกล้กับบันไดเลื่อนขึ้นชั้น 2    155 หมู่ 2 ต.เขาเจียก  อ.เมือง  จ.พัทลุง,93000
T092B030B497G262,ธนาคารออมสิน,สาขาเจ้าพรหม(G2) 9/51 ถ.นเรศวร ต.หอรัตนไชย อ.พระนครศรีอยุธยา จ.พระนครศรีอยุธยา 13000,13000
T091B030B723G262,ธนาคารออมสิน,สาขาสุขุมวิท-สัตหีบ(G1) 4/57-58 หมู่ที่ 7 ต.สัตหีบ อ.สัตหีบ จ.ชลบุรี 20180,20180
T092B030B691G262,ธนาคารออมสิน,สาขาตลาดบ้านอำเภอ(G2) 160 หมู่ 9 ถ.สุขุมวิท ต.นาจอมเทียน อ.สัตหีบ จ.ชลบุรี 20250,20250
T091B030B049G262,ธนาคารออมสิน,สาขาตลาดพลู(G1) 852-854 ถ.เทอดไทย แขวงตลาดพลู เขตธนบุรี กรุงเทพฯ 10600,10600
T091B030B513G262,ธนาคารออมสิน,สาขาดาวคะนอง(G1) 1060 ถ.สมเด็จพระเจ้าตากสิน แขวงบุคคโล เขตธนบุรี กรุงเทพฯ 10600,10600
T091B030B355G262,ธนาคารออมสิน,สาขาควนขนุน(G1) 228 ถ.ควนขนุน-พัทลุง ต.ควนขนุน  อ.ควนขนุน จ.พัทลุง 93110,93110
T092B030B610G262,ธนาคารออมสิน,สาขาเดอะสตาร์ ระยอง(G2) ศูนย์การค้าคอมพิวเตอร์สตาร์ ระยอง ชั้น 1 ห้อง 1101A  109 ถ.สุขุมวิท ต.ท่าประดู่ อ.เมืองระยอง จ.ระยอง 21000,21000
T092B030B102G262,ธนาคารออมสิน,สาขาสตูล(G2) 13 ถ.บุรีวานิช ต.พิมาน อ.เมืองสตูล จ.สตูล 91000,91000
T007B030BE91G262,ธนาคารออมสิน,7-Eleven สาขาปากบารา (8277) 1037 1040 หมู่ 2 ต.ปากน้ำ อ.ละงู จ.สตูล 91110,91110
T091B0301007G262,ธนาคารออมสิน,สาขาท่าแพ (สตูล)(G1) 306-306/1 ถ.ฉลุง-ละงู ต.ท่าแพ อ.ท่าแพ จ.สตูล 91150,91150
T001B030BE91G262,ธนาคารออมสิน,ร้านวินเซ็นต์ เซ็นเตอร์ เซอร์วิส 146  ม.2 ต.ฉลุง อ.เมือง จ.สตูล 91140,91140
T091B030B124G262,ธนาคารออมสิน,สาขาอุทัย(G1) 1/1 หมู่ที่ 13 ต.อุทัย อ.อุทัย จ.พระนครศรีอยุธยา 13210,13210
T040B030BE14G262,ธนาคารออมสิน,ร้านแกรนด์ฟาร์มาซี 51/176-7 ม.1 ต.ธนู อ.อุทัย จ.อยุธยา,13210
T091B0301044G262,ธนาคารออมสิน,สาขาเดอะคริสตัล ราชพฤกษ์(G1) ชั้น 1 อาคาร C ห้องเลขที่ 118-120 ศูนย์การค้าเดอะคริสตัล ราชพฤกษ์ เลขที่ 555/9 หมู่ที่ 1 ต.บางขนุน อ.บางกรวย จ.นนทบุรี 11130,11130
T710B030BE10G262,ธนาคารออมสิน,เทสโก้ โลตัส เอ็กซ์เพรส สาขาซอยวัดมะพร้าวเตี้ย 40/36 ซอยวัดมะพร้าวเตี้ย หมู่4 ถ.สายบางแวก แขวงคลองขวาง เขตภาษีเจริญ กทม. 10160,10160
T092B030B653G262,ธนาคารออมสิน,สำนักงานชั่วคราว ณ สถานีบริการน้ำมันปิโตเลียมรามอินทรา เลขที่ 116 ถนนรามอินทรา แขวงอนุเสาวรีย์ เขตบางเขน กรุงเทพฯ 10220,10220
T091B030B653G262,ธนาคารออมสิน,สำนักงานชั่วคราว ณ สถานีบริการน้ำมันปิโตเลียมรามอินทรา เลขที่ 116 ถนนรามอินทรา แขวงอนุเสาวรีย์ เขตบางเขน กรุงเทพฯ 10220,10220
T091B030B917G262,ธนาคารออมสิน,สาขาถนนหนองจิก(G1) 300/22-23 หมู่ที่ 4 ถ.หนองจิก ต.รูสะมิแล อ.เมืองปัตตานี จ.ปัตตานี 94000,94000
T091B030B103G262,ธนาคารออมสิน,สาขาปัตตานี(G1) 88 ถ.อุดมวิถี ต.อาเนาะรู อ.เมืองปัตตานี จ.ปัตตานี 94000,94000
T092B030B103G262,ธนาคารออมสิน,สาขาปัตตานี(G2) 88 ถ.อุดมวิถี ต.อาเนาะรู อ.เมืองปัตตานี จ.ปัตตานี 94000,94000
T009B030BE94G262,ธนาคารออมสิน,7-Eleven สาขาเจริญประดิษฐ์ซอย1(3963) 45 ถ.เจริญประดิษฐ์ ต.รูสะมิแล อ.เมืองปัตตานี จ.ปัตตานี 94000,94000
T032B030BE21G262,ธนาคารออมสิน,ตลาดลาว  ถ.ตากวน-หากทรายทอง ต.มาบตาพุด อ.เมืองระยอง จ.ระยอง 21150,21150
T092B030B750G262,ธนาคารออมสิน,สาขาตลาดยิ่งเจริญ(G2) 651 หมู่ที่ 7 ถ.พหลโยธิน แขวงอนุสาวรีย์ เขตบางเขน กรุงเทพฯ 10220,10220
T027B030BE94G262,ธนาคารออมสิน,หน่วยให้บริการกะพ้อ(G1) ที่ว่าการอำเภอกะพ้อ หมู่ที่ 2 ต.กะรุบี อ.กะพ้อ จ.ปัตตานี 94230,94230
T091B030B358G262,ธนาคารออมสิน,สาขาเบตง(G1) 24 ถ.จันทโรทัย ต.เบตง อ.เบตง จ.ยะลา 95110,95110
T008B030BE95G262,ธนาคารออมสิน,บ้านเลขที่ 52/2 ม.1 ต.ธารโต อ.ธารโต จ.ยะลา  52/2 ม.1 ต.ธารโต อ.ธารโต จ.ยะลา 95150,95150
T091B030B074G262,ธนาคารออมสิน,สาขาบันนังสตา(G1) 85/7 ถ.สุขยางค์ ต.บันนังสตา อ.บันนังสตา จ.ยะลา 95130,95130
T092B030B079G262,ธนาคารออมสิน,สาขาอ่างทอง(G2) 50/2 หมู่ที่ 2 ต.ตลาดหลวง อ.เมือง จ.อ่างทอง 14000,14000
T038B030BE21G262,ธนาคารออมสิน,อาคารธนาคารชุมชน ต.นาตาขวัญ 59 ม.1 ต.นาตาขวัญ อ.เมือง จ.ระยอง 21000,21000
T091B030B445G262,ธนาคารออมสิน,สาขาเตาปูน(G1) 416/8-9 ถ.ประชาราษฎร์ สาย 2 แขวงบางซื่อ เขตบางซื่อ กรุงเทพฯ 10800,10800
T015B030BE95G262,ธนาคารออมสิน,7-Eleven สาขาจารูพัฒนา 2 (13120) 1115 ต.สะเตง อ.เมือง จ.ยะลา 95000,95000
T091B030B642G262,ธนาคารออมสิน,สาขาเดอะมอลล์ บางแค(G1) ห้องเลขที่ 3S-F8-F9 ชั้น 3 ศูนย์การค้าเดอะมอลล์ บางแค เลขที่ 518 ถ.เพชรเกษม แขวงบางแคเหนือ เขตบางแค กรุงเทพฯ 10160,10160
T092B030B451G262,ธนาคารออมสิน,สาขาท่าพระ(G2) 31/14-16 ถ.จรัญสนิทวงศ์ แขวงวัดท่าพระ เขตบางกอกใหญ่ กรุงเทพฯ 10600,10600
T015B030BE96G262,ธนาคารออมสิน,7-Eleven สาขาสถิตย์รายา (8330) 7/11-12 ถนนสถิตย์รายา ตำบลบางนาค อำเภอเมือง จังหวัดนราธิวาส 96000,96000
T023B030BE96G262,ธนาคารออมสิน,ร้านค้า โดยคุณยารอด๊ะดราแม  90/4  ม.1 ต.ศาลาใหม่ อ.ตากใบ จ.นราธิวาส 96110,96110
T018B030BE96G262,ธนาคารออมสิน,7-Eleven สาขาโรงเรียนตันหยงมัส (11607) 161 ต.ตันหยงมัส อ.ระแงะ จ.นราธิวาส 96130,96130
T091B030B359G262,ธนาคารออมสิน,สาขาสุไหง โก-ลก(G1) 11 ถ.เทศปฐม ต.สุไหงโก-ลก อ.สุไหงโก-ลก จ.นราธิวาส 96120,96120
T022B030BE96G262,ธนาคารออมสิน,7-Eleven สาขาเจริญเขต (8853) เลขที่ 189 ถนนเจริญเขต ตำบลสุไหงโก-ลก อำเภอสุไหงโก-ลก จังหวัดนราธิวาส 96120,96120
T092B030B051G262,ธนาคารออมสิน,สาขาสระบุรี(G2) 509 ถ.พิชัยรณรงค์สงคราม ต.ปากเพรียว อ.เมืองสระบุรี  จ.สระบุรี 18000,18000
T092B030B130G262,ธนาคารออมสิน,สาขาบ้านแพ้ว(G2) 332/47-49 หมู่ที่ 1 ต.หลักสาม อ.บ้านแพ้ว จ.สมุทรสาคร 74120,74120
T092B030B058G262,ธนาคารออมสิน,สาขาศิริราช(G2) 87 ถ.พรานนก แขวงศิริราช เขตบางกอกน้อย กรุงเทพฯ 10700,10700
T092B030B158G262,ธนาคารออมสิน,สาขาปราณบุรี(G2) 26/2 หมู่ที่ 2 ถ.เพชรเกษม ต.เขาน้อย อ.ปราณบุรี จ.ประจวบคีรีขันธ์ 77120,77120
T092B030B401G262,ธนาคารออมสิน,สาขาคลองจั่น(G2) 72 ถ.เสรีไทย แขวงคลองจั่น เขตบางกะปิ กรุงเทพฯ 10240,10240
T092B030B844G262,ธนาคารออมสิน,"สาขาถนนบางขุนเทียน-ชายทะเล(G2) 569, 571 หมู่บ้านเพชรชายทะเล ถ.บางขุนเทียน-ชายทะเล แขวงแสมดำ เขตบางขุนเทียน กรุงเทพฯ 10150",10150
T007B030BE13G262,ธนาคารออมสิน,7-Eleven สาขาดีคอนโด (เชียงราก) (14380) ต.คลองหนึ่ง อ.คลองหลวง จ.ปทุมธานี 12120,12120
T092B030B824G262,ธนาคารออมสิน,สาขาหินกอง(G2) 203 หมู่ที่ 8 ต.ห้วยทราย อ.หนองแค จ.สระบุรี 18230,18230
T091B030B824G262,ธนาคารออมสิน,สาขาหินกอง(G1) 203 หมู่ที่ 8 ต.ห้วยทราย อ.หนองแค จ.สระบุรี 18230,18230
T091B030B406G262,ธนาคารออมสิน,สาขาปะทิว(G1) 51/6 หมู่ที่ 7 ถ.เจริญรัฐ ต.บางสน อ.ปะทิว จ.ชุมพร 86160,86160
T068B030BE77G262,ธนาคารออมสิน,ตลาดโต้รุ่งเทศบาลตำบลปากน้ำปราณ 1 หมู่ 2 ถ.ผาสุกรนิช ต.ปากน้ำปราณ อ.ปราณบุรี จ.ประจวบคีรีขันธ์,77220
T019B030BE77G262,ธนาคารออมสิน,หน่วยให้บริการแลกเปลี่ยนเงินตราต่างประเทศ สาขามาร์เก็ตวิลเลจ หัวหิน 234/1 ถ.เพชรเกษม ต.หัวหิน อ.หัวหิน จ.ประจวบคีรีขันธ์ 77110,77110
T735B030BE10G262,ธนาคารออมสิน,บ้านนายรักษา 569 ซ.อนามัยงามเจริญ 27 แขวงท่าข้าม เขตบางขุนเทียน จ.กรุงเทพฯ 10150,10150
T091B030B855G262,ธนาคารออมสิน,สาขาศูนย์การค้ากรีนเพลส พลาซา(G1) ชั้น 1 ห้องเลขที่ 106 ศูนย์การค้ากรีนเพลส พลาซา เลขที่ 88/8 ซ.จันทน์ 43 แขวงบางโคล่ เขตบางคอแหลม กรุงเทพฯ 10120,10120
T091B030B827G262,ธนาคารออมสิน,สาขาพะโต๊ะ(G1) 261/2 หมู่ที่ 8 ต.พะโต๊ะ อ.พะโต๊ะ จ.ชุมพร 86180,86180
T092B030B622G262,ธนาคารออมสิน,สาขาเกาะช้าง(G2) 23/10 หมู่ที่ 4 บ้านคลองพร้าว ต.เกาะช้าง อ.เกาะช้าง จ.ตราด 23170,23170
T091B030B460G262,ธนาคารออมสิน,สาขาวงเวียนสระแก้ว(G1) 226/36-38 ถ.นารายณ์มหาราช ต.ทะเลชุบศร อ.เมืองลพบุรี จ.ลพบุรี 15000,15000
T092B030B435G262,ธนาคารออมสิน,สาขาบางคอแหลม(G2) 2350/22 ถ.เจริญกรุง แขวงบางคอแหลม เขตบางคอแหลม กรุงเทพฯ 10120,10120
T092B030B065G262,ธนาคารออมสิน,สาขาตราด(G2) 81-82 ถ.สุขุมวิท ต.บางพระ อ.เมืองตราด  จ.ตราด 23000,23000
T023B030BE72G262,ธนาคารออมสิน,ร้านผู้ใหญ่ไก่ เลขที่ 5 หมู่ 8 ต.องค์พระ อ.ด่านช้าง จ.สุพรรณบุรี 72180,72180
T051B030BE72G262,ธนาคารออมสิน,7-Eleven สาขาชุมชนทับกระดาน (12096) 96/1 หมู่ 2 ต.บ่อสุพรรณ อ.สองพี่น้อง จ.สุพรรณบุรี 72190,72190
T002B030BE16G262,ธนาคารออมสิน,ร้านค้าชุมชนประชารัฐบ้านข่อย 32 ม.10 ต.บ้านข่อย อ.เมือง จ.ลพบุรี 15000,15000
T092B030B611G262,ธนาคารออมสิน,"สาขาสีลม(G2) 144,144/1 ถ.สีลม แขวงสุริยวงศ์ เขตบางรัก กรุงเทพฯ 10500",10500
T091B030B114G262,ธนาคารออมสิน,สาขาบางนา(G1) 3040-42 ถ.สุขุมวิท แขวงบางนา เขตบางนา  กรุงเทพฯ 10260,10260
T091B030B115G262,ธนาคารออมสิน,สาขาจักรวรรดิ(G1) 327-335 ถ.จักรวรรดิ แขวงจักรวรรดิ เขตสัมพันธวงศ์ กรุงเทพฯ 10100,10100
T091B030B278G262,ธนาคารออมสิน,สาขามัญจาคีรี(G1) 427 ถ.เกษตรวัฒนา ต.กุดเค้า อ.มัญจาคีรี จ.ขอนแก่น 40160,40160
T019B030BE72G262,ธนาคารออมสิน,ปตท.คงทองปิโตเลี่ยม (ปตท.) 115/1 หมู่ 6 ต.อู่ทอง อ.อู่ทอง จ.สุพรรณบุรี 72160,72160
T022B030BE72G262,ธนาคารออมสิน,7-Eleven สาขาปตท.อู่ทอง-ด่านช้าง (8580) เลขที่ 99/299 ม.3 ต.หนองโอ่ง อ.อู่ทอง จ.สุพรรณบุรี 72160,72160
T092B030B779G262,ธนาคารออมสิน,9/9 ถ.สาทรใต้ แขวงยานนาวา เขตสาทร จ.กรุงเทพฯ 10120,10120
T091B030B779G262,ธนาคารออมสิน,อาคารแอทสาทร ชั้น G เลขที่ 9/9 ถนนสาทรใต้ แขวงยานนาวา เขตสาทร กรุงเทพมหานคร 10120 โทร. 0 2648 3288 9,10120
T091B030B934G262,ธนาคารออมสิน,สาขาออล ซีซั่นส์ เพลส(G1) ห้องเลขที่ 215A ชั้น 2 อาคารซีอาร์ซี ทาวเวอร์ เลขที่ 87 ถ.วิทยุ แขวงลุมพินี เขตปทุมวัน กรุงเทพฯ 10330,10330
T091B030B433G262,ธนาคารออมสิน,สาขาเจริญผล(G1) 1210-1212 ถ.บรรทัดทอง แขวงวังใหม่ เขตปทุมวัน กรุงเทพฯ 10330,10330
T091B030B061G262,ธนาคารออมสิน,สาขาบ้านไผ่(G1) 713 ถ.เจนจบทิศ ต.ในเมือง อ.บ้านไผ่ จ.ขอนแก่น 40110,40110
T091B030B485G262,ธนาคารออมสิน,สาขาด่านช้าง 470 ถ. สามชุก-ด่านช้าง ต. ด่านช้าง อ. ด่านช้าง สุพรรณบุรี 72180,72180
T091B030B718G262,ธนาคารออมสิน,สาขาการไฟฟ้าฝ่ายผลิตบางกรวย(G1) 6/6-7 หมู่ที่ 1 ถ.บางกรวย-ไทรน้อย ต.บางกรวย อ.บางกรวย จ.นนทบุรี 11130,11130
T091B030B280G262,ธนาคารออมสิน,สาขามะลิวัลย์ 180/1 หมู่ที่ 16 ถ.มะลิวัลย์ ต.ในเมือง อ.เมืองขอนแก่น จ.ขอนแก่น 40000,40000
T091B030B121G262,ธนาคารออมสิน,สาขาบ้านแพรก(G1) 59 หมู่ที่ 2  ถ.บ้านแพรก ต.สำพะเนียง อ.บ้านแพรก จ.พระนครศรีอยุธยา 13240,13240
T093B030B867G262,ธนาคารออมสิน,หน่วยให้บริการเทศบาลแพรกษา(G1) 999/995 หมู่ 6 ซอยรักพันธ์ดี 11/1 ถนนพุทธรักษา ต.แพรกษา อ.เมือง จ.สมุทรปราการ 10280,10280
T091B030B178G262,ธนาคารออมสิน,สาขาบ้านนา(G1) 24 หมู่ที่ 5 ถ.สุวรรณศร ต.บ้านนา อ.บ้านนา จ.นครนายก 26110,26110
T091B030B163G262,ธนาคารออมสิน,สาขาแก่งคอย(G1) 236 ถ.สุดบรรทัด ต.แก่งคอย อ.แก่งคอย จ.สระบุรี 18110,18110
T091B030B159G262,ธนาคารออมสิน,สาขาบางคล้า(G1) 94 ถ.ระเบียบกิจอนุสรณ์ ต.บางคล้า อ.บางคล้า จ.ฉะเชิงเทรา 24110,24110
T091B030B181G262,ธนาคารออมสิน,สาขาบ้านบึง(G1) 24 ถ.วิฑูรย์ดำริ ต.บ้านบึง อ.บ้านบึง จ.ชลบุรี 20170,20170
T091B030B408G262,ธนาคารออมสิน,สาขาเพ(G1) 232/1 หมู่ 2 ถ.เพ-แกลง ต.เพ อ.เมือง จ.ระยอง 21160,21160
T091B030B473G262,ธนาคารออมสิน,สาขาวิเชียรบุรี(G1) 908 หมู่ 13 ถ. บุศราคัม ต. ท่าโรง อ. วิเชียรบุรี จ.เพชรบูรณ์ 67130,67130
T092B030B037G262,ธนาคารออมสิน,สาขาถนนเพชรบุรี เครื่องที่ 1(G2) 1089/2-3 ถ.เพชรบุรีตัดใหม่ แขวงมักกะสัน เขตราชเทวี กรุงเทพฯ 10400,10400
T091B030B157G262,ธนาคารออมสิน,สาขาบางสะพาน(G1) 167/10 ถ.ชายทะเลเพชรเกษม ต.กำเนิดนพคุณ อ.บางสะพาน จ.ประจวบคีรีขันธ์ 77140,77140
T093B030B446G262,ธนาคารออมสิน,สาขาพร้อมพงษ์(G3) 659 ถ.สุขุมวิท ปากซอยสุขุมวิท 39 แขวงคลองตันเหนือ เขตวัฒนา กรุงเทพฯ 10110,10110
T092B030B169G262,ธนาคารออมสิน,สาขาบ้านหมี่(G2) 61 ถ.เทศบาล ต.บ้านหมี่ อ.บ้านหมี่ จ.ลพบุรี 15110,15110
T091B030B601G262,ธนาคารออมสิน,สาขาหนองม่วง(G1) 535 หมู่ที่ 1 ต.หนองม่วง อ.หนองม่วง จ.ลพบุรี 15170,15170
T091B030B087G262,ธนาคารออมสิน,สาขาอุทัยธานี(G1) 220/1 ถ.ท่าช้าง ต.อุทัยใหม่ อ.เมืองอุทัยธานี จ.อุทัยธานี 61000,61000
T091B030B421G262,ธนาคารออมสิน,สาขาสวรรค์วิถี(G1) 310/12 ถ.สวรรค์วิถี ต.ปากน้ำโพ อ.เมืองนครสวรรค์ จ.นครสวรรค์ 60000,60000
T091B030B441G262,ธนาคารออมสิน,สาขาห้วยขวาง(G1) 2000/2 ถ.ประชาสงเคราะห์ แขวงดินแดง เขตดินแดง กรุงเทพฯ 10400,10400
T091B030B510G262,ธนาคารออมสิน,"สาขาสาธุประดิษฐ์(G1) 604/128,134 ถ.สาธุประดิษฐ์ แขวงบางโพงพาง เขตยานนาวา กรุงเทพฯ 10120",10120
T092B030B510G262,ธนาคารออมสิน,"สาขาสาธุประดิษฐ์(G2) 604/128,134 ถ.สาธุประดิษฐ์ แขวงบางโพงพาง เขตยานนาวา กรุงเทพฯ 10120",10120
T091B030B553G262,ธนาคารออมสิน,สาขาประตูชุมพล(G1) 8 ถ.มหาดไทย ต.ในเมือง อ.เมืองนครราชสีมา จ.นครราชสีมา 30000,30000
T091B030B660G262,ธนาคารออมสิน,สาขาโคกกรวด(G1) 42 หมู่ที่ 6 ต.โคกกรวด อ.เมืองนครราชสีมา จ.นครราชสีมา 30280,30280
T091B030B060G262,ธนาคารออมสิน,สาขาปากช่อง(G1) 558 ถ.มิตรภาพ ต.ปากช่อง อ.ปากช่อง จ.นครราชสีมา 30130,30130
T091B030B920G262,ธนาคารออมสิน,สาขาบิ๊กซีรังสิต 2(G1) ห้องเลขที่ GCR 117 บริเวณภายในอาคารชั้น 1 ชั้นที่ G-IN ศูนย์การค้าบิ๊กซี ซูเปอร์เซ็นเตอร์ สาขารังสิต 2 เลขที่ 70/1 หมู่ที่ 15 ถ.พหลโยธิน ต.คูคต อ.ลำลูกกา จ.ปทุมธานี 12130,12130
T092B030B745G262,ธนาคารออมสิน,สาขาเซ็นทรัล ปิ่นเกล้า เครื่องที่ 2(G2) ชั้น 4 ห้องเลขที่ 405 ศูนย์การค้าเซ็นทรัลพลาซา ปิ่นเกล้า  เลขที่ 7/222 ถนนบรมราชชนนี แขวงอรุณอมรินทร์ เขตบางกอกน้อย กรุงเทพฯ 10700,10700
T091B0301069G262,ธนาคารออมสิน,สาขาโรบินสัน เพชรบุรี(G1) ห้อง RR-218 ชั้น 2F 162 หมู่ 1 ต.สมอพลือ อ.บ้านลาด จ.เพชรบุรี 76150,76150
T091B030B897G262,ธนาคารออมสิน,สาขาตลาดพูนทรัพย์(G1) ตลาดพูนทรัพย์ พื้นที่โซน A เลขที่ 136/8-3 หมู่ที่ 2 ต.บ้านกลาง อ.เมืองปทุมธานี จ.ปทุมธานี 12000,12000
T091B030B623G262,ธนาคารออมสิน,สาขาเดอะมอลล์ นครราชสีมา เครื่องที่ 2(G1) 1424/2 ถ.มิตรภาพ ต.ในเมือง อ.เมือง จ.นครราชสีมา 30000,30000
T091B030B578G262,ธนาคารออมสิน,สาขาคลอง 10 ธัญบุรี(G1) 42/2 หมู่ 4 ถ.รังสิต-นครนายก ต.บึ่งสนั่น อ.ธัญบุรี จ.ปทุมธานี 12110,12110
T091B030B029G262,ธนาคารออมสิน,สาขาชัยนาท(G1) 60/18 ถ.วงษ์โต ต.ในเมือง อ.เมืองชัยนาท จ.ชัยนาท 17000,17000
T091B030B360G262,ธนาคารออมสิน,สาขาตากใบ(G1) 19 หมู่ที่ 3 ถ.ป้องนรภัย ต.เจ๊ะเห อ.ตากใบ จ.นราธิวาส 96110,96110
T091B030B007G262,ธนาคารออมสิน,สาขาสงขลา(G1) 11 ถ.สายบุรี ต.บ่อยาง อ.เมือง จ.สงขลา 90000,90000
T093B0301009G262,ธนาคารออมสิน,ศูนย์บริการถนนห้วยแก้ว(G3) 9 ถ.ห้วยแก้ว ต.สุเทพ อ.เมือง จ.เชียงใหม่ 50200,50200
T025B030BE58G262,ธนาคารออมสิน,หน่วยให้บริการแลกเปลี่ยนเงินตราต่างประเทศปาย 85/3 หมู่ 1 ถ.ชัยสงคราม ต.เวียงใต้ อ.ปาย จ.แม่ฮ่องสอน 58130,58130
T091B030B293G262,ธนาคารออมสิน,สาขาโพนพิสัย(G1) 66 หมู่ที่ 13  ถ.พิสัยสรเดช ต.จุมพล อ.โพนพิสัย จ.หนองคาย 43120,43120
T091B030B287G262,ธนาคารออมสิน,สาขาเกษตรวิสัย(G1) 447 ถ.ปัทมานนท์ ต.เมือง อ.เกษตรวิสัย จ.ร้อยเอ็ด 45150,45150
T091B030B388G262,ธนาคารออมสิน,สาขานากลาง(G1) 209 ถ.อุดรธานี-เลย ต.นากลาง อ.นากลาง จ.หนองบัวลำภู 39170,39170
T091B0301049G262,ธนาคารออมสิน,สาขานาวัง(G1) 234 หมู่ที่ 1 ถ.อุดรธานี-เลย ต.นาเหล่า อ.นาวัง จ.หนองบัวลำภู 39170,39170
T091B030B549G262,ธนาคารออมสิน,สาขาบางโพงพาง(G1) 247/1-3 ซอยประดู่ 1 ถ.สาธุประดิษฐ์ แขวงบางโพงพาง เขตยานนาวา กรุงเทพฯ 10120,10120
T091B030B382G262,ธนาคารออมสิน,สาขาสะบ้าย้อย(G1) 29 ถ.ราษฎร์บำรุง ต.สะบ้าย้อย อ.สะบ้าย้อย จ.สงขลา 90210,90210
T091B0301025G262,ธนาคารออมสิน,สาขากาดลำพูนจตุจักร(G1) 381/4-5 ต.ป่าสัก อ.เมืองลำพูน จ.ลำพูน 51000,51000
T092B030B598G262,ธนาคารออมสิน,สาขาเซ็นทรัล เชียงใหม่ แอร์พอร์ต(G2) จุดที่ 2 ชั้น G และชั้น 3 เลขที่ 194/2 ถ.มหิดล ต.หายยา อ.เมืองเชียงใหม่ จ.เชียงใหม่ 50100,50100
T091B030B414G262,ธนาคารออมสิน,สาขาสมเด็จ(G1) 165 ถ.ถีนานนท์ ต.สมเด็จ อ.สมเด็จ จ.กาฬสินธุ์ 46150,46150
T091B030B629G262,ธนาคารออมสิน,สาขากรมการกงสุล(G1) 123 ชั้น 2 อาคารกรมการกงสุล ถ.แจ้งวัฒนะ แขวงทุ่งสองห้อง เขตหลักสี่ กรุงเทพฯ 10210,10210
T091B0301057G262,ธนาคารออมสิน,สาขามาบุญครอง(G1) ศูนย์การค้า เอ็ม บี เค เซ็นเตอร์ ชั้น 4 ห้องเลขที่ PLA.F04.D002000 444 ถ.พญาไท แขวงวังใหม่ เขตปทุมวัน กรุงเทพฯ 10330,10330
T138B030BE10G262,ธนาคารออมสิน,สำนักงานใหญ่ อาคาร 4  470 ถ. พหลโยธิน แขวงสามเสนใน เขตพญาไท กรุงเทพมหานคร 10400,10400
T091B0301075G262,ธนาคารออมสิน,สาขานาหลวง(G1) 289 หมู่ 5 ต.ปากนคร อ.เมือง จ.นครศรีธรรมราช 80000,80000
T091B0301067G262,ธนาคารออมสิน,สาขาเขาพนม(G1) 371/11-12 ถ.เหนือคลอง-ชัยบุรี ต.เขาพนม อ.เขาพนม จ.กระบี่ 81140,81140
T091B030B397G262,ธนาคารออมสิน,สาขาบวกครกหลวง(G1) 4 หมู่ที่ 5 ต.ท่าศาลา อ.เมืองเชียงใหม่ จ.เชียงใหม่ 50000,50000
T091B030B707G262,ธนาคารออมสิน,สาขามีโชคพลาซ่า(G1) ห้อง F1 TS1-F1 TS2 ชั้น 1 โครงการมีโชคพลาซ่า เลขที่ 206หมู่ที่ 6 ถ.เชียงใหม่-พร้าว ต.ฟ้าฮ่าม อ.เมืองเชียงใหม่ จ.เชียงใหม่ 50000,50000
T091B030B430G262,ธนาคารออมสิน,สาขาหนองหอย(G1) 330/12-13 ถ.เชียงใหม่-ลำพูน ต.วัดเกต อ.เมืองเชียงใหม่ จ.เชียงใหม่ 50000,50000
T092B030B430G262,ธนาคารออมสิน,สาขาหนองหอย(G2) 330/12-13 ถ.เชียงใหม่-ลำพูน ต.วัดเกต อ.เมืองเชียงใหม่ จ.เชียงใหม่ 50000,50000
T092B030B529G262,ธนาคารออมสิน,สาขาถนนทิพย์เนตร(G2) 96 ถ.ทิพย์เนตร ต.หายยา อ.เมืองเชียงใหม่ จ.เชียงใหม่ 50100,50100
T091B030B290G262,ธนาคารออมสิน,สาขาพนมไพร(G1) 43/2 หมู่ที่ 6 ถ.พนมไพรพิทักษ์ ต.พนมไพร อ.พนมไพร จ.ร้อยเอ็ด 45140,45140
T091B030B403G262,ธนาคารออมสิน,สาขาคลองตัน(G1) 219-221 ถ.พัฒนาการ แขวงสวนหลวง เขตสวนหลวง กรุงเทพฯ 10250,10250
T091B030B494G262,ธนาคารออมสิน,สาขาคุระบุรี(G1) 419 หมู่ 8 ต.คุระ อ.คุระบุรี จ.พังงา 82150,82150
T091B030B756G262,ธนาคารออมสิน,สาขาบิ๊กซี หางดง(G1) ภายในศูนย์การค้าบิ๊กซีซูปเปอร์เซ็นเตอร์ บริเวณชั้น 1 ห้องเลขที่ GCR129/1 เลขที่ 433/4-5 หมู่ที่ 7 ต.แม่เหียะ อ.เมืองเชียงใหม่ จ.เชียงใหม่ 50100,50100
T091B030B003G262,ธนาคารออมสิน,สาขาเชียงใหม่ (เครื่อง ATM เก็บในห้องของสาขา) ติดแทนเครื่อง ADM เดิม(G1) 18-24 ถ.ท่าแพ ต.ช้างม่อย อ.เมืองเชียงใหม่ จ.เชียงใหม่ 50300,50300
T091B0301019G262,ธนาคารออมสิน,สาขาบ้านใหม่ไชยพจน์(G1) 182 หมู่ 1- ต.หนองแวง อ.บ้านใหม่ไชยพจน์ จ.บุรีรัมย์ 31120,31120
T092B030B096G262,ธนาคารออมสิน,สาขาบุรีรัมย์(G2) 21 ถ.ธานี ต.ในเมือง อ.เมืองบุรีรัมย์ จ.บุรีรัมย์ 31000,31000
T091B030B969G262,ธนาคารออมสิน,สาขาไอเพลสนิคมอุตสาหกรรมลาดกระบัง(G1) ห้องเลขที่ B3-B4 ชั้น 2 ศูนย์การค้าไอเพลส นิคมอุตสาหกรรมลาดกระบัง เลขที่ 1 ซ.ฉลองกรุง31 ถ.ฉลองกรุง แขวงลำปลาทิว เขตลาดกระบัง กรุงเทพฯ 10520,10520
T091B030B538G262,ธนาคารออมสิน,สาขาปฐมพร(G1) 229 ม.9 ถ.ชุมพร-วังไผ่ ต.วังไผ่ อ.เมือง จ.ชุมพร 86190,86190
T091B030B341G262,ธนาคารออมสิน,สาขาท่าชนะ(G1) 393 หมู่ที่ 4 ถนนวิชิตภักดี อ.ท่าชนะ จ.สุราษฎร์ธานี 84170,84170
T091B030B853G262,ธนาคารออมสิน,สาขาบ้านโฮ่ง(G1) 115/1 หมู่ที่ 1 บ้านห้วยกาน ต.บ้านโฮ่ง อ.บ้านโฮ่ง จ.ลำพูน 51130,51130
T092B030B853G262,ธนาคารออมสิน,สาขาบ้านโฮ่ง(G2) 115/1 หมู่ที่ 1 บ้านห้วยกาน ต.บ้านโฮ่ง อ.บ้านโฮ่ง จ.ลำพูน 51130,51130
T091B030B894G262,ธนาคารออมสิน,สาขากลางดง(G1) 461/3-4 หมู่ที่ 12 ถ.มิตรภาพ ต.กลางดง อ.ปากช่อง จ.นครราชสีมา 30320,30320
T092B030B894G262,ธนาคารออมสิน,สาขากลางดง(G2) 461/3-4 หมู่ที่ 12 ถ.มิตรภาพ ต.กลางดง อ.ปากช่อง จ.นครราชสีมา 30320,30320
T091B0301064G262,ธนาคารออมสิน,สาขาเทอร์มินอล 21 โคราช(G1) ห้องที่ 2040 ชั้น 2 เลขที่ 99 ถ.มิตรภาพ-หนองคาย ต.ในเมือง อ.เมือง จ.นครราชสีมา 30000,30000
T091B030B830G262,ธนาคารออมสิน,สาขาหนองบุญมาก(G1) 245 หมู่ที่ 6 ต.หนองหัวแรต อ.หนองบุญมาก จ.นครราชสีมา 30410,30410
T091B030B965G262,ธนาคารออมสิน,สาขาเดอะซีน ทาวน์ อิน ทาวน์(G1) ห้องเลขที่ A223 ศูนย์การค้าเดอะซีน ทาวน์ อิน ทาวน์ ถ.ศรีวรา แขวงพลับพลา เขตวังทองหลาง กรุงเทพฯ 10310,10310
T265B030BE10G262,ธนาคารออมสิน,เทสโก้ โลตัส เอ็กซ์เพรส สาขาเฉลิมพระเกียรติ 87 กรุงเทพ (2969) 417/7 ถ.เฉลิมพระเกียรติ ร.9 แขวงประเวศ จ.กรุงเทพฯ 10250,10250
T091B030B452G262,ธนาคารออมสิน,สาขาจรัญสนิทวงศ์(G1) 180/13-15 ถนนจรัญสนิทวงศ์ แขวงบ้านช่องหล่อ เขตบางกอกน้อย กรุงเทพฯ 10700,10700
T091B030B259G262,ธนาคารออมสิน,สาขาเดชอุดม(G1) 49 หมู่ที่ 24 ถ.ประชา ต.เมืองเดช อ.เดชอุดม จ.อุบลราชธานี 34160,34160
T091B030B835G262,ธนาคารออมสิน,สาขาถนนสถลมาร์ค(G1) 270 หมู่ที่ 4 ต.แสนสุข อ.วารินชำราบ จ.อุบลราชธานี 34190,34190
T092B030B794G262,ธนาคารออมสิน,"สาขาม่วงสามสิบ(G2) 246/5, 246/7, 474 หมู่ที่ 5 ถ.ชยางกูร ต.ม่วงสามสิบ อ.ม่วงสามสิบ จ.อุบลราชธานี 34140",34140
T091B030B537G262,ธนาคารออมสิน,สาขาเชียงแสน(G1) 718 หมู่ 3 ถ. พหลโยธิน ต. เวียง อ. เชียงแสน จ.เชียงราย 57150,57150
T092B030B056G262,ธนาคารออมสิน,สาขาเชียงราย(G2) 513 ถ.ธนาลัย ต.เวียง อ.เมืองเชียงราย จ.เชียงราย 57000,57000
T091B0301074G262,ธนาคารออมสิน,สาขาร่องขุน(G1) 254 หมู่ที่ 3 ต.ป่าอ้อดอนชัย อ.เมืองเชียงราย จ.เชียงราย 57000,57000
T091B030B678G262,ธนาคารออมสิน,สาขามหาวิทยาลัยแม่ฟ้าหลวง(G1) 333 หมู่ที่ 1 ต.ท่าสุด อ.เมืองเชียงราย จ.เชียงราย 57100,57100
T092B030B841G262,ธนาคารออมสิน,สาขาเวียงเชียงรุ้ง(G2) 236 หมู่ที่ 12 ต.ทุ่งก่อ อ.เวียงเชียงรุ้ง จ.เชียงราย 57350,57350
T092B030B089G262,ธนาคารออมสิน,สาขาพะเยา(G2) 20 ถ.ท่ากว๊าน ต.เวียง อ.เมืองพะเยา จ.พะเยา 56000,56000
T091B030B495G262,ธนาคารออมสิน,สาขาดอกคำใต้(G1) 106 หมู่ที่ 3 ต.บุญเกิด อ.ดอกคำใต้ จ.พะเยา 56120,56120
T091B030B419G262,ธนาคารออมสิน,สาขาจุน(G1) 92 หมู่ที่ 4 ต.ห้วยข้าวก่ำ อ.จุน จ.พะเยา 56150,56150
T091B030B302G262,ธนาคารออมสิน,สาขานาแก(G1) 443หมู่ที่ 4 ถ.จันทวงศ์ ต.นาแก อ.นาแก จ.นครพนม 48130,48130
T091B030B297G262,ธนาคารออมสิน,สาขาวานรนิวาส(G1) 353หมู่ที่ 4  ถ.เดื่อเจร ต.วานรนิวาส อ.วานรนิวาส จ.สกลนคร 47120,47120
T091B030B574G262,ธนาคารออมสิน,สาขานาจะหลวย(G1) 1/1หมู่ 11 ต.นาจะหลวย อ.นาจะหลวย จ.อุบลราชธานี 34280,34280
T091B030B367G262,ธนาคารออมสิน,สาขาวัฒนานคร(G1) 1046-1047 ถ.สุวรรณศร ต.วัฒนานคร อ.วัฒนานคร จ.สระแก้ว 27160,27160
T091B0301037G262,ธนาคารออมสิน,"สาขาเซ็นทรัลพลาซา ระยอง(G1) 99,99/1 ถ.บางนา - ตราด ต.เชิงเนิน อ.เมือง จ.ระยอง 21000",21000
T092B030B717G262,ธนาคารออมสิน,สาขาห้างนราไฮเปอร์มาร์ท(G2) ห้างนราไฮเปอร์มาร์ท เลขที่ 155 ถ.สุมนเทวราช ต.ในเวียง อ.เมืองน่าน จ.น่าน 55000,55000
T092B030B027G262,ธนาคารออมสิน,สาขาแพร่(G2) 76 ถ.เจริญเมือง ต.ในเวียง อ.เมืองแพร่ จ.แพร่ 54000,54000
T092B030B604G262,ธนาคารออมสิน,สาขาถนนชยางกูร(G2) 779/7-8 ถ.ชยางกูร ต.ในเมือง อ.เมืองอุบลราชธานี จ.อุบลราชธานี  34000,34000
T091B030B502G262,ธนาคารออมสิน,สาขาแม่ทะ(G1) 23 หมู่ 3 ถ.แม่ทะ-ลำปาง ต. นาครัว อ. แม่ทะ จ.ลำปาง 52150,52150
T091B030B227G262,ธนาคารออมสิน,สาขาเถิน(G1) 129 หมู่ที่ 3 ถ.เถินบุรี ต.ล้อมแรด อ.เถิน จ.ลำปาง 52160,52160
T091B030B474G262,ธนาคารออมสิน,สาขาน้ำปาด(G1) 26/3 หมู่ 4 ถ. เพชรานุรักษ์ ต. แสนตอ อ. น้ำปาด จ.อุตรดิตถ์ 53110,53110
T092B030B374G262,ธนาคารออมสิน,สาขาเขมราฐ(G2) 50 ถ.อรุณประเสริฐ ต.เขมราฐ อ.เขมราฐ จ.อุบลราชธานี 34170,34170
T091B030B467G262,ธนาคารออมสิน,สาขาขุนหาญ(G1) 52/2 ถ. ขุนหาญ-พยุห์ ต. สิ อ. ขุนหาญ จ.ศรีสะเกษ 33150,33150
T091B030B539G262,ธนาคารออมสิน,สาขาขุขันธ์(G1) 766 หมู่ 6 ถ. ขุขันธ์-ศรีสะเกษ ต. ห้วยเหนือ อ. ขุขันธ์ จ.ศรีสะเกษ 33140,33140
T091B030B780G262,ธนาคารออมสิน,สาขาพญาไท(G1) อาคาร ซี.พี.ทาวเวอร์ 3 (พญาไท) ห้องเลขที่ A201-202 ชั้น 2 อาคาร A เลขที่ 34 ถ.พญาไท แขวงทุ่งพญาไท เขตราชเทวี กรุงเทพฯ 10400,10400
T092B030B780G262,ธนาคารออมสิน,สาขาพญาไท(G2) อาคาร ซี.พี.ทาวเวอร์ 3 (พญาไท) ห้องเลขที่ A201-202 ชั้น 2 อาคาร A เลขที่ 34 ถ.พญาไท แขวงทุ่งพญาไท เขตราชเทวี กรุงเทพฯ 10400,10400
T091B030B488G262,ธนาคารออมสิน,สาขาสากเหล็ก(G1) 282/9 หมู่ 1 ถ.วังทอง-เขาทราย ต.สากเหล็ก อ.สากเหล็ก จ.พิจิตร 66160,66160
T091B030B368G262,ธนาคารออมสิน,สาขาท่าช้าง(G1) 2/1 หมู่ที่ 6 ต.ถอนสมอ อ.ท่าช้าง จ.สิงห์บุรี 16140,16140
T091B030B262G262,ธนาคารออมสิน,สาขาศีขรภูมิ(G1) 52 หมู่ที่ 2 ถ.เทพนิมิตร ต.ระแงง อ.ศีขรภูมิ จ.สุรินทร์ 32110,32110
T091B0301070G262,ธนาคารออมสิน,สาขาจอมพระ(G1) 50 หมู่ 4 ต.จอมพระ อ.จอมพระ จ.สุรินทร์ 32180,32180
T091B030B268G262,ธนาคารออมสิน,สาขานางรอง(G1) 371 ถ.โชคชัย-เดชอุดม ต.นางรอง อ.นางรอง จ.บุรีรัมย์ 31110,31110
T091B030B119G262,ธนาคารออมสิน,สาขาท่าเรือ (อยุธยา)(G1) 52 ถ.ท่าเรือ-พระพุทธบาท ต.ท่าเรือ อ.ท่าเรือ จ.พระนครศรีอยุธยา 13130,13130
T092B030B671G262,ธนาคารออมสิน,สาขาแก้งสนามนาง(G2) 52 หมู่ที่ 9 ถ.นิเวศน์รัตน์ ต.แก้งสนามนาง อ.แก้งสนามนาง จ.นครราชสีมา 30440,30440
T091B030B709G262,ธนาคารออมสิน,สาขาห้วยแถลง(G1) 58/3 หมู่ที่ 1 ต.ห้วยแถลง อ.ห้วยแถลง จ.นครราชสีมา 30240,30240
T092B030B709G262,ธนาคารออมสิน,สาขาห้วยแถลง(G2) 58/3 หมู่ที่ 1 ต.ห้วยแถลง อ.ห้วยแถลง จ.นครราชสีมา 30240,30240
T091B0301034G262,ธนาคารออมสิน,สาขาสยามพารากอน(G1) 991 ถ.พระราม 1 แขวงปทุมวัน เขตปทุมวัน กรุงเทพมหานคร 10330,10330
T091B0301018G262,ธนาคารออมสิน,สาขาโรบินสัน สมุทรปราการ(G1) ห้องเลขที่ 302 ถ.สุขุมวิท ต.ท้ายบ้านใหม่ อ.เมือง จ.สมุทรปราการ 10280,10280
T091B030B632G262,ธนาคารออมสิน,สาขาฟิวเจอร์พาร์ค สาขารังสิต(G1) 94 ถ.พหลโยธิน ต.ประชาธิปัตย์ อ.ธัญบุรี จ.ปทุมธานี 12130,12130
T008B030BE57G262,ธนาคารออมสิน,บ้านคุณจันทร์ 25 ถ.สันโค้งน้อย ต.รอบเวียง อ.เมือง จ.เชียงราย 57000,57000
T091B030B238G262,ธนาคารออมสิน,สาขาพาน(G1) 2097 หมู่ที่ 1 ต.เมืองพาน อ.พาน จ.เชียงราย 57120,57120
T091B030B890G262,ธนาคารออมสิน,สาขานิคมคำสร้อย(G1) 1 หมู่ที่ 5 ต.นิคมคำสร้อย อ.นิคมคำสร้อย จ.มุกดาหาร 49130,49130
T091B030B961G262,ธนาคารออมสิน,สาขาอากาศอำนวย(G1) 171 หมู่ที่ 1 ถ.ราษฎร์พัฒนา ต.อากาศ อ.อากาศอำนวย จ.สกลนคร 47170,47170
T090B030BE34G262,ธนาคารออมสิน,7-Eleven สาขานาเยีย (13076) ต.นาเยีย อ.นาเยีย จ.อุบลราชธานี 34160,34160
T033B030BE34G262,ธนาคารออมสิน,โรงพยาบาลศรีเมืองใหม่ ถ.อินทนิน ต.นาคำ อ.ศรีเมืองใหม่ จ.อุบลราชธานี 34250,34250
T091B030B247G262,ธนาคารออมสิน,สาขาพิมาย(G1) 292/1 หมู่ที่ 2 ถ.บูชายันต์ ต.ในเมือง อ.พิมาย จ.นครราชสีมา 30110,30110
T091B030B243G262,ธนาคารออมสิน,สาขาเวียงสา(G1) 464 หมู่ที่ 4 ถ.เจ้าฟ้า ต.กลางเวียง อ.เวียงสา จ.น่าน 55110,55110
T042B030BE53G262,ธนาคารออมสิน,ป้อมตำรวจวงเวียนสถานีรถไฟพิชัย ป้อมตำรวจวงเวียนสถานีรถไฟพิชัย กองจัดการเดินรถเขต 3 ตำบล ในเมือง อำเภอพิชัย จ.อุตรดิตถ์ 53120,53120
T091B030B018G262,ธนาคารออมสิน,สาขาพิษณุโลก(G1) 26 ถ.นเรศวร ต.ในเมือง อ.เมืองพิษณุโลก จ.พิษณุโลก 65000,65000
T091B030B561G262,ธนาคารออมสิน,สาขากงไกรลาศ(G1) 66/5 หมู่ที่ 2 ถ.สิงหวัฒน์ ต.บ้านกร่าง อ.กงไกรลาศ จ.สุโขทัย 64170,64170
T091B030B418G262,ธนาคารออมสิน,สาขากันทรารมย์(G1) 85/7 หมู่ที่ 14 ถ.อุบล-ศรีสะเกษ ต.ดูน อ.กันทรารมย์ จ.ศรีสะเกษ 33130,33130
T091B030B263G262,ธนาคารออมสิน,สาขารัตนบุรี(G1) 138 หมู่ที่ 9 ถ.ศรีนคร ต.รัตนบุรี อ.รัตนบุรี จ.สุรินทร์ 32130,32130
T091B030B250G262,ธนาคารออมสิน,สาขาโชคชัย(G1) 149/11 หมู่ที่ 1 ถ.ออมสิน ต.โชคชัย อ.โชคชัย จ.นครราชสีมา 30190,30190
T091B0301050G262,ธนาคารออมสิน,สาขาแพลทินัม(G1) ชั้น 5 ห้องเลขที่ 222/1283-84 เดอะแพลทินัมแฟชั่นมอลล์ เลขที่ 222 ถ.เพชรบุรี แขวงถนนเพชรบุรี เขตราชเทวี กรุงเทพฯ 10400,10400
T091B0301045G262,ธนาคารออมสิน,สาขาโรบินสัน แม่สอด(G1) ชั้น 2 ห้องเลขที่ 204 ห้างสรรพสินค้าโรบินสัน ไลฟ์สไตล์เซ็นเตอร์ แม่สอด เลขที่ 99/115 ถ.สายเอเชีย ต.แม่สอด อ.แม่สอด จ.ตาก 63110,63110
T091B030B775G262,ธนาคารออมสิน,สาขาบ้านตาก(G1) 98 หมู่ที่ 8 ต.ตากตก อ.บ้านตาก จ.ตาก 63120,63120
T091B030B265G262,ธนาคารออมสิน,สาขาภูเขียว(G1) 20/1 หมู่ที่ 1 ถ.ภูเขียว-ชุมแพ ต.ผักปัง อ.ภูเขียว จ.ชัยภูมิ 36110,36110
T028B030BE95G262,ธนาคารออมสิน,หน่วยให้บริการกรงปีนัง(G1) ที่ว่าการอำเภอกรงปินัง หมู่ที่ 3 ต.สะเอะ อ.กรงปินัง จ.ยะลา 95000,95000
T091B030B900G262,ธนาคารออมสิน,สาขาลาดพร้าว 101(G1) ศูนย์การค้าแฮปปี้ อเวนิว ลาดพร้าว 101 อาคารทาวเวอร์ นอร์ท ห้อง บี 5 ชั้น 1 เลขที่ 787/101 ซอยลาดพร้าว 101 (วัดบึงทองหลาง) ถ.ลาดพร้าว แขวงคลองเจ้าคุณสิงห์ เขตวังทองหลาง กรุงเทพฯ 10310,10310
T092B030B442G262,ธนาคารออมสิน,สาขาโชคชัย 4(G2) 1748-1750  ถ.ลาดพร้าว แขวงวังทองหลาง เขตวังทองหลาง กรุงเทพฯ 10310,10310
T092B030B362G262,ธนาคารออมสิน,สาขาปากเกร็ด(G2) 100/19-21 ถ.แจ้งวัฒนะ ต.ปากเกร็ด อ.ปากเกร็ด จ.นนทบุรี 11120,11120
T092B030B866G262,ธนาคารออมสิน,สาขาโฮมโปร นครปฐม (G2) ชั้น 1 อาคาร A ห้องเลขที่ RT-3 ศูนย์การค้าโฮมโปร นครปฐม ถ.เพชรเกษม ต.ห้วยจระเข้ อ.เมืองนครปฐม จ.นครปฐม 73000,73000
T092B030B487G262,ธนาคารออมสิน,สาขาสนามจันทร์(G2) 243/33 ถ.ราชวิถี ต.พระปฐมเจดีย์ อ.เมืองนครปฐม จ.นครปฐม 73000,73000
T007B030BE57G262,ธนาคารออมสิน,7-Eleven สาขาชุมชนหัวฝาย (13691) ต.รอบเวียง อ.เมือง จ.เชียงราย 57000,57000
T006B030BE57G262,ธนาคารออมสิน,ร้านมินิมาร์ท สุทัศน์ มณีกิจ (วิทยาลัยเชียงราย) 11 ตำบล ป่าอ้อดอนไชย ตำบลป่าอ้อดอนไชย อำเภอเมืองเชียงราย เชียงราย 57250,57250
T091B030B668G262,ธนาคารออมสิน,"สาขาหมู่บ้านเมืองเอก(G1) 51/085-1, 51/085-2, 51/085-3 หมู่บ้านเมืองเอก ต.หลักหก อ.เมืองปทุมธานี จ.ปทุมธานี 12000",12000
T091B030B704G262,ธนาคารออมสิน,สาขาวังม่วง(G1) 93 หมู่ 7 ต.คำพราน อ.วังม่วง จ.สระบุรี 18220,18220
T017B030BE18G262,ธนาคารออมสิน,ร้านสินทรัพย์ซุปเปอร์ 201 หมู่ 4 ตำบลหางน้ำสาคร อำเภอมโนรมย์ จังหวัดชัยนาท 17170,17170
T030B030BE57G262,ธนาคารออมสิน,7-Eleven สาขาชุมชนสันตาลเหลือง (14028) ต.ริมกก อ.เมือง จ.เชียงราย 57100,57100
T092B030B469G262,ธนาคารออมสิน,สาขาเจริญนคร(G2) 1411 ถ.เจริญนคร แขวงบางลำภูล่าง เขตคลองสาน กรุงเทพฯ 10600,10600
T091B030B664G262,ธนาคารออมสิน,สาขาเยาวราช(G1) 452 ถ.เยาวราช แขวงสัมพันธวงศ์ เขตสัมพันธวงศ์ กรุงเทพฯ 10100,10100
T091B030B511G262,ธนาคารออมสิน,สาขาถนนจันทน์(G1) 226-228 ถ.จันทน์ แขวงทุ่งวัดดอน เขตสาทร กรุงเทพฯ 10120,10120
T092B030B129G262,ธนาคารออมสิน,สาขากระทุ่มแบน(G2) 1322  ถ.สุคนธวิท ต.ตลาดกระทุ่มแบน อ.กระทุ่มแบน จ.สมุทรสาคร 74110,74110
T091B030B867G262,ธนาคารออมสิน,"สาขานิคมอุตสาหกรรมบางปู(G1) 989, 989/1-3 หมู่ที่ 6 ต.แพรกษา อ.เมืองสมุทรปราการ  จ.สมุทรปราการ 10280",10280
T091B030B225G262,ธนาคารออมสิน,สาขาดอยสะเก็ด(G1) 39 หมู่ที่ 3 ต.เชิงดอย อ.ดอยสะเก็ด จ.เชียงใหม่ 50220,50220
T022B030BE17G262,ธนาคารออมสิน,ตลาดยิ่งรวย  หมู่8 ต.โพชนไก่ อ.บางระจัน จ.สิงห์บุรี 16130,16130
T092B030B434G262,ธนาคารออมสิน,สาขาทุ่งมหาเมฆ(G2) 572/1-2 ถ.สาทรใต้ แขวงทุ่งมหาเมฆ เขตสาทร กรุงเทพฯ 10120,10120
T092B030B809G262,ธนาคารออมสิน,สาขาเทสโก้โลตัส รังสิตคลอง 7(G2) ชั้น 1 ห้างสรรพสินค้าเทสโก้โลตัส สาขารังสิตคลอง 7 เลขที่ 41/2 หมู่ที่ 2 ถ.รังสิต-นครนายก ต.ลำผักกูด อ.ธัญบุรี จ.ปทุมธานี 12110,12110
T092B030B863G262,ธนาคารออมสิน,สาขาโรบินสัน ลพบุรี(G2) ชั้น 2 ห้องเลขที่ RLB-2F-RR-TBC ห้างสรรพสินค้าโรบินสัน เลขที่ 555/5 หมู่ที่ 4 ถ.พหลโยธิน ต.กกโก อ.เมืองลพบุรี จ.ลพบุรี 15000,15000
T092B030B772G262,ธนาคารออมสิน,สาขาบ่อสร้าง(G2) 276-276/1 หมู่ที่ 3 ต.ต้นเปา อ.สันกำแพง จ.เชียงใหม่ 50130,50130
T092B030B560G262,ธนาคารออมสิน,สาขาแม่โจ้(G2) 9 หมู่ที่ 9 ถ.เชียงใหม่-พร้าว ต.หนองหาร อ.สันทราย จ.เชียงใหม่ 50290,50290
T014B030BE13G262,ธนาคารออมสิน,7-Eleven สาขาชุมชนทำเลทอง (ลำลูกกาคลอง 10) (12007) ต.บึงทองหลาง อ.ลำลูกกา จ.ปทุมธานี 12150,12150
T092B030B563G262,ธนาคารออมสิน,สาขาอมก๋อย(G2) 102 หมู่ที่ 1 ต.อมก๋อย อ.อมก๋อย จ.เชียงใหม่ 50310,50310
T092B030B011G262,ธนาคารออมสิน,สาขาอุดรธานี(G2) 108 ถ.หมากแข้ง ต.หมากแข้ง อ.เมืองอุดรธานี จ.อุดรธานี 41000,41000
T091B030B654G262,ธนาคารออมสิน,สาขาเทสโก้โลตัส นาดี อุดรธานี(G1) 118 หมู่ที่ 2 ถ.อุดร-หนองบัวลำภู ต.นาดี อ.เมืองอุดรธานี จ.อุดรธานี 41000,41000
T091B030B308G262,ธนาคารออมสิน,สาขาหนองบัวลำภู(G1) 89 หมู่ที่ 3 ถ.วิไสยอุดรกิจ ต.หนองบัว อ.เมืองหนองบัวลำภู จ.หนองบัวลำภู 39000,39000
T092B030B802G262,ธนาคารออมสิน,สาขาสุวรรณคูหา(G2) 155-155/1 หมู่ที่ 6 ถ.พระไชยเชษฐา ต.สุวรรณคูหา อ.สุวรรณคูหา จ.หนองบัวลำภู 39270,39270
T092B030B431G262,ธนาคารออมสิน,"ธนาคารออมสิน สาขากำแพงแสน(G2) 182 หมู่ที่ 1 ถ.พลดำริห์ ต.กำแพงแสน อ.กำแพงแสน จ.นครปฐม 73140 0-3435-1574, 0-3435-1379",73140
T091B030B391G262,ธนาคารออมสิน,สาขาตลิ่งชัน(G1) 170-170/1 ถ.ชัยพฤกษ์ แขวงคลองชักพระ เขตตลิ่งชัน กรุงเทพฯ 10170,10170
T091B030B067G262,ธนาคารออมสิน,สาขาฝาง(G1) 55 หมู่ที่ 4 ถ.โชตนา ต.เวียง อ.ฝาง จ.เชียงใหม่ 50110,50110
T091B030B224G262,ธนาคารออมสิน,สาขาสันทราย(G1) 307 หมู่ที่ 4 ต.สันทรายหลวง อ.สันทราย จ.เชียงใหม่ 50210,50210
T091B030B883G262,ธนาคารออมสิน,สาขาเซ็นทรัล อุดรธานี(G1) ห้างสรรพสินค้าเซ็นทรัลพลาซา อุดรธานี ชั้น 3 เลขที่ 320 ต.หมากแข้ง อ.เมืองอุดรธานี จ.อุดรธานี 41000,41000
T092B030B307G262,ธนาคารออมสิน,สาขาหนองหาน(G2) 98 หมู่ที่ 10 ถ.อภัยสำราญ ต.หนองหาน อ.หนองหาน จ.อุดรธานี 41130,41130
T092B030B306G262,ธนาคารออมสิน,สาขากุมภวาปี(G2) 93 หมู่ที่ 9 ถ.ศุภอรรถวินิจ ต.กุมภวาปี อ.กุมภวาปี จ.อุดรธานี 41110,41110
T094B030B867G262,ธนาคารออมสิน,หน่วยให้บริการเทศบาลแพรกษา(G4) 999/995 หมู่ 6 ซอยรักพันธ์ดี 11/1 ถนนพุทธรักษา ต.แพรกษา อ.เมือง จ.สมุทรปราการ 10280 โทร. 0-2324-3342-3,10280
T091B030B749G262,ธนาคารออมสิน,สาขาเอนเนอร์ยี่ คอมเพล็กซ์(G1) ศูนย์เอนเนอร์ยี่คอมเพล็กซ์ อาคาร B เลขที่ 555/2 ถ.วิภาวดีรังสิต แขวงจตุจักร เขตจตุจักร กรุงเทพฯ 10900,10900
T092B030B600G262,ธนาคารออมสิน,สาขาปาย(G2) 485/3-4 หมู่ที่ ต.เวียงใต้ อ.ปาย จ.แม่ฮ่องสอน 58130,58130
T092B030B062G262,ธนาคารออมสิน,สาขาหนองคาย(G2) 736-738  ถ.มีชัย ต.ในเมือง อ.เมืองหนองคาย จ.หนองคาย 43000,43000
T092B030B688G262,ธนาคารออมสิน,สาขาอัศวรรณ ช้อปปิ้ง  คอมเพล็กซ์ หนองคาย(G2) ห้องเลขที่ P6-A-3 ชั้น 1 ศูนย์การค้าอัศวรรณ ช้อปปิ้งคอมเพล็กซ์ 1 เลขที่ 308 หมู่ที่ 10 ถ.มิตรภาพ ต.โพธิ์ชัย อ.เมืองหนองคาย จ.หนองคาย 43000,43000
T092B030B294G262,ธนาคารออมสิน,สาขาศรีเชียงใหม่(G2) 440 หมู่ที่ 1 ถ.ประชาอุทิศ ต.พรานพร้าว อ.ศรีเชียงใหม่ จ.หนองคาย 43130,43130
T092B0301081G262,ธนาคารออมสิน,"ธนาคารออมสิน สาขาขุนยวม(G2) 481/1 หมู่1 ต.ขุนยวม อ.ขุนยวม จ.แม่ฮ่องสอน 58141 โทร. 0-5361-1029, 0-5361-2143 ",58141
T091B030B046G262,ธนาคารออมสิน,สาขาระยอง(G1) 3 ถ.ตากสินมหาราช ต.ท่าประดู่ อ.เมืองระยอง จ.ระยอง 21000,21000
T091B030B066G262,ธนาคารออมสิน,สาขาตาก(G1) 319 ถ.ตากสิน ต.หนองหลวง อ.เมืองตาก จ.ตาก 63000,63000
T091B030B913G262,ธนาคารออมสิน,สาขาตลาดพาเจริญ(G1) 7/9 ถ.ชิดลม ต.แม่สอด อ.แม่สอด จ.ตาก 63110,63110
T091B030B275G262,ธนาคารออมสิน,สาขาพล(G1) 9 ถ.พาณิชเจริญ ต.เมืองพล อ.พล จ.ขอนแก่น 40120,40120
T140B030BE10G262,ธนาคารออมสิน,7-Eleven สาขาซิตี้วิลล่า (ลาดพร้าว 128/2) (1743) 2846 2848 ซ.ลาดพร้าว 128/2 ถ.ลาดพร้าว แขวงคลองจั่น เขตบางกะปิ กรุงเทพฯ 10240,10240
T025B030BE10G262,ธนาคารออมสิน,เทสโก้ โลตัส เอ็กซ์เพรส สาขาเคหะฉลองกรุง 101/195 หมู่ 7 เขวงลำผักชี เขตหนองจอก กรุงเทพฯ 10530,10530
T443B030BE10G262,ธนาคารออมสิน,Mini Big C สาขาประชาร่วมใจ 17 เลขที่ 171 ถ.ประชาร่วมใจ แขวงทรายกองดินใต้ เขตคลองสามวา กรุงเทพฯ 10510,10510
T004B030BE43G262,ธนาคารออมสิน,บริเวณหน้าตลาดวัดธาตุ บ้านเลขที่ 324/2 ถ.มีชัย ต.ในเมือง อ.เมือง จ.หนองคาย,43000
T091B030B681G262,ธนาคารออมสิน,สาขาอินเด็กซ์ บางใหญ่(G1) ห้องเลขที่ R-3 ชั้น 1 ศูนย์การค้าอินเด็กซ์ ลิฟวิ่งมอลล์ บางใหญ่ เลขที่ 87 หมู่ที่ 6 ถ.ตลิ่งชัน-สุพรรณบุรี ต.เสาธงหิน อ.บางใหญ่ จ.นนทบุรี 11140,11140
T091B0301041G262,ธนาคารออมสิน,"สาขาเซ็นทรัล เวสต์เกต(G1) ชั้น 3 ห้องเลขที่ 340 ศูนย์การค้าเซ็นทรัล เวสท์เกต เลขที่ 199,199/1,199/2 หมู่ที่ 6 ต.เสาธงหิน อ.บางใหญ่ จ.นนทบุรี 11140",11140
T092B030B194G262,ธนาคารออมสิน,สาขาตาคลี(G2) 300 ถ.พหลโยธิน ต.ตาคลี อ.ตาคลี จ.นครสวรรค์ 60140,60140
T091B030B085G262,ธนาคารออมสิน,สาขากำแพงเพชร(G1) 30 ถ.เทศา 1 ต.ในเมือง อ.เมืองกำแพงเพชร จ.กำแพงเพชร 62000,62000
T092B030B692G262,ธนาคารออมสิน,สาขาบิ๊กซี กำแพงเพชร(G2)  ห้องเลขที่ 2CR201 ชั้น 2 ห้างสรรพสินค้าบิ๊กซี กำแพงเพชร เลขที่ 613/1 ถ.เจริญสุข ต.ในเมือง อ.เมืองกำแพงเพชร จ.กำแพงเพชร 62000,62000
T599B030BE10G262,ธนาคารออมสิน,ศูนย์การค้า เซ็นเตอร์วัน ช้อปปิ้ง พลาซ่า 1 ซ.เลิศปัญญา ถ.ราชวิถี แขวงพญาไท เขตราชเทวี กรุงเทพฯ 10400,10400
T091B030B197G262,ธนาคารออมสิน,สาขาตากฟ้า(G1) 68 หมู่ที่ 1 ต.ตากฟ้า ถ.พหลโยธิน อ.ตากฟ้า จ.นครสวรรค์ 60190,60190
T092B030B281G262,ธนาคารออมสิน,สาขาโกสุมพิสัย(G2) 136 ถ.ผดุงประชากร ต.หัวขวาง อ.โกสุมพิสัย จ.มหาสารคาม 44140,44140
T092B030B683G262,ธนาคารออมสิน,สาขาท่าขอนยาง(G2) 337/1-2 หมู่ที่ 1 ต.ท่าขอนยาง อ.กันทรวิชัย จ.มหาสารคาม 44150,44150
T091B030B798G262,ธนาคารออมสิน,สาขานาเชือก(G1) 65/18 ถ.นาเชือก-นาดูน ต.นาเชือก อ.นาเชือก จ.มหาสารคาม 44170,44170
T022B030BE60G262,ธนาคารออมสิน,ตลาดแยกเกษตรชัย 195 หมู่ 2 ถ.พหลโยธิน ต.สุขสำราญ อ.ตากฟ้า จ.นครสวรรค์,60190
T037B030BE62G262,ธนาคารออมสิน,7-Eleven สาขาสลกบาตร 2 (กำแพงเพชร) (3533) ที่ดินเปล่า ถ.กำแพงเพชร-นครสวรรค์ ต.สลกบาตร อ.ขาณุวรลักษบุรี จ.กำแพงเพชร 62140,62140
T038B030BE62G262,ธนาคารออมสิน,เทสโก้ โลตัส เอ็กซ์เพรส สาขาไทรงาม 413 หมู่ 5 ต.ไทรงาม อ.ไทรงาม จ.กำแพงเพชร 62150,62150
T078B030BE73G262,ธนาคารออมสิน,Mini Big C สาขาตลาดนัดพญา นครปฐม 77/8 ม.3 ต.ลำพยา อ.เมืองนครปฐม จ.นครปฐม 73000,73000
T091B030B279G262,ธนาคารออมสิน,สาขาภูเวียง(G1) 18 หมู่ที่ 4 ถ.กุดฉิม-ภูเวียง ต.ในเมือง อ.ภูเวียง จ.ขอนแก่น 40150,40150
T091B030B739G262,ธนาคารออมสิน,สาขาเทสโก้โลตัส กาฬสินธุ์(G1) ห้องเลขที่ 115 ห้างสรรพสินค้าเทสโก้โลตัส กาฬสินธุ์ เลขที่ 99/11 ถ.บายพาสสงเปลือย ต.กาฬสินธุ์ อ.เมืองกาฬสินธุ์  จ.กาฬสินธุ์ 46000,46000
T156B030BE10G262,ธนาคารออมสิน,Lawson 108 สาขารามคำแหง 187  8 ซ.รามคำแหง 187 แขวงมีนบุรี เขตมีนบุรี จ.กรุงเทพฯ 10510,10510
T040B030BE60G262,ธนาคารออมสิน,ร้านค้าคุณวารินทร์  หน้าซอยทนายวอ 1009  ถ.สวรรค์วิถี ม.9 ต.นครสวรรค์ตก อ.เมือง จ.นครสวรรค์,60000
T092B030B906G262,ธนาคารออมสิน,สาขาบิ๊กซี สุโขทัย(G2) ห้องเลขที่ GCR149 ชั้น 1 ศูนย์การค้าบิ๊กซี ซูเปอร์เซ็นเตอร์ สาขาสุโขทัย เลขที่ 68 หมู่ที่ 2 ต.บ้านกล้วย อ.เมืองสุโขทัย จ.สุโขทัย 64000,64000
T092B030B083G262,ธนาคารออมสิน,สาขาสุโขทัย(G2) 94 ถ.สิงหวัฒน์ ต.ธานี อ.เมืองสุโขทัย จ.สุโขทัย 64000,64000
T092B030B200G262,ธนาคารออมสิน,สาขาทุ่งเสลี่ยม(G2) 187/3 หมู่ที่ 8 ถ.เข้าอำเภอ ต.ทุ่งเสลี่ยม อ.ทุ่งเสลี่ยม จ.สุโขทัย 64150,64150
T092B030B466G262,ธนาคารออมสิน,สาขาสูงเม่น(G2) 492 หมู่ที่ 1 ถ.ยันตรกิจโกศล ต.สูงเม่น อ.สูงเม่น จ.แพร่ 54130,54130
T092B030B303G262,ธนาคารออมสิน,สาขาเชียงคาน(G2) 371/1 หมู่ที่ 1 ถ.มลิวรรณ ต.เชียงคาน อ.เชียงคาน จ.เลย 42110,42110
T091B030B741G262,ธนาคารออมสิน,สาขาท่าลี่(G1) 233/4-5 หมู่ที่ 2 ถ.ทรงฆะศิริ ต.ท่าลี่ อ.ท่าลี่ จ.เลย 42140,42140
T091B030B768G262,ธนาคารออมสิน,สาขาโพนสวรรค์(G1) 575 หมู่ 12 ต.โพนสวรรค์ อ.โพนสวรรค์ จ.นครพนม 48190,48190
T091B030B300G262,ธนาคารออมสิน,สาขาท่าอุเทน(G1) 69 หมู่ที่ 1 ถ.หลักเมือง ต.ท่าอุเทน อ.ท่าอุเทน จ.นครพนม 48120,48120
T091B030B055G262,ธนาคารออมสิน,สาขาสวรรคโลก(G1) 66 ถ.จรดวิถีถ่อง ต.เมืองสวรรคโลก อ.สวรรคโลก จ.สุโขทัย 64110,64110
T092B030B689G262,ธนาคารออมสิน,สาขาห้าแยกโนนไฮ(G2) 270/16-17 หมู่ที่ 6 ถ.ชัยภูมิ-สีคิ้ว ต.ในเมือง อ.เมืองชัยภูมิ จ.ชัยภูมิ 36000,36000
T092B030B698G262,ธนาคารออมสิน,สาขาย่อยคอนสวรรค์(G2) 44/8 หมู่ที่ 13 ถ.ลาดใหญ่-แก้งคร้อ ต.คอนสวรรค์ อ.คอนสวรรค์ จ.ชัยภูมิ 36140,36140
T091B030B819G262,ธนาคารออมสิน,สาขาปลาปาก(G1) 151 หมู่ที่ 2 ถ.ปลาปาก-โนนชมภู ต.ปลาปาก อ.ปลาปาก จ.นครพนม 48160,48160
T091B030B815G262,ธนาคารออมสิน,สาขาเนินมะปราง(G1) 643 หมู่ที่ 4 ต.เนินมะปราง อ.เนินมะปราง จ.พิษณุโลก 65190,65190
T092B030B754G262,ธนาคารออมสิน,สาขาบิ๊กซี พิษณุโลก(G2) บิ๊กซี พิษณุโลก ชั้น 2 ห้องเลขที่ 2CR204/1A-1B เลขที่ 939 ถ.พิชัยสงคราม ต.ในเมือง อ.เมืองพิษณุโลก จ.พิษณุโลก 65000,65000
T092B030B203G262,ธนาคารออมสิน,สาขานางพญา(G2) 902 ถ.มิตรภาพ ต.ในเมือง อ.เมืองพิษณุโลก จ.พิษณุโลก 65000,65000
T091B030B084G262,ธนาคารออมสิน,สาขาเพชรบูรณ์(G1) 30/1 ถ.พระพุทธบาท ต.ในเมือง อ.เมืองเพชรบูรณ์ จ.เพชรบูรณ์ 67000,67000
T092B030B084G262,ธนาคารออมสิน,สาขาเพชรบูรณ์(G2) 30/1 ถ.พระพุทธบาท ต.ในเมือง อ.เมืองเพชรบูรณ์ จ.เพชรบูรณ์ 67000,67000
T092B030B499G262,ธนาคารออมสิน,สาขาถนนประชาราษฎร์(G2) 1734/1 หมู่ที่ 10 ถ.ประชาราษฎร์ ต.ธาตุเชิงชุม อ.เมืองสกลนคร จ.สกลนคร 47000,47000
T092B030B690G262,ธนาคารออมสิน,สาขากุสุมาลย์(G2) 154 หมู่ที่ 1 ถ.นิตโย ต.กุสุมาลย์ อ.กุสุมาลย์ จ.สกลนคร 47210,47210
T091B030B767G262,ธนาคารออมสิน,สาขาคำตากล้า(G1) 27 หมู่ที่ 11 ถ.ทางหลวงหมายเลข 222 (พังโคน-บึงกาฬ) ต.คำตากล้า อ.คำตากล้า จ.สกลนคร 47250,47250
T092B030B490G262,ธนาคารออมสิน,สาขาท่ามะปราง(G2) 262/53 ถ.บรมไตรโลกนารถ ต.ในเมือง อ.เมืองพิษณุโลก จ.พิษณุโลก 65000,65000
T091B030B807G262,ธนาคารออมสิน,สาขาห้าแยกโคกมะตูม(G1) 132/10-11 ถ.พระองค์ดำ ต.ในเมือง อ.เมืองพิษณุโลก จ.พิษณุโลก 65000,65000
T091B030B806G262,ธนาคารออมสิน,สาขาหนองตม(G1) 953/3 หมู่ที่ 1 ต.วงฆ้อง อ.พรหมพิราม จ.พิษณุโลก 65180,65180
T092B030B806G262,ธนาคารออมสิน,สาขาหนองตม(G2) 953/3 หมู่ที่ 1 ต.วงฆ้อง อ.พรหมพิราม จ.พิษณุโลก 65180,65180
T092B030B064G262,ธนาคารออมสิน,สาขาร้อยเอ็ด(G2) 125  ถ.สุริยะเดชบำรุง ต.ในเมือง อ.เมืองร้อยเอ็ด จ.ร้อยเอ็ด 45000,45000
T091B030B286G262,ธนาคารออมสิน,สาขาโพนทอง(G1) 78 หมู่ที่ 2 ถ.นิคมดำริห์ ต.แวง อ.โพนทอง จ.ร้อยเอ็ด 45110,45110
T092B030B086G262,ธนาคารออมสิน,สาขาพิจิตร(G2) 602/1 ถ.บุษบา ต.ในเมือง อ.เมืองพิจิตร จ.พิจิตร 66000,66000
T091B030B201G262,ธนาคารออมสิน,สาขาพรหมพิราม(G1) 271-2 หมู่ที่ 2 ถ.พรหมวิถี ต.พรหมพิราม อ.พรหมพิราม จ.พิษณุโลก 65150,65150
T091B030B370G262,ธนาคารออมสิน,สาขานครไทย(G1) 303/1 หมู่ที่ 6 ถ.อุดรดำริห์ ต.นครไทย อ.นครไทย จ.พิษณุโลก 65120,65120
T092B030B573G262,ธนาคารออมสิน,สาขาชาติตระการ (G2) 116 หมู่ที่ 6 ถ.ศรีสงคราม ต.ป่าแดง อ.ชาติตระการ จ.พิษณุโลก 65170,65170
T092B030B758G262,ธนาคารออมสิน,สาขาชุมพลบุรี(G2) 334/2-3 หมู่ที่ 1 ต.ชุมพลบุรี อ.ชุมพลบุรี จ.สุรินทร์ 32190,32190
T091B030B831G262,ธนาคารออมสิน,สาขาหนองพอก(G1) 56 หมู่ที่ 8 ต.หนองพอก อ.หนองพอก จ.ร้อยเอ็ด 45210,45210
T092B030B831G262,ธนาคารออมสิน,สาขาหนองพอก(G2) 56 หมู่ที่ 8 ต.หนองพอก อ.หนองพอก จ.ร้อยเอ็ด 45210,45210
T092B030B270G262,ธนาคารออมสิน,สาขาประโคนชัย(G2) 297 หมู่ที่ 3 ถ.โชคชัย-เดชอุดม ต.ประโคนชัย อ.ประโคนชัย จ.บุรีรัมย์ 31140,31140
T091B030B272G262,ธนาคารออมสิน,สาขาพุทไธสง(G1) 388 หมู่ที่ 1 ถ.อภัยราษฎร์ ต.พุทไธสง อ.พุทไธสง จ.บุรีรัมย์ 31120,31120
T092B030B755G262,ธนาคารออมสิน,สาขามหาชนะชัย(G2) 260 หมู่ที่ 8 ถ.เรืองแสนกรรฐ์ ต.ฟ้าหยาด อ.มหาชนะชัย จ.ยโสธร 35130,35130
T091B030B092G262,ธนาคารออมสิน,สาขายโสธร(G1) 208 ถ.แจ้งสนิท ต.ในเมือง อ.เมืองยโสธร จ.ยโสธร 35000,35000
T091B030B684G262,ธนาคารออมสิน,สาขาเดอะมอลล์ ท่าพระ(G1) ห้องเลขที่ BS-C5A ชั้น B ศูนย์การค้าเดอะมอลล์ ท่าพระ เลขที่ 129 ถ.รัชดาภิเษก(ท่าพระ-ตากสิน) แขวงบุคคโล เขตธนบุรี กรุงเทพฯ 10600,10600
T093B0301073G262,ธนาคารออมสิน,หน่วยให้บริการหมื่นไวย(G3) 517/137 ถ.มิตรภาพ-หนองคาย ต.ในเมือง อ.เมืองนครราชสีมา จ.นครราชสีมา 30000,30000
T091B030B005G262,ธนาคารออมสิน,สาขานครราชสีมา(G1) 428/1 ถ.มิตรภาพ ต.ในเมือง อ.เมืองนครราชสีมา จ.นครราชสีมา 30000,30000
T092B030B898G262,ธนาคารออมสิน,สาขาตลาดเซฟวัน(G2) 2/27-28 ซ.มิตรภาพ 15 ต.ในเมือง อ.เมืองนครราชสีมา จ.นครราชสีมา 30000,30000
T092B030B803G262,ธนาคารออมสิน,สาขาเสิงสาง(G2) 274-274/1 หมู่ที่ 11 ถ.เสิงสาง-โนนสมบูรณ์ ต.เสิงสาง อ.เสิงสาง จ.นครราชสีมา 30330,30330
T091B030B838G262,ธนาคารออมสิน,สาขาซีคอนสแควร์(G1) ห้องเลขที่ 3056D ชั้น 3 ศูนย์การค้าซีคอนสแควร์ เลขที่ 55 ถ.ศรีนครินทร์ แขวงหนองบอน เขตประเวศ กรุงเทพมหานคร 10250,10250
T092B030B838G262,ธนาคารออมสิน,สาขาซีคอนสแควร์(G2) ห้องเลขที่ 3056D ชั้น 3 ศูนย์การค้าซีคอนสแควร์ เลขที่ 55 ถ.ศรีนครินทร์ แขวงหนองบอน เขตประเวศ กรุงเทพมหานคร 10250,10250
T091B030B655G262,ธนาคารออมสิน,สาขาเซ็นทรัล แจ้งวัฒนะ(G1) ห้องเลขที่ 417 ชั้น 4 ศูนย์การค้าเซ็นทรัลพลาซา แจ้งวัฒนะ เลขที่ 99 หมู่ที่ 2 ถ.แจ้งวัฒนะ ต.บางตลาด อ.ปากเกร็ด จ.นนทบุรี 11120,11120
T091B030B700G262,ธนาคารออมสิน,สาขากุดจับ(G1) 323 หมู่ที่ 1 ถ.อุดร-กุดจับ ต.เมืองเพีย อ.กุดจับ จ.อุดรธานี 41250,41250
T011B030BE41G262,ธนาคารออมสิน,ตลาดสดเทศบาลตำบลน้ำโสม  196 บ้านโพน ต.น้ำโสม อ.น้ำโสม จ.อุดรธานี 41210,41210
T091B030B565G262,ธนาคารออมสิน,ธนาคารออมสิน สาขาสวนจิตรลดา(G1) อาคารธนาคารออมสินเฉลิมพระเกียรติ  ภายในบริเวณพระราชวังสวนจิตรลดา  ถนนราชวิถี   แขวงสวนจิตรลดา  เขตดุสิต  กทม. 10303 โทร. 0-2668-3458-9,10303
T099B030BE50G262,ธนาคารออมสิน,7-Eleven สาขาอ.อมก๋อย(7931)  ต.อมก๋อย อ.อมก๋อย จ.เชียงใหม่ 50310,50310
T067B030BE40G262,ธนาคารออมสิน,ตลาดต้นตาล 162/10 ม.14 ถ.มิตรภาพ ต.ในเมือง อ.เมือง จ.ขอนแก่น 40000,40000
T071B030BE40G262,ธนาคารออมสิน,บริษัท บิ๊กม.จำกัด 285 ม.7 ถ.มัญจาคีรี-ขอนแก่น ต.สวนหม่อน อ.มัญจาคีรี จ.ขอนแก่น 40160,40160
T043B030BE40G262,ธนาคารออมสิน,7-Eleven สาขาเทศบาลชุมแพ (6292) 122 หมู่ 8 ต.ชุมแพ อ.ชุมแพ จ.ขอนแก่น 40130,40130
T052B030BE40G262,ธนาคารออมสิน,ร้านขายของชำ เลขที่ 234-235 ม.12 ต.ลอมคอม อ.พล จ.ขอนแก่น 40120,40120
T006B030BE40G262,ธนาคารออมสิน,ร้านเป๊าะมินิมาร์ท 99/1 หมู่ 3 ต.หนองสองห้อง อ.หนองสองห้อง จ.ขอนแก่น 40190,40190
T076B030BE73G262,ธนาคารออมสิน,Mini Big C สาขาตลาดไร่ขิง 42 นครปฐม 94 ม.12 ต.ไร่ขิง อ.สามพราน จ.นครปฐม 73210,73210
T039B030BE63G262,ธนาคารออมสิน,สำนักงานเทศบาลตำบลแม่กุ  999 ม.7 ถ.แม่สอด-อุ้มผาง ต.แม่กุ อ.แม่สอด จ.ตาก 63110,63110
T020B030BE63G262,ธนาคารออมสิน,ร้านสมาร์ทโฟน 329 ม.3 ต.สามเงา อ.สามเงา จ.ตาก 63130,63130
T198B030BE30G262,ธนาคารออมสิน,องค์การบริหารส่วนตำบลบ้านเกาะ  700 หมู่ 1 ถ.สุรนารายณ์ ต.บ้านเกาะ อ.เมือง จ.นครราชสีมา 30000,30000
T017B030BE30G262,ธนาคารออมสิน,ปั๊มน้ำมันชัยยงค์ (SHELL) 116/1 หมู่ 1 ต.ทัพรั้ง อ.พระทองคำ จ.นครราชสีมา 30220,30220
T092B0301064G262,ธนาคารออมสิน,ธนาคารออมสิน สาขาเทอร์มินอล 21 โคราช(G2) ห้องที่ 2040 ชั้น 2 เลขที่ 99 ถ.มิตรภาพ-หนองคาย ต.ในเมือง อ.เมือง จ.นครราชสีมา  044498577-8,30000
T014B030BE31G262,ธนาคารออมสิน,7-Eleven สาขาประโคนชัย (0805)  1 ม.6 ต.ประโคนชัย อ.ประโคนชัย จ.บุรีรัมย์ 31140,31140
T022B030BE67G262,ธนาคารออมสิน,ตลาดสดดงขุย 201/7-8 ม.2 ต.ดงขุย  อ.ชนแดน จ.เพชรบูรณ์ 67150,67150
T003B030BE42G262,ธนาคารออมสิน,ตลาดสดเอกชน (ร้านลดาภัณฑ์)  249 ม.12 ต.ธาตุ อ.เชียงคาน จ.เลย 42110,42110
T014B030BE64G262,ธนาคารออมสิน,พี เค มินิมาร์ท 17 ต.กลางดง อ.ทุ่งเสลี่ยม จ.สุโขทัย 64150,64150
T027B030BE53G262,ธนาคารออมสิน,7-Eleven สาขาศรีพนมมาศ (4653) เลขที่ 169 ถ.เขาน้ำตก ต.ศรีพนมมาศ อ.ลับแล จ.อุตรดิตถ์  53130,53130
T059B030BE41G262,ธนาคารออมสิน,สำนักงานเทศบาลตาลเลียน  ม.2 ถ.อุดร-สุวรรณคูหา ต.ตาลเลียน อ.กุดจับ จ.อุดรธานี 41250,41250
T020B030BE48G262,ธนาคารออมสิน,7-Eleven สาขาปลาปาก (6228)  330 หมู่ 2 ต.ปลาปาก อ.ปลาปาก จ.นครพนม,48160
T001B030BE65G262,ธนาคารออมสิน,7-Eleven สาขาสิงหวัฒน์ (5106)  ต.ในเมือง อ.เมือง จ.พิษณุโลก 65000,65000
T002B030BE34G262,ธนาคารออมสิน,7-Eleven สาขาซอยบ่อนไก่ 3 (9888)  165 ถนนสุขาอุปภัมภ์ ต.ในเมือง อ.เมือง จ.อุบลราชธานี 34000,34000
T012B030BE47G262,ธนาคารออมสิน,7-Eleven สาขา ปตท.คำตากล้า (13438) 96 หมู่ 15 ต.คำตากล้า อ.คำตากล้า จ.สกลนคร 47250,47250
T056B030BE47G262,ธนาคารออมสิน,ร้านคมเพชรสโตร์ 39 หมู่ 7 ต.มาย อ.บ้านม่วง จ.สกลนคร 47140,47140
T013B030BE49G262,ธนาคารออมสิน,7-Eleven สาขาคำชะอี (5057)  17 หมู่ 6 ต.น้ำเที่ยง อ.คำชะอี จ.มุกดาหาร 49110,49110
T012B030BE46G262,ธนาคารออมสิน,7-Eleven สาขาชุมชนร่องคำ (9526) เลขที่ 45/1 หมู่ 2 ต.ร่องคำ อ.ร่องคำ จ.กาฬสินธุ์ 46210,46210
T007B030BE45G262,ธนาคารออมสิน,7-Eleven สาขาโพธิ์ชัย(05461) 87 หมู่ 17 ต.ขามเปี้ย อ.โพธิ์ชัย จ.ร้อยเอ็ด 45230,45230
T035B030BE44G262,ธนาคารออมสิน,มหาวิทยาลัยมหาสารคาม(ตลาดน้อย) หอพัก 41/20 ต.ขามเรียง อ.กันทรวิชัย จ.มหาสารคาม 44150,44150
T028B030BE45G262,ธนาคารออมสิน,7-Eleven สาขา ปตท.สระบุศย์ (อาจสามารถ) (12009) 310 หมู่ 5 ต.อาจสามารถ อ.อาจสามารถ จ.ร้อยเอ็ด 45160,45160
T018B030BE45G262,ธนาคารออมสิน,ร้านโชคชัยไหมไทย 366 หมู่ 12 ต.บัวแดง อ.ปทุมรัตน์ จ.ร้อยเอ็ด 45190,45190
T048B030BE45G262,ธนาคารออมสิน,7-Eleven สาขาถนนกองพล 10 (9040)  25/51 ถ.มีโชคชัย ต.ในเมือง อ.เมือง จ.ร้อยเอ็ด 45000,45000
T018B030BE60G262,ธนาคารออมสิน,บขส.ตาคลี ตลาดศรีเทพ ต.ตาคลี อ.ตาคลี จ.นครสวรรค์,60140
T015B030BE92G262,ธนาคารออมสิน,OTOP นวัตวิถีเกาะลิบง 97 ม.4 ต.เกาะลิบง อ.กันตัง จ.ตรัง 92110,92110
T089B030BE14G262,ธนาคารออมสิน,บริเวณธนาคารออมสินภาค 14  129 หมู่ 3 ต.คลองสวนพลู อ.พระนครศรีอยุธยา จ.พระนครศรีอยุธยา 13000,13000
T082B030BE32G262,ธนาคารออมสิน,สถานีบริการน้ำมัน ปตท. จอมพระ เลขที่ 3 หมู่ที่ 4 ต.จอมพระ อ.จอมพระ จ.สุรินทร์ 32180 คุณชัยชนะ โทร. 09 5525 2959,32180
T021B030BE39G262,ธนาคารออมสิน,สำนักงานเทศบาลตำบลหนองแก  เลขที่ 154 หมู่ที่ 2 ต.หนองแก อ.ศรีบุญเรือง จ.หนองบัวลำภู 39180,39180
T091B0301072G262,ธนาคารออมสิน,เครื่องอยู่โกดัง บริษัท กรีน คอนแทร็คท์ จำกัด  25/35 ม.3 ซ.เทพฤกษ์  ถ.เลียบคลองราษฎร์พัฒนา1 ต.คอกกระบือ อ.เมืองสมุทรสาคร จ.สมุทรสาคร 74000 ,74000
T070B030BE46G262,ธนาคารออมสิน,ร้านต้นโภชนา เลขที่ 165 หมู่ 7 ต.โพนงาม อ.กมลาไสย จ.กาฬสินธุ์ 46130,46130
A33W338137,ธนาคารอาคารสงเคราะห์,สาขาสุราษฎร์ธานี  31/10 ถ.สุราษฎร์-พุนพิน ต.วัดประดู่ อ.เมือง จ.สุราษฎร์ธานี 84000,84000
AC2Z338188,ธนาคารอาคารสงเคราะห์,"สาขา เดอะมอลล์ งามวงศ์วาน  ศูนย์การค้าเดอะมอลล์ งามวงศ์วาน ชั้น 5 ห้อง 527 ต.บางเขน อ.เมืองนนทบุรี จ.นนทบุรี 11000  โทร. 02-121-4588-9, 02-121-4628",11000
AC2Z338177,ธนาคารอาคารสงเคราะห์,สาขาเซ็นทรัล พระราม 9 ศูนย์การค้าเซ็นทรัลพลาซา แกรนด์ พระราม 9 ชั้น 5 ถนนรัชดาภิเษก ห้วยขวาง เขตห้วยขวาง กรุงเทพมหานคร 10310  โทร. 02-160-3426-9 แฟกซ์. 02-160-3426-9 ต่อ 104,10310
A35E445395,ธนาคารอาคารสงเคราะห์,สาขาเพชรบุรี  2/85-7 ถ.เพชรเกษม ต.ไร่ส้ม อ.เมืองเพชรบุรี จ.เพชรบุรี 76000,76000
A33W338146,ธนาคารอาคารสงเคราะห์,สาขาพนัสนิคม  156/1-2 ถนนศรีกุญชร ตำบลพนัสนิคม อำเภอพนัสนิคม จังหวัดชลบุรี 20140,20140
A345308984,ธนาคารอาคารสงเคราะห์,สาขาประจวบคีรีขันธ์ 49 ถ.ประจวบคีรีขันธ์ ต.ประจวบฯ อ.เมือง จ.ประจวบคีรีขันธ์ 77000,77000
A33W338105,ธนาคารอาคารสงเคราะห์,สาขาเคาน์เตอร์การเงิน ไอ ที สแควร์  333/100 หมู่ที่ 4 ถนนแจ้งวัฒนะ แขวงตลาดบางเขน เขตหลักสี่ กรุงเทพฯ 10210,10210
A33W338141,ธนาคารอาคารสงเคราะห์,สาขาถนนราษฎร์อุทิศ (หาดใหญ่) จ.สงขลา  61/5 ถนนราษฎร์อุทิศ ซอย 1/1 ตำบลหาดใหญ่ อำเภอหาดใหญ่ จังหวัดสงขลา 90110,90110
A345308985,ธนาคารอาคารสงเคราะห์,สาขาชุมพร  7/2 หมู่ 5 ถ.ชุมพร-กระบุรี ต.วังไผ่ อ.เมือง จ.ชุมพร 86000,86000
98251815653364,ธนาคารอาคารสงเคราะห์,สาขาดอนเมือง 174 /9-11  ถนนวิภาวดีรังสิต  แขวงสีกัน เขตดอนเมือง กรุงเทพฯ 10210,10210
A33W338081,ธนาคารอาคารสงเคราะห์,สาขาราชดำเนิน  97 ถนนราชดำเนินกลาง แขวงวัดบวรนิเวศ เขตพระนคร กรุงเทพฯ 10200,10200
AC11361056,ธนาคารออมสิน,สำนักงานใหญ่ 470 ถนนพหลโยธิน แขวงพญาไท เขตพญาไท กทม. 10400,10400
A33W309495,ธนาคารอาคารสงเคราะห์,สาขานครศรีธรรมราช 543 ถ.ราชดำเนิน ต.ในเมือง อ.เมือง จ.นครศรีธรรมราช 80000  โทร.075-346-950-1,80000
98251819673698,ธนาคารอาคารสงเคราะห์,สาขาถนนโรจนะ  481 หมู่ 2 ถ.โรจนะ ต.สามเรือน อ.บางปะอิน จ.พระนครศรีอยุธยา 13160,13160
A33W338085,ธนาคารอาคารสงเคราะห์,สาขาจันทบุรี  1/71 ถ.พระยาตรัง ต.วัดใหม่ อ.เมือง จ.จันทบุรี 22000,22000
A33W338086,ธนาคารอาคารสงเคราะห์,สาขาสัมมากรเพลส รามคำแหง 110  ศูนย์การค้าเพียวเพลส ชั้น 2 ถนนรามคำแหง ซอย 110 แขวงสะพานสูง  เขตสะพานสูง  กรุงเทพ 10240,10240
98251819673735,ธนาคารอาคารสงเคราะห์,สาขาลำพูน 23/9 ถนนลำพูน-ป่าซาง ตำบลในเมือง อำเภอเมือง จังหวัดลำพูน 51000,51000
A33W338084,ธนาคารอาคารสงเคราะห์,สาขาเซ็นทรัลพลาซา ปิ่นเกล้า  7/1 ถนนบรมราชชนนี แขวงอรุณอัมรินทร์ เขตบางกอกน้อย กรุงเทพ 10700,10700
98251815653363,ธนาคารอาคารสงเคราะห์,สาขาสมุทรสาคร  48 หมู่ที่ 8 ถนนเศรษฐกิจ ตำบลท่าทราย อำเภอเมืองสมุทรสาคร จังหวัดสมุทรสาคร 74000,74000
98251815653365,ธนาคารอาคารสงเคราะห์,สาขาสมาร์ท 63 ซอย ทวีมิตร ถนน พระราม 9 แขวงห้วยขวาง เขตเขตห้วยขวาง จ.กรุงเทพมหานคร 10310,10310
98251815653358,ธนาคารอาคารสงเคราะห์,"สาขานางรอง  601, 603 ถ.ประจันตเขต ต.นางรอง อ.นางรอง จ.บุรีรัมย์ 31000",31000
98251819673730,ธนาคารอาคารสงเคราะห์,สาขาบุญสัมพันธ์  78/164-165 ตำบลหนองปรือ อำเภอบางละมุง จังหวัดชลบุรี 20150,20150
A33W309504,ธนาคารอาคารสงเคราะห์,สาขาชลบุรี 39/3 ถนนสุขุมวิท ตำบลเสม็ด อำเภอเมืองชลบุรี จังหวัดชลบุรี 20000 โทร.038-765-781-9,20000
A33W338109,ธนาคารอาคารสงเคราะห์,สาขาสยามสแควร์  338 อาคารสยามสแควร์วัน ถนนพระราม 1 แขวงปทุมวัน เขตปทุมวัน กรุงเทพ 10330,10330
A345308948,ธนาคารอาคารสงเคราะห์,สาขาพาราไดซ์ พาร์ค ศูนย์การค้าพาราไดซ์พาร์ค ชั้น 2 61 ถนนศรีนครินทร์ แขวงหนองบอน เขตประเวศ กรุงเทพฯ 10250,10250
A345308964,ธนาคารอาคารสงเคราะห์,สาขาเพชรบุรีตัดใหม่ 2445/2 อาคารธารมณ์บิสซิเนสทาวเวอร์ ถนนเพชรบุรีตัดใหม่ แขวงบางกะปิ เขตห้วยขวาง กรุงเทพฯ 10310,10310
A345446015,ธนาคารอาคารสงเคราะห์,สาขาบุรีรัมย์  18/20 ถ.ธาณี ต.ในเมือง อ.เมืองบุรีรัมย์ จ.บุรีรัมย์ 31000,31000
A33W338103,ธนาคารอาคารสงเคราะห์,สาขาปราจีนบุรี  147/1  ถ.ราษฏร์-ดำริห์ ต.หน้าเมือง อ.เมือง จ.ปราจีนบุรี 25000,25000
A33W338132,ธนาคารอาคารสงเคราะห์,สาขาประจวบคีรีขันธ์  49 ถ.ประจวบคีรีขันธ์ ต.ประจวบคีรีขันธ์ อ.เมือง จ.ประจวบคีรีขันธ์ 77000,77000
AC2Z338183,ธนาคารอาคารสงเคราะห์,สาขาเมกาบางนา 39 ศูนย์การค้าเมกาบางนา ห้อง 1744 ชั้น 1 ถนนบางนา-ตราด กม.9 ตัด ถนนวงแหวนฝั่งตะวันออก ต.บางพลีใหญ่ อ.บางพลี จ.สมุทรปราการ 10540  โทร. 02-1051167-70  แฟกซ์. 02-1051167-70 ต่อ 0 หรือ 101,10540
98251819673668,ธนาคารอาคารสงเคราะห์,สาขาหนองบัวลำภู 264/4-5 ถนนวิไสยอุดรกิจ ตำบลหนองบัว อำเภอเมือง จังหวัดหนองบัวลำภู 39000,39000
A33W309489,ธนาคารอาคารสงเคราะห์,สาขาอาคารเพิร์ลแบงก์ค็อก 1177 ถนน พหลโยธิน แขวง สามเสนใน เขต พญาไท กรุงเทพมหานคร 10400 โทร.02-0237556-8,10400
A33W338104,ธนาคารอาคารสงเคราะห์,สาขาสุขาภิบาล 1 เลขที่ 30/435  ถ.นวมินทร์  แขวงคลองกุ่ม เขตบึงกุ่ม กรุงเทพฯ 10230,10230
98251819673752,ธนาคารอาคารสงเคราะห์,สาขาอำนาจเจริญ  219-219/1 ถนนชยางค์กูร ต.บุ่ง อ.เมืองอำนาจเจริญ จ.อำนาจเจริญ 37000,37000
257733,BOC,ธนาคารจีน สาขารัชดา เครื่องที่ 2 9 อาคารภคินท์ ถ.รัชดาภิเษก แขวงดินแดง เขตดินแดง กทม. 10400,10400
A33W308909,ธนาคารอาคารสงเคราะห์,สาขาเชียงราย 881/1-3 ถ.อุตรกิจ ต.เวียง อ.เมือง จ.เชียงราย 57000 โทร.053-600746-51,57000
A35E445390,ธนาคารอาคารสงเคราะห์,สาขาเทพารักษ์  44/4 หมู่ 9 ถนนเทพารักษ์ (หน้าหมู่บ้านสวนเก้าแสน) ต.บางปลา อ.บางพลี จ.สมุทรปราการ 10540  โทรฯ 02-706-6113-21,10540
98251819673674,ธนาคารอาคารสงเคราะห์,สาขาสมุทรสงคราม 13/94 ถนนเอกชัย ตำบลแม่กลอง อำเภอเมือง จังหวัดสมุทรสงคราม 75000,75000
98251819673709,ธนาคารอาคารสงเคราะห์,สาขาเชียงใหม่  260 ถนนซุปเปอร์ไฮเวย์เชียงใหม่-ลำปาง ตำบลวัดเกตุ อำเภอเมือง จังหวัดเชียงใหม่ 50000,50000
A33W338116,ธนาคารอาคารสงเคราะห์,สาขาหนองบัวลำภู  264/4-5 ถนนวิไสยอุดรกิจ ตำบลหนองบัว อำเภอเมือง จังหวัดหนองบัวลำภู 39000,39000
98251819673669,ธนาคารอาคารสงเคราะห์,สาขาสะเดา-ด่านนอก 999/13 และ 999/15 หมู่ 7 ถ.กาญจนวนิช ต.สำนักงาน อ.สะเดา จ.สงขลา,90120
A345446045,ธนาคารอาคารสงเคราะห์,สาขาหาดใหญ่  843 ถนน เพชรเกษม ต.หาดใหญ่ อ.หาดใหญ่ จ.สงขลา 90110,90110
A33W309514,ธนาคารอาคารสงเคราะห์,สาขาราชบุรี 7 ถ.คฑาธรบดี ต.หน้าเมือง อ.เมือง จ.ราชบุรี 70000 โทร.032-315463-7,70000
A345308936,ธนาคารอาคารสงเคราะห์,สาขาดอนเมือง 174/9-11  ถนนวิภาวดีรังสิต  แขวงสีกัน เขตดอนเมือง กรุงเทพฯ 10210,10210
98251819673685,ธนาคารอาคารสงเคราะห์,สาขาหัวหิน 77/1 ถนนเพชรเกษม ตำบลหัวหิน อำเภอหัวหิน จังหวัดประจวบคีรีขันธ์ 77110,77110
98251819673722,ธนาคารอาคารสงเคราะห์,สาขาแพร่  164/3-5 ถ.ยันตรกิจโกศล ต.ในเวียง อ.เมือง จ.แพร่ 54000  โทร. 054-621-490-5,74000
A345446043,ธนาคารอาคารสงเคราะห์,สาขาสมุทรสาคร  48 หมู่ 8 ถนน เศรษฐกิจ1 ต.ท่าทราย อ.เมืองสมุทรสาคร จ.สมุทรสาคร 74000,74000
A345308972,ธนาคารอาคารสงเคราะห์,สาขาจันทบุรี  1/71 ถ.พระยาตรัง ต.วัดใหม่ อ.เมือง จ.จันทบุรี 22000,22000
AC2Z338186,ธนาคารอาคารสงเคราะห์,เคาน์เตอร์การเงิน เดอะมอลล์ บางกะปิ 3522 ศูนย์การค้าเดอะมอลล์ บางกะปิ ชั้น1 ฝั่งพลาซ่า ถนน ลาดพร้าว แขวงคลองจั่น เขตบางกะปิ กรุงเทพมหานคร 10240  โทร. 02-375-8365  แฟกซ์. 02-375-8365,10240
A33W309500,ธนาคารอาคารสงเคราะห์,สาขาบิ๊กซีรังสิต คลอง 6 158/17 หมู่ 4 ศูนย์การค้าสาขาบิ๊กซี รังสิต คลอง 6 ถ.รังสิต-นครนายก ต.รังสิต อ.ธัญบุรี จ.ปทุมธานี 12110 โทร.02-577-0556-8,12110
A345446053,ธนาคารอาคารสงเคราะห์,"สาขาลำพูน  23/9 ถ.ลำพูน-ป่าซาง ต.ในเมือง อ.เมืองลำพูน  จ.ลำพูน 51000 โทร.053-535-178-82,053-510-433-",51000
A33W309473,ธนาคารอาคารสงเคราะห์,สาขา ซีคอนบางแค 607 ศูนย์การค้าซีคอน บางแค ถ.เพชรเกษม แขวงบางหว้า เขตภาษีเจริญ กรุงเทพมหานคร 10160 โทร.02-458-2960-3,10160
A345308939,ธนาคารอาคารสงเคราะห์,สาขาเดอะมอลล์ บางกะปิ  3522 ศูนย์การค้าเดอะมอลล์ บางกะปิ ชั้น1 ฝั่งพลาซ่า ถนน ลาดพร้าว แขวงคลองจั่น เขตบางกะปิ กรุงเทพมหานคร 10240,10240
257728,BOC,สาขาเชียงใหม่ เครื่อง 1  161 และ 161/1 หมู่ 4 ถ.เชียงใหม่-ลำปาง ต.หนองป่าครั่ง อ.เมือง จ.เชียงใหม่,50000
AC11230640,ธนาคารออมสิน,สาขา เมเจอร์รังสิต ภายในอาคารเมเจร์ซีนิเพล็กซ์ รังสิต ชั้น 1 439 ถ.พหลโยธิน ต.ประชาธิปัตย์ อ.ธัญบุรี จ.ปทุมธานี 12130 โทร. 02-567-5006,12130
98251819673708,ธนาคารอาคารสงเคราะห์,สาขายโสธร  55/3 ถนนรัตนเขต ตำบลในเมือง อำเภอเมือง จังหวัดยโสธร 35000,35000
98251819673712,ธนาคารอาคารสงเคราะห์,สาขาสุรินทร์  233/1 ถ.เทศบาล 1 ต.ในเมือง อ.เมือง จ.สุรินทร์ 32000,32000
A33W309498,ธนาคารอาคารสงเคราะห์,"สาขาเทสโก้โลตัส พระราม 4 3300 ศูนย์การค้าเทสโก้ โลตัส พระราม 4 พระราม 4 แขวงคลองตัน เขตคลองเตย กรุงเทพมหานคร 10110  โทร.02-249-3852-3 ,02-249-3940",10110
98251819673746,ธนาคารอาคารสงเคราะห์,สาขาชุมแพ  2/8-9 ถนนชุมแพ-ภูเขียว ตำบลไชยสอ อำเภอชุมแพ จังหวัดขอนแก่น 40130,40130
A33W338155,ธนาคารอาคารสงเคราะห์,สาขาปากช่อง  เลขที่ 199 ถนนมิตรภาพ ตำบลปากช่อง อำเภอปากช่อง จังหวัดนครราชสีมา 30130,30130
A33W338161,ธนาคารอาคารสงเคราะห์,สาขาอุทัยธานี 90/19 ถนนเติบศิริ ตำบลอุทัยใหม่ อำเภอเมือง จังหวัดอุทัยธานี 61000,61000
A345308931,ธนาคารอาคารสงเคราะห์,สำนักงานใหญ่ เครื่องที่ 1 63 ถนนพระราม 9 แขวงห้วยขวาง เขตห้วยขวาง กรุงเทพมหานคร 10310,10310
A33W338130,ธนาคารอาคารสงเคราะห์,สาขาสันทราย  เลขที่ 192/32-33 หมู่ 5 ตำบลหนองหาร อำเภอสันทราย จังหวัดเชียงใหม่ 50290,50290
98251819673654,ธนาคารอาคารสงเคราะห์,สาขาหาดใหญ่  843 ถนนเพชรเกษม ตำบลหาดใหญ่ อำเภอหาดใหญ่ จังหวัดสงขลา 90110,90110
98251819673671,ธนาคารอาคารสงเคราะห์,สาขาบ้านโป่ง  37/127-128 ถนนแสงชูโต ตำบลบ้านโป่ง อำเภอบ้านโป่ง จังหวัดราชบุรี 70110,70110
A345446038,ธนาคารอาคารสงเคราะห์,สาขาบิ๊กซี นวนคร  98/196 หมู่ 13 ศูนย์การค้าบิ๊กซี นวนคร ถ.พหลโยธิน ต.คลองหนึ่ง อ.คลองหลวง จ.ปทุมธานี 12120,12120
AC2Z338192,ธนาคารอาคารสงเคราะห์,ธนาคารอาคารสงเคราะห์ สำนักงานใหญ่  อาคาร 2 ชั้น 19 ห้อง Test  ATM  โทร. 02-202-2015,10310
98251815653361,ธนาคารอาคารสงเคราะห์,สาขาบางใหญ่ 52/63-64 บางใหญ่ซิตี้ ซอย 3 ถนนตลิ่งขัน-สุพรรณบุรี ตำบลเสาธงหิน อำเภอบางใหญ่ จังหวัดนนทบุรี 11140,11140
A33W309510,ธนาคารอาคารสงเคราะห์,สาขาเจริญนคร  257/6 ศูนย์การค้าริเวอร์ไซด์ พลาซ่า ชั้น 3 ถนนเจริญนคร แขวงสำเหร่ เขตธนบุรี กรุงเทพมหานคร,10600
A345446011,ธนาคารอาคารสงเคราะห์,"ป้อมรักษาการธนาคาร 1, 63 ถนนพระราม 9 เขตห้วยขวาง กรุงเทพมหานคร 10310",10310
A345446023,ธนาคารอาคารสงเคราะห์,สาขาพังงา  17/30-31 อาคารพาณิชย์ ซอย อู่เรือ ถนน ศิริราษฏร์ ต.ท้ายช้าง อ.เมืองพังงา จ.พังงา 82000,82000
A33W338125,ธนาคารอาคารสงเคราะห์,สาขาแม่สอด  2/27 ถนนสายเอเชีย ตำบลแม่สอด อำเภอแม่สอด จังหวัดตาก 63110,63110
98251819673727,ธนาคารอาคารสงเคราะห์,สาขาสุราษฎร์ธานี  31/10 ถนนสุราษฎร์-พุนพิน ตำบลวัดประดู่ อำเภอเมือง จังหวัดสุราษฎร์ธานี 84000,84000
98251819673729,ธนาคารอาคารสงเคราะห์,สาขาพัทยา  8/51 หมู่ที่ 6 ถนนพัทยาเหนือ ตำบลนาเกลือ อำเภอบางละมุง จังหวัดชลบุรี 20000,20000
A33W293444,ธนาคารอาคารสงเคราะห์,สาขาบิ๊กซี สุขสวัสดิ์  94 ศูนย์การค้าบิ๊กซี ซุปเปอร์เซ็นเตอร์ ห้อง 2CR206 ชั้น 2 ต.บางพึ่ง อ.พระประแดง จ.สมุทรปราการ 10130  โทร. 02-463-7322-5,10130
98251819673714,ธนาคารอาคารสงเคราะห์,สาขาระยอง  141/7-10 ถ.สุขุมวิท ต.เชิงเนิน อ.เมือง จ.ระยอง 21000,21000
A33W308906,ธนาคารอาคารสงเคราะห์,เคาน์เตอร์การเงิน บิ๊กซี บางนา 111 ศูนย์การค้าบิ๊กซี บางนา ชั้น B ตรงข้ามร้านเทเลวิช ถ.บางนา-ตราด แขวงบางนา เขตบางนา กรุงเทพมหานคร 10260 โทร.0-2744-3493,10260
A33W309476,ธนาคารอาคารสงเคราะห์,สาขาพระนครศรีอยุธยา 6/6-9 ถนนนเรศวร ตำบลประตูชัย อำเภอเมืองพระนครศรีอยุธยา จังหวัดพระนครศรีอยุธยา 13000 โทร.035-245-167-70,13000
98251819673672,ธนาคารอาคารสงเคราะห์,สาขานครปฐม 364/7 ถ.เทศา ต.พระประโทน อ.เมือง จ.นครปฐม 73000,73000
98251819673684,ธนาคารอาคารสงเคราะห์,สาขาพะเยา 3/6 ถ.ชายคว๊าน ต.เวียง อ.เมือง จ.พะเยา 56000,56000
98251819673670,ธนาคารอาคารสงเคราะห์,สาขาถนนราษฎร์อุทิศ  61/5 ถนนราษฎร์อุทิศ ซอย 1/1 ตำบลหาดใหญ่ อำเภอหาดใหญ่ จังหวัดสงขลา 90110,90110
A11B104945,สหกรณ์ออมทรัพย์กรมป่าไม้,สหกรณ์ออมทรัพย์กรมป่าไม้ สำนักงานใหญ่ตั้งอยู่ที่ 61 ถนนพหลโยธิน  แขวงลาดยาว เขตจตุจักร กรุงเทพมหานคร,10900
A33W309501,ธนาคารอาคารสงเคราะห์,สาขา ศรีราชา 126/1-3 สุขุมวิท ตำบลศรีราชา อำเภอศรีราชา ชลบุรี 20110  โทร.038-772-032-42,20110
AC11230645,ธนาคารออมสิน,สาขาตลาดรวมใจ (เมืองทองธานี) 101 101/1 ถ.ป๊อปปูล่า ต.บ้านใหม่ อ.ปากเกร็ด จ.นนทบุรี 11120 โทร. 02-980-7001-2,11120
A33W338159,ธนาคารอาคารสงเคราะห์,"สาขา เบตง  เลขที่ 42 ,46 ถ.สฤษดิ์เดช ต.เบตง อ.เบตง จ.ยะลา 95110",95110
A35E445397,ธนาคารอาคารสงเคราะห์,สาขาเพชรบูรณ์  9/14 ถ.สระบุรี-หล่มสัก ต.สะเดียง อ.เมืองเพชรบูรณ์ จ.เพชรบูรณ์ 67000,67000
AC11361064,ธนาคารออมสิน,สาขาสยามพารากอน  991 ถ.พระราม1 แขวงปทุมวัน เขตปทุมวัน กรุงเทพฯ 10200  โทร. 02-610-9600 คุณสิริกัญญา (ผู้จัดการสาขา) 083-072-0689,10200
A33W338095,ธนาคารอาคารสงเคราะห์,สาขาอ่างทอง  21/9-10 หมู่ที่ 2 ถ.อ่างทอง-โพธิ์ทอง ต.ศาลาแดง อ.เมือง จ.อ่างทอง 14000,14000
A33W309471,ธนาคารอาคารสงเคราะห์,"สาขาเดอะมอลล์ บางแค 518 ศูนย์การค้าเดอะมอลล์ บางแค ถ.เพชรเกษม แขวงบางแคเหนือ เขตบางแค กรุงเทพมหานคร 10160  โทร.02-454-2680,2706",10160
A33W338096,ธนาคารอาคารสงเคราะห์,สาขาบุญสัมพันธ์ 78/164-165 ตำบลหนองปรือ อำเภอบางละมุง จังหวัดชลบุรี 20150,20150
A33W338153,ธนาคารอาคารสงเคราะห์,"สาขาพล  121/14, 121/15 ถนนมิตรภาพ ตำบลเมืองพล อำเภอพล จังหวัดขอนแก่น 40120",40120
A345308957,ธนาคารอาคารสงเคราะห์,สาขาเจริญนคร  ศูนย์การค้าริเวอร์ไซด์ พลาซา ห้องเลขที่ 309-310 ชั้น 3 257/6 ถนนเจริญนคร แขวงสำเหร่ เขตธนบุรี กรุงเทพฯ 10600,10600
257735,BOC,สาขาระยอง เครื่อง1 เลขที่ 9/21 หมุ่ที่ 4 นิคมอุตสาหกรรมอมตะซิตี้ ต.มาบยางพร อ.ปลวกแดง จ.ระยอง,21140
A33W308914,ธนาคารอาคารสงเคราะห์,สาขาน่าน 179-180 หมู่ 6 ถ.ยันตรกิจโกศล ต.ดู่ใต้ อ.เมือง จ.น่าน 55000  โทร.054-771-362-3,55000
AC2Z338195,ธนาคารอาคารสงเคราะห์,สาขาเซ็นทรัลพลาซ่า อุบลราชธานี ศูนย์การค้าเซ็นทรัลพลาซ่า อุบลราชธานี ถนนวงแหวนรอบเมือง ตำบลแจระแม อำเภอเมืองอุบลราชธานี จังหวัดอุบลราชธานี 34000 โทร.0-4542-2381-4,34000
A345308958,ธนาคารอาคารสงเคราะห์,สาขาเดอะมอลล์ งามวงศ์วาน 30/39-50 เดอะมอลล์ งามวงศ์วาน ถ.งามวงศ์วาน แขวงบางเขน เขตเมือง นนทบุรี 11000 (ย้ายมาจาก สาขาบางบัวทอง จ.นนทบุรี),11000
AC11361062,ธนาคารออมสิน,สาขาเมืองพัทยา 205/23-24 หมู่10 ถนนพัทยาใต้สาย 2 อ.บางละมุง จ.ชลบุรี 20260,20260
98251819673731,ธนาคารอาคารสงเคราะห์,เครื่อง Spare ของ DataOne พระราม 3  ชั้น 30,10120
A33W309469,ธนาคารอาคารสงเคราะห์,สาขาบ่อวิน 128/415-6 ถ.ปากร่วม-ห้วยปราบ ตำบลบ่อวิน อำเภอศรีราชา จังหวัดชลบุรี 20230  โทร.038-173-048-54,20230
A33W338129,ธนาคารอาคารสงเคราะห์,สาขาสุเทพ  อาคารเลขที่ 120/70 หมู่ที่ 10 ถนนเลียบคลองชลประทาน ตำบลสุเทพ อำเภอเมือง จังหวัดเชียงใหม่ 50200,50200
A345308978,ธนาคารอาคารสงเคราะห์,สาขาปากช่อง  เลขที่ 199 ถนนมิตรภาพ ตำบลปากช่อง อำเภอปากช่อง จังหวัดนครราชสีมา 30130,30130
A345446012,ธนาคารอาคารสงเคราะห์,สาขาแม็คโคร จรัญสนิทวงศ์  521/27 ศูนย์การค้าแม็คโคร จรัญสนิทวงศ์ ชั้น 2 ถนนจรัญสนิทวงศ์ 37 แขวงบางขุนศรี เขตบางกอกน้อย กรุงเทพมหานคร 10700  โทร.02-412-5650-3,10700
A35E445388,ธนาคารอาคารสงเคราะห์,สาขาสัตหีบ  507/30 หมู่ 2 ถนน สุขุมวิท ต.สัตหีบ อ.สัตหีบ จ.ชลบุรี 20180  โทรฯ 038-437-586-90,20180
A345446032,ธนาคารอาคารสงเคราะห์,สาขาพหลโยธิน  1291/1 เอไอเอสทาวเวอร์ ซอย 9 ถ.พหลโยธิน แขวงสามเสนใน เขตพญาไท กรุงเทพมหานคร 10400,10400
A35E445392,ธนาคารอาคารสงเคราะห์,สาขาอาคารชินวัตร 3  1010 ชั้น1 อาคารชินวัตร 3 ถ.วิภาวดีรังสิต แขวงจตุจักร เขตจตุจักร กรุงเทพมหานคร 10900,10900
98251819673717,ธนาคารอาคารสงเคราะห์,สาขาบ้านบึง  เลขที่ 88/25-26 ตำบลบ้านบึง อำเภอบ้านบึง จังหวัดชลบุรี 20170,20170
A33W309511,ธนาคารอาคารสงเคราะห์,สาขาปลวกแดง 296/22 ปลวกแดง-โรงน้ำตาล ตำบลปลวกแดง อำเภอปลวกแดง จังหวัดระยอง 21140  โทร.038-025-916-8,21140
A35E445389,ธนาคารอาคารสงเคราะห์,สาขาปลวกแดง  296/22 ถนน ปลวกแดง-โรงน้ำตาล ต.ปลวกแดง อ.ปลวกแดง จ.ระยอง 21140  โทรฯ 038-025-916-8,21140
98251819673728,ธนาคารอาคารสงเคราะห์,สาขานครนายก  74/144-145 ถนน สุวรรณศร ต.บ้านใหญ่ อ.เมืองนครนายก จ.นครนายก 26000,26000
A33W308899,ธนาคารอาคารสงเคราะห์,สาขาสำโรง 2222/2-3 หมู่ 4 ต.เทพารักษ์ อ.เมืองสมุทรปราการ จ.สมุทรปราการ 10270  โทร.02-384-3483-5,10270
A33W338124,ธนาคารอาคารสงเคราะห์,สาขาชัยนาท  302 ม.5 ต.บ้านกล้วย อ.เมือง จ.ชัยนาท 17000,17000
A345308943,ธนาคารอาคารสงเคราะห์,สาขาบุญศิริ  10/1-3  ถนนบุญศิริ แขวงศาลเจ้าพ่อเสือ เขตพระนคร กรุงเทพฯ 10200,10200
98251819673682,ธนาคารอาคารสงเคราะห์,สาขาพัทลุง  4-6 ถนนเพียรยินดี ตำบลคูหาสวรรค์ อำเภอเมือง จังหวัดพัทลุง 93000,93000
A33W309483,ธนาคารอาคารสงเคราะห์,สาขา รังสิต 821 ถ.รังสิต-นครนายก ต.ประชาธิปัตย์ อ.ธัญบุรี จ.ปทุมธานี 12130  โทร.02-996-1353-9,12130
A33W338092,ธนาคารอาคารสงเคราะห์,สาขากิ่งแก้ว 12/18 ถนนกิ่งแก้ว ตำบลราชาเทวะ อำเภอบางพลี จังหวัดสมุทรปราการ 10540,10540
A345308952,ธนาคารอาคารสงเคราะห์,สาขาลาดกระบัง  125 ถนนร่มเกล้า แขวงคลองสามประเวศ เขตลาดกระบัง กรุงเทพฯ  10520,10520
AC11230647,ธนาคารออมสิน,สาขาพร้อมพงษ์ 659 ปากซอยสุขุมวิท 39 ถ.สุขุมวิท แขวงคลองตันเหนือ เขตวัฒนา กทม. 10110 โทร. 02-662-7275-7,10110
AC11361068,ธนาคารออมสิน,สาขาอุดรธานี 108 ถ.หมากแข้ง ต.หมากแข้ง อ.เมือง จ.อุดรธานี 41000,41000
98251819673681,ธนาคารอาคารสงเคราะห์,สาขาเพชรบูรณ์  9/14 ถ.สระบุรี - หล่มสัก อ.สะเดียง อ.เมือง จ.เพชรบูรณ์ 67000,67000
A33W338158,ธนาคารอาคารสงเคราะห์,สาขาสะเดา-ด่านนอก  เลขที่ 999/13-15 หมู่ที่ 7 ถนนกาญจนวนิช ตำบลสำนักมะขาม อำเภอสะเดา จังหวัดสงขลา 90320,90320
A345308980,ธนาคารอาคารสงเคราะห์,สาขาตาก  4/9 ตำบลระแหง อำเภอเมือง จังหวัดตาก 63000,63000
A33W309479,ธนาคารอาคารสงเคราะห์,เคาน์เตอร์การเงิน บิ๊กซีเคหะร่มเกล้า 8/1-3 ถ.เคหะร่มเกล้า แขวงคลองสองต้นนุ่น เขตลาดกระบัง กรุงเทพฯ 10520 (ย้ายจาก สาขา เคาน์เตอร์การเงิน ไอเพลส ลาดกระบัง),10520
A33W309481,ธนาคารอาคารสงเคราะห์,สาขา บุญศิริ 10/1-3 ถนนบุญศิริ แขวงศาลเจ้าพ่อเสือ เขตพระนคร กรุงเทพมหานคร 10200  โทร. 02-622-1241-7,10200
A33W309486,ธนาคารอาคารสงเคราะห์,สาขา เซ็นทรัลพลาซ่า เวสต์เกต 199/3 หมู่ที่ 6 ตำบลเสาธงหิน อำเภอบางใหญ่ จังหวัดนนทบุรี 11140,11140
A33W309488,ธนาคารอาคารสงเคราะห์,สำนักงานใหญ่ (ย้ายมาจากหัวหมากทาวน์เซ็นเตอร์) 63 ถนนพระราม 9 เขตห้วยขวาง กรุงเทพมหานคร 10310  โทร.02-645-9000 (เครื่องย้ายมาอยู่ที่สำนักงานใหญ่ชั่วคราว),10310
A33W309493,ธนาคารอาคารสงเคราะห์,สาขาบ้านฉาง 67/40-41 ถนนสุขุมวิท ตำบลพลา อำเภอบ้านฉาง จังหวัดระยอง 21130 โทร.038-605-565-7,21130
A33W309505,ธนาคารอาคารสงเคราะห์,สาขาบุรีรัมย์ 491/2-4 ถ.จิระ ต.ในเมือง อ.เมือง จ.บุรีรัมย์ 31000  โทร.044-616-972-5,31000
A33W309507,ธนาคารอาคารสงเคราะห์,"สาขาเซ็นทรัลพลาซาขอนแก่น 99,99/1 ศูนย์การค้าเซ็นทรัลพลาซ่า ขอนแก่น ชั้น 3 ห้อง 360 ถ.ศรีจันทร์ ต.ในเมือง อ.เมือง จ.ขอนแก่น 40000 โทร.043-288-236, 043-288-378",40000
A33W309509,ธนาคารอาคารสงเคราะห์,สาขา นิคมพัฒนา 239/23 กิ่งอำเภอนิคมพัฒนา ต.นิคมพัฒนา อ.นิคมพัฒนา จ.ระยอง 21180 โทร. 0-3863-7086-9,21180
A33W309513,ธนาคารอาคารสงเคราะห์,"สาขานครสวรรค์ 867/125 หมู่ 9 ถ.สวรรค์วิถี ต.นครสวรรค์ตก อ.เมือง จ.นครสวรรค์ 60000 โทร.056372183, 056221415",60000
A33W309515,ธนาคารอาคารสงเคราะห์,"สาขาเซ็นทรัลพลาซ่าอุดรธานี 321 ศูนย์การค้าเซ็นทรัลพลาซา อุดรธานี ถ.ประจักษ์ศิลปาคม ต.หมากแข้ง อ.เมือง จ.อุดรธานี 41000  โทร.042-921-371-2, 042-921-496-7",41000
A33W338077,ธนาคารอาคารสงเคราะห์,สาขาศาลายา  236-237 หมู่ที่ 9 ถนนพุทธมณฑลสาย 4 ตำบลกระทุ่มล้ม อำเภอสามพราน จังหวัดนครปฐม 73220,73220
A33W338078,ธนาคารอาคารสงเคราะห์,สาขาพระราม 2  96/10-12 โครงการชัยกูลทาวเวอร์ ถนนพระราม 2 แขวงบางมด เขตจอมทอง กรุงเทพฯ 10150,10150
A33W338080,ธนาคารอาคารสงเคราะห์,สาขาลาดกระบัง 125 ถนนร่มเกล้า แขวงคลองสามประเวศ เขตลาดกระบัง กรุงเทพฯ  10520,10520
A33W338082,ธนาคารอาคารสงเคราะห์,สาขาสุขาภิบาล 3  58/75 หมู่ที่ 4 ถนนสุขาภิบาล 3 แขวงสะพานสูง เขตสะพานสูง กรุงเทพฯ 10240,10240
A33W338089,ธนาคารอาคารสงเคราะห์,สาขาสี่แยกบ้านแขก  เลขที่ 121 ถ.อิสรภาพ แขวงสมเด็จเจ้าพระยา เขตคลองสาน กรุงเทพฯ 10600,10600
A33W338090,ธนาคารอาคารสงเคราะห์,สาขาฉะเชิงเทรา 183 ถ.ฉะเชิงเทรา-บางปะกง ต.หน้าเมือง อ.เมือง จ.ฉะเชิงเทรา 24000,24000
A33W338108,ธนาคารอาคารสงเคราะห์,สาขาเซ็นต์หลุยส์  20/1 ซอยสาทร 11 (ซอยเซ็นต์หลุยส์ 3) ถนนสาทรใต้ แขวงสาทร เขตสาทร กรุงเทพฯ 10120,10120
A33W338111,ธนาคารอาคารสงเคราะห์,สาขาสุขุมวิท  1 อาคารกลาสเฮ้าส์บิดดิ้ง ซ.สุขุมวิท 25 แขวงคลองเตย เขตคลองเตย จ.กรุงเทพฯ 10110,10110
A33W338112,ธนาคารอาคารสงเคราะห์,สาขาพิจิตร  1/77-8 ถนนศรีมาลา ตำบลในเมือง อำเภอเมืองพิจิตร จังหวัดพิจิตร 66000 โทรศัพท์ 0-5665-0181-4,66000
A33W338115,ธนาคารอาคารสงเคราะห์,สาขาชัยภูมิ 171/8-12 ถ.สนามบิน ต.ในเมือง อ.เมือง จ.ชัยภูมิ 36000,36000
A33W338119,ธนาคารอาคารสงเคราะห์,สาขาสกลนคร  389 ถ.สี่แยกคูเมือง-ไอทียู ต.ธาตุเชิงมุม อ.เมือง จ.สกลนคร 47000,47000
A33W338121,ธนาคารอาคารสงเคราะห์,สาขายโสธร  55/3 ถ.รัตนเขต ต.ในเมือง อ.เมือง จ.ยโสธร 35000,35000
A33W338128,ธนาคารอาคารสงเคราะห์,สาขาสุโขทัย  2 ถนนมหาราช ตำบลธานี อำเภอเมือง จังหวัดสุโขทัย 64000,64000
A33W338133,ธนาคารอาคารสงเคราะห์,สาขาถลาง  59/11-12 หมู่ที่ 5 ถนนเทพกษัตรีย์ ตำบลศรีสุนทร อำเภอถลาง จังหวัดภูเก็ต 83110,83110
A33W338136,ธนาคารอาคารสงเคราะห์,สาขากระบี่  1/6-7 5 ถ.ร่วมจิต ต.ปากน้ำ อ.เมือง จ.กระบี่ 81000,81000
A33W338142,ธนาคารอาคารสงเคราะห์,สาขาปัตตานี  60/1-2 ถนนยะรัง ตำบลอาเนาะรู อำเภอเมือง จังหวัดปัตตานี 94000,94000
A33W338145,ธนาคารอาคารสงเคราะห์,สาขานราธิวาส  57/3-4 ถนนสุริยประดิษฐ์ ตำบลบางนาค อำเภอเมือง จังหวัดนราธิวาส 96000,96000
A33W338150,ธนาคารอาคารสงเคราะห์,"สาขาภูเขียว  83, 83/1 หมู่ที่ 2 ถนนชัยภูมิ-ภูเขียว ตำบลผักปัง อำเภอภูเขียว จังหวัดชัยภูมิ 36110",36110
A33W338154,ธนาคารอาคารสงเคราะห์,สาขาบึงกาฬ  405/4  หมู่ที่ 1 ตำบลบึงกาฬ อำเภอเมือง จังหวัดบึงกาฬ 38000,38000
A33W338157,ธนาคารอาคารสงเคราะห์,สาขาระนอง  4/51 ถนนเพชรเกษม ตำบลบางริ้น อำเภอเมือง จังหวัดระนอง 85000,85000
A33W338162,ธนาคารอาคารสงเคราะห์,สาขาบึงสามพัน  18 หมู่ที่ 10 ถนนสระบุรี-หล่มสัก ตำบลบึงสามพัน อำเภอบึงสามพัน จังหวัดเพชรบูรณ์ 67160,67160
A33W338165,ธนาคารอาคารสงเคราะห์,สาขาเดอะมอลล์บางกะปิ  ชั้น 1 ฝั่งพลาซ่า เลขที่ 3522 ถ.ลาดพร้าว แขวงคลองจั่น เขตบางกะปิ กทม. 10240,10240
A345308933,ธนาคารอาคารสงเคราะห์,สาขา อมตะนคร  700/17 หมู่ที่ 1 ตำบลคลองบำหรุ อำเภอเมือง จังหวัดชลบุรี 20000,20000
A345308938,ธนาคารอาคารสงเคราะห์,สาขาแจ้งวัฒนะ  431 ถ.เมืองทองธานี (บอนด์สตรีท) ต.บางพูด (บางพัง) อ.ปากเกร็ด (ตลาดขวัญ) จ.นนทบุรี 11120,11120
A345308942,ธนาคารอาคารสงเคราะห์,สาขาเซ็นต์หลุยส์ 3  20/1 ซอยสาทร 11 (ซอยเซ็นต์หลุยส์ 3) ถนนสาทรใต้ แขวงสาทร เขตสาทร กรุงเทพฯ 10120,10120
A345308945,ธนาคารอาคารสงเคราะห์,สาขารังสิต  37/1  หมู่ทื่ 6 ถนนรังสิต นครนายก ตำบลประชาธิปัตย์ อำเภอธัญบุรี จังหวัดปทุมธานี 12130,12130
A345308947,ธนาคารอาคารสงเคราะห์,เคาน์เตอร์การเงิน บิ๊กซีบางปะกอก  278 หมู่ที่ 1 ถนนสุขสวัสดิ์ แขวงบางประกอก เขตราษฏร์บูรณะ กรุงเทพฯ 10101,10101
A345308955,ธนาคารอาคารสงเคราะห์,สาขามีนบุรี  10/1 ศูนย์การค้าเสียงสมบูรณ์ ถนน สีหบุรานุกิจ แขวงมีนบุรี เขตมีนบุรี กรุงเทพมหานคร 10510,10510
A345308960,ธนาคารอาคารสงเคราะห์,สาขาพระราม 6  1557 ถนนพิบูลสงคราม แขวงบางซื่อ เขตบางซื่อ กรุงเทพฯ 10800,10800
A345308961,ธนาคารอาคารสงเคราะห์,สาขาบางใหญ่  52/63-64 บางใหญ่ซิตี้ ซอย 3 ถนนตลิ่งขัน-สุพรรณบุรี ตำบลเสาธงหิน อำเภอบางใหญ่ จังหวัดนนทบุรี 11140,11140
A345308966,ธนาคารอาคารสงเคราะห์,สาขาพุทธมณฑล  9 ม.6 ซ.พงษ์ศิริชัย ถ.บรมราชชนนี แขวงศาลาธรรมสพน์ เขตทวีวัฒนา จ.กรุงเทพฯ 10170,10170
A345308969,ธนาคารอาคารสงเคราะห์,"สาขาปทุมธานี  34/1,34/3 ถนนกรุงเทพฯ-ปทุมธานี ตำบลบ้านฉาง อำเภอเมือง จังหวัดปทุมธานี 12000",12000
A345308975,ธนาคารอาคารสงเคราะห์,สาขานิคมพัฒนา  เลขที่ 239/23 ตำบลนิคมพัฒนา อำเภอนิคมพัฒนา จังหวัดระยอง 21180,21180
A345308977,ธนาคารอาคารสงเคราะห์,"สาขาร้อยเอ็ด  389,391 ถ.แจ้งสนิท ต.ในเมือง อ.เมือง จ.ร้อยเอ็ด 45000",45000
A345308981,ธนาคารอาคารสงเคราะห์,"สาขา นครสวรรค์  867/125 หมู่ 9 ถ.สวรรค์วิถี ต.นครสวรรค์ตก อ.เมือง จ.นครสวรรค์ 60000 โทร.056-221-415,056-224-637,056-229-501",60000
A345308986,ธนาคารอาคารสงเคราะห์,สาขายะลา  215/3-4 ถนนสิโรรส ตำบลสะเตง อำเภอเมือง จังหวัดยะลา 95000,95000
A345308989,ธนาคารอาคารสงเคราะห์,สาขานครนายก  74/144-145 หมู่ที่ 7 ถนนสุวรรณศร ตำบลบ้านใหญ่ อำเภอเมือง จังหวัดนครนายก 26000,26000
A345446013,ธนาคารอาคารสงเคราะห์,"สาขาเซ็นทรัลพลาซา เวสต์เกต  199, 199/1, 199/2 ศูนย์การค้าเซ็นทรัลพลาซา เวสต์เกต หมู่ 6 ต.เสาธงหิน อ.บางใหญ่ จ.นนทบุรี",11140
A345446016,ธนาคารอาคารสงเคราะห์,สาขามุกดาหาร  44/32 ถ.พิทักษ์พนมเขต ต.มุกดาหาร อ.เมืองมุกดาหาร จ.มุกดาหาร 49000,49000
A345446021,ธนาคารอาคารสงเคราะห์,สาขาบ้านบึง  88/25-26 ต.บ้านบึง อ.บ้านบึง จ.ชลบุรี 20170,20170
A345446024,ธนาคารอาคารสงเคราะห์,สาขาเชียงใหม่  260 ถ.ซุปเปอร์ไฮเวย์ ต.วัดเกต อ.เมืองเชียงใหม่ จ.เชียงใหม่ 50000,50000
A345446026,ธนาคารอาคารสงเคราะห์,สาขาเซ็นทรัลพลาซา เชียงใหม่แอร์พอร์ต 380-381 ถ.มหิดล ต.หายยา อ.เมืองเชียงใหม่ จ.เชียงใหม่ 50100,50100
A345446029,ธนาคารอาคารสงเคราะห์,"สาขาแฟชั่นไอส์แลนด์  587,589,589/7-9 ศูนย์การค้าแฟชั่นไอส์แลนด์ ถ.รามอินทรา แขวงคันนายาว เขตคันนายาว กรุงเทพมหานคร 10230",10230
A345446033,ธนาคารอาคารสงเคราะห์,สาขาสุขสวัสดิ์  94 ศูนย์การค้าบิ๊กซี ซุปเปอร์เซ็นเตอร์ ห้อง 2CR206 ชั้น 2 ต.บางพึ่ง อ.พระประแดง จ.สมุทรปราการ 10130,10130
A345446035,ธนาคารอาคารสงเคราะห์,สาขาบ้านฉาง 67/40-41 ถ.สุขุมวิท ต.พลา อ.บ้านฉาง จ.ระยอง 21130,21130
A345446041,ธนาคารอาคารสงเคราะห์,สาขาเมกา บางนา  39 ศูนย์การค้าเมกาบางนา ห้อง 1744 ชั้น 1 ถนนบางนา-ตราด กม.9 ตัด ถนนวงแหวนฝั่งตะวันออก ต.บางพลีใหญ่ อ.บางพลี จ.สมุทรปราการ 10540,10540
A345446044,ธนาคารอาคารสงเคราะห์,สาขาตรัง  59/16-18 ถ.ห้วยยอด ต.ทับเที่ยง อ.เมืองตรัง จ.ตรัง,92000
A345446046,ธนาคารอาคารสงเคราะห์,สาขาถนนจอมพล 704/14-17 ถ.จอมพล ต.ในเมือง อ.เมืองนครราชสีมา จ.นครราชสีมา 30000,30000
A345446051,ธนาคารอาคารสงเคราะห์,สาขาหัวหิน 178/12-13 ถ.เพชรเกษม ต.หัวหิน อ.หัวหิน จ.ประจวบคีรีขันธ์ 77110,77110
A345446054,ธนาคารอาคารสงเคราะห์,สาขานครชัยศรี 79/8 ตำบลไทยาวาส อำเภอนครชัยศรี  จังหวัดนครปฐม 73120,73120
A35E422177,ธนาคารอาคารสงเคราะห์,สาขาสุขสวัสดิ์ (Big C)  94 ศูนย์การค้าบิ๊กซี ซุปเปอร์เซ็นเตอร์ ห้อง 2CR206 ชั้น 2 ต.บางพึ่ง อ.พระประแดง จ.สมุทรปราการ 10130  โทรฯ 02-463-7322-5,10130
A35E445385,ธนาคารอาคารสงเคราะห์,สนญ(หน้าธนาคาร) ตัวที่ 1  63 พระราม 9 แขวงห้วยขวาง เขตห้วยขวาง กรุงเทพมหานคร 10310  โทรฯ 02-645-9000,10310
A35E445391,ธนาคารอาคารสงเคราะห์,สาขาบิ๊กซี สมุทรปราการ  498/1 ศูนย์การค้าบิ๊กซี สมุทรปราการ ห้อง 3CR306/1 ชั้น 3 ถ.สุขุมวิท ต.ปากน้ำ อ.เมืองสมุทรปราการ จ.สมุทรปราการ 10270  โทรฯ 02-389-1602-4,10270
A35E445393,ธนาคารอาคารสงเคราะห์,"สาขาทุ่งสง  6/1 ถ.ชัยชุมพล ต.ปากแพรก อ.ทุ่งสง จ.นครศรีธรรมราช 80110  โทรฯ 075-411-363,075-411-579",80110
A35E445396,ธนาคารอาคารสงเคราะห์,สาขาแพร่  164/3-5 ถ.ยันตรกิจโกศล ต.ในเวียง อ.เมืองแพร่ จ.แพร่ 54000,54000
AC11230643,ธนาคารออมสิน,สาขาเซ็นทรัลปิ่นเกล้า ชั้น 4 ห้องเลขที่ 405 ศูนย์การค้าเซ็นทรัลพลาซ่า ปิ่นเกล้า 7/222 ถ.บรมราชชนนี แขวงอรุณอมรินทร์ เขตบางกอกน้อย กทม. 10700 โทร. 02-433-9754-5,10700
AC11361057,ธนาคารออมสิน,สาขามีโชคพลาซ่า บริเวณชั้น 1 ห้อง F1 TS1-F1 TS2  เลขที่ 206 หมู่ 6 ถนนเชียงใหม่-พร้าว ต.ฟ้าฮ่าม อ.เมือง จ.เชียงใหม่ ,50000
AC2Z338178,ธนาคารอาคารสงเคราะห์,"สาขาแฟชั่น ไอส์แลนด์ 587,589,589/7-9 ศูนย์การค้าแฟชั่นไอส์แลนด์ ถ.รามอินทรา แขวงคันนายาว เขตคันนายาว กรุงเทพมหานคร 10230  โทร. 02-947-5553-4 แฟกซ์. 02-947-5554 ต่อ 108",10230
AC2Z338189,ธนาคารอาคารสงเคราะห์,"สาขาเดอะมอลล์ บางแค ศูนย์การค้าเดอะมอลล์บางแค ชั้น 3 ฝั่งพลาซ่า 518 ถ.เพชรเกษม แขวงบางแคเหนือ   เขตบางแค  กรุงเทพมหานคร 10160  โทร. 02-4549430, 02-4829517-20  แฟกซ์. 02-4549430 ต่อ 105",10160
AC2Z338190,ธนาคารอาคารสงเคราะห์,สาขาสุขสวัสดิ์  94 ศูนย์การค้าบิ๊กซี ซุปเปอร์เซ็นเตอร์ ห้อง 2CR206 ชั้น 2 ต.บางพึ่ง อ.พระประแดง จ.สมุทรปราการ 10130  โทร. 02-463-7322-5 แฟกซ์. 0-2-463-7322-5 กด 107,10130
AC2Z338191,ธนาคารอาคารสงเคราะห์,สาขาซีคอนบางแค 607 ศูนย์การค้าซีคอนบางแค ห้อง 331A ชั้น 3 ถ.เพชรเกษม แขวงบางหว้า เขตภาษีเจริญ กรุงเทพมหานคร 10160  โทร. 0-2458-2960-2 แฟกซ์. 02-458-2963,10160
AC2Z338194,ธนาคารอาคารสงเคราะห์,สาขาศรีนครินทร์ ศูนย์การค้าพาราไดซ์ พาร์ค ชั้น 2 (ห้องเลขที่ F02C012) 61 ถนน ศรีนครินทร์ แขวงหนองบอน เขตประเวศ กรุงเทพมหานคร 10250  โทร. 02-780-2271-6,10250
T091B030B373G262,ธนาคารออมสิน,สาขาคีรีรัฐนิคม(G1) 176 ต.ท่าขนอน อ.คีรีรัฐนิคม จ.สุราษฎร์ธานี 84180,84180
T091B030B603G262,ธนาคารออมสิน,สาขานิคมอุตสาหกรรมภาคเหนือ จังหวัดลำพูน(G1) 107/17-18 หมู่ 4 ต.บ้านกลาง อ.เมืองลำพูน จ.ลำพูน 51000,51000
T092B030B603G262,ธนาคารออมสิน,สาขานิคมอุตสาหกรรมภาคเหนือ จังหวัดลำพูน(G2) 107/17-18 หมู่ 4 ต.บ้านกลาง อ.เมืองลำพูน จ.ลำพูน 51000,51000
T024B030BE51G262,ธนาคารออมสิน,7-Eleven สาขาลี้ (9161) 50/26 28 ม.14 ต.ลี้ อ.ลี้ จ.ลำพูน 51110,51110
T091B030B228G262,ธนาคารออมสิน,สาขาห้างฉัตร(G1) 116 ถ.ห้างฉัตร-เกาะคา ต.ห้างฉัตร อ.ห้างฉัตร จ.ลำปาง 52190,52190
T091B030B234G262,ธนาคารออมสิน,สาขาตรอน(G1) 78/12 หมู่ที่ 2 ถ.รพช. ต.บ้านแก่ง อ.ตรอน จ.อุตรดิตถ์ 53140,53140
T092B030B830G262,ธนาคารออมสิน,าคารออมสิน สาขาหนองบุญมาก(G2)245 หมู่ที่ 6 ต.หนองหัวแรต อ.หนองบุญมาก จ.นครราชสีมา 30410,30410
T091B030B202G262,ธนาคารออมสิน,สาขาบางกระทุ่ม(G1) 146 หมู่ 4 ถ.ออมสินอุทิศ ต.บางกระทุ่ม อ.บางกระทุ่ม จ.พิษณุโลก 65110,65110
T091B030B374G262,ธนาคารออมสิน,สาขาเขมราฐ(G1) 50 ถ.อรุณประเสริฐ ต.เขมราฐ อ.เขมราฐ จ.อุบลราชธานี 34170,34170
T091B030B542G262,ธนาคารออมสิน,สาขาอุทุมพรพิสัย(G1) 845 หมู่ 7 ถ. เพียรพจนกิจ ต. กำแพง อ. อุทุมพรพิสัย จ.ศรีสะเกษ 33120,33120
T091B0301039G262,ธนาคารออมสิน,สาขาเดอะไนน์ พระราม 9(G1) 999/1-4 ถ.พระราม 9 แขวงสวนหลวง เขตสวนหลวง กรุงเทพมหานคร 10250,10250
T091B0301043G262,ธนาคารออมสิน,"สาขาเซ็นทรัล อีสต์วิลล์(G1) 69, 69/1, 69/2 ถ.ประดิษฐ์มนูธรรม แขวงลาดพร้าว เขตลาดพร้าว กรุงเทพมหานคร 10230",10230
T092B030B440G262,ธนาคารออมสิน,สาขาชัยสมรภูมิ(G2) 417/14 ถ.ราชวิถี แขวงทุ่งพญาไท เขตราชเทวี กรุงเทพฯ 10400,10400
T092B030B862G262,ธนาคารออมสิน,สาขาหนองเบน(G2) 248/4-6 หมู่ที่ 15 ต.หนองกระโดน อ.เมืองนครสวรรค์ จ.นครสวรรค์ 60240,60240
T092B030B639G262,ธนาคารออมสิน,สาขาตลาดศรีนคร(G2) 558/68-69 หมู่ที่ 9 ต.นครสวรรค์ตก อ.เมืองนครสวรรค์ จ.นครสวรรค์ 60000,60000
T091B030B711G262,ธนาคารออมสิน,สาขาหนองปลิง(G1) 704-705 หมู่ที่ 2 ต.หนองปลิง อ.เมืองนครสวรรค์ จ.นครสวรรค์ 60000,60000
T091B0301055G262,ธนาคารออมสิน,สาขาสะพานใหม่ ชัยนาท(G1) 363/6-7  ถนนทางหลวง 340 ต.บ้านกล้วย อ.เมือง จ.ชัยนาท 17000,17000
T092B030B704G262,ธนาคารออมสิน,สาขาวังม่วง(G2) 93 หมู่ 7 ต.คำพราน อ.วังม่วง จ.สระบุรี 18220,18220
T091B030B271G262,ธนาคารออมสิน,สาขาสตึก(G1) 49 หมู่ 16 ถ.ท่าช้าง ต.นิคม อ.สตึก จ.บุรีรัมย์ 31150,31150
T091B030B366G262,ธนาคารออมสิน,สาขาประทาย(G1) 84 หมู่ 7 ถ.เจนจบทิศ ต.ประทาย อ.ประทาย จ.นครราชสีมา 90180,90180
T092B030B028G262,ธนาคารออมสิน,สาขาลพบุรี(G2) 26/1 ถ.วิชาเยนทร์ ต.ท่าหิน อ.เมืองลพบุรี จ.ลพบุรี 15000,15000
T091B030B671G262,ธนาคารออมสิน,สาขาแก้งสนามนาง(G1) 52 หมู่ที่ 9 ถ.นิเวศน์รัตน์ ต.แก้งสนามนาง อ.แก้งสนามนาง จ.นครราชสีมา 30440,30440
T033B030BE57G262,ธนาคารออมสิน,ร้านทรี โอ มาร์ท 172 หมู่2 ต.แม่สรวย อ.แม่สรวย จ.เชียงราย 57180,57180
T029B030BE57G262,ธนาคารออมสิน,7-Eleven สาขาเชียงของ 2(7922) ต.เวียง อ.เชียงของ จ.เชียงราย 57140,57140
T091B030B129G262,ธนาคารออมสิน,สาขากระทุ่มแบน(G1) 1322  ถ.สุคนธวิท ต.ตลาดกระทุ่มแบน อ.กระทุ่มแบน จ.สมุทรสาคร 74110,74110
T092B030B703G262,ธนาคารออมสิน,สาขาเมืองสมุทร(G2) 369/1 ถ.สุขุมวิท ต.ปากน้ำ อ.เมืองสมุทรปราการ จ.สมุทรปราการ 10270,10270
T092B030B867G262,ธนาคารออมสิน,"สาขานิคมอุตสาหกรรมบางปู(G2) 989, 989/1-3 หมู่ที่ 6 ต.แพรกษา อ.เมืองสมุทรปราการ  จ.สมุทรปราการ 10280",10280
T091B030B011G262,ธนาคารออมสิน,สาขาอุดรธานี(G1) 108 ถ.หมากแข้ง ต.หมากแข้ง อ.เมืองอุดรธานี จ.อุดรธานี 41000,41000
T092B030B856G262,ธนาคารออมสิน,สาขาแม่อาย(G2) 2 หมู่ที่ 7 ต.แม่อาย อ.แม่อาย จ.เชียงใหม่ 50280,50280
T092B030B225G262,ธนาคารออมสิน,สาขาดอยสะเก็ด(G2) 39 หมู่ที่ 3 ต.เชิงดอย อ.ดอยสะเก็ด จ.เชียงใหม่ 50220,50220
T124B030BE34G262,ธนาคารออมสิน,สำนักงานเทศบาลตำบลอ่างศิลา หมู่ที่ 9 ถ.ดอนจิก-โนนเลียง ต.อ่างศิลา อ.พิบูลมังสาหาร จ.อุบลราชธานี 34110,34110
T091B030B526G262,ธนาคารออมสิน,สาขาเทิง(G1) 38/2 หมู่ที่ 1 ถ.เทิง-เชียงของ ต.เวียง อ.เทิง จ.เชียงราย 57160,57160
T093B030B963G262,ธนาคารออมสิน,หน่วยให้บริการมหาวิทยาลัยราชภัฏเชียงราย(G1) ถนนพหลโยธิน ตำบลบ้านดู่ อำเภอเมืองเชียงราย จ.เชียงราย 57100,57100
T091B030B056G262,ธนาคารออมสิน,สาขาเชียงราย(G1) 513 ถ.ธนาลัย ต.เวียง อ.เมืองเชียงราย จ.เชียงราย 57000,57000
T091B030B240G262,ธนาคารออมสิน,สาขาแม่สาย(G1) 80 หมู่ที่ 1 ต.เวียงพางคำ อ.แม่สาย จ.เชียงราย 57130,57130
T106B030BE57G262,ธนาคารออมสิน,หน่วยให้บริการแลกเปลี่ยนเงินตราต่างประเทศ ณ วัดร่องขุ่น(G1) ตำบล ป่าอ้อดอนไชย อำเภอเมือง จ.เชียงราย 57000,57000
T091B030B593G262,ธนาคารออมสิน,สาขากลางเวียง(G1) 491 ถ.อุตรกิจ ต.เวียง อ.เมืองเชียงราย จ.เชียงราย 57000,57000
T091B030B089G262,ธนาคารออมสิน,สาขาพะเยา(G1) 20 ถ.ท่ากว๊าน ต.เวียง อ.เมืองพะเยา จ.พะเยา 56000,56000
T091B030B584G262,ธนาคารออมสิน,สาขาดอนตาล(G1) สำนักงานพัฒนาชุมชน หมู่ที่ 7 ถ.เหมาลา ต.ดอนตาล อ.ดอนตาล จ.มุกดาหาร 49120,49120
T091B0301032G262,ธนาคารออมสิน,สาขานาอาน(G1) 188/1 ถ.- ต.นาอาน อ.เมือง จ.เลย 42000,42000
T091B0301021G262,ธนาคารออมสิน,สาขาโรบินสัน ปราจีนบุรี(G1) 72 หมู่ 3 ต.บางบริบูรณ์ อ.เมือง จ.ปราจีนบุรี 25000,25000
T091B030B717G262,ธนาคารออมสิน,สาขาห้างนราไฮเปอร์มาร์ท(G1) ห้างนราไฮเปอร์มาร์ท เลขที่ 155 ถ.สุมนเทวราช ต.ในเวียง อ.เมืองน่าน จ.น่าน 55000,55000
T009B030BE57G262,ธนาคารออมสิน,เทสโก้ โลตัสตลาด สาขาพาน 2567 หมู่ 1  ต. เมืองพาน อ. พาน จ.เชียงราย  57120,57120
T054B030BE57G262,ธนาคารออมสิน,ตลาดสันทรายหลวง 191 หมู่9 ต.สันทราย อ.เมือง จ.เชียงราย 57000,57000
T091B030B239G262,ธนาคารออมสิน,สาขาแม่จัน(G1) 6 หมู่ที่ 2 ถ.หิรัญนคร ต.แม่จัน อ.แม่จัน จ.เชียงราย 57110,57110
T091B030B241G262,ธนาคารออมสิน,สาขาเชียงคำ(G1) 457 หมู่ที่ 15 ต.หย่วน อ.เชียงคำ จ.พะเยา 56110,56110
T091B030B304G262,ธนาคารออมสิน,สาขาวังสะพุง(G1) 369 หมู่ที่ 8 ถ.ภูมิวิถี ต.วังสะพุง อ.วังสะพุง จ.เลย 42130,42130
T021B030BE34G262,ธนาคารออมสิน,ตลาดสดเทศบาลตำบลบุณฑริก  ตลาดสดเทศบาลตำบลบุณฑริก ถ.บุณฑริก-เดชอุดม อ.บุณฑริก จ.อุบลราชธานี,34230
T091B030B891G262,ธนาคารออมสิน,สาขาซิตี้มอลล์ อุบลราชธานี(G1)  อาคารสุนีย์ทาวเวอร์ ห้องที่ 105 ชั้น 1 เลขที่ 512/8 ถ.ชยางกูร ต.ในเมือง อ.เมืองอุบลราชธานี จ.อุบลราชธานี 34000,34000
T091B0301038G262,ธนาคารออมสิน,สาขาถนนสถิตย์นิมานกาล(G1) เลขที่ 41/9 ถนนสถิตย์นิมานการ ตำบลพิบูล ภายในอาคาร บิ๊กซี มาร์เก็ต พิบูลมังสาหาร อ.พิบูลมังสาหาร จ.อุบลราชธานี 34110,34110
T091B0301080G262,ธนาคารออมสิน,สาขาท็อปส์ พลาซ่า สิงห์บุรี(G1) ห้องเลขที่ RT102 ชั้น 1 ศูนย์การค้า ท็อปส์ พลาซ่า สิงห์บุรี เลขที่ 105 หมู่ที่ 1 ทางหลวงสายเอเซีย ต.บางมัญ อ.เมืองสิงห์บุรี จ.สิงห์บุรี 16000,16000
T054B030BE30G262,ธนาคารออมสิน,ร้านเอ็น แอน เอ็น ศึกษาภัณฑ์ 4 หมู่ 1 ต.ขุนทอง อ.บัวใหญ่ จ.นครราชสีมา 30120,30120
T091B030B641G262,ธนาคารออมสิน,สาขากาดน้ำทองแพร่(G1) 600/7-8 หมู่ที่ 9 ถ.น้ำทอง ต.นาจักร อ.เมืองแพร่ จ.แพร่ 54000,54000
T091B030B778G262,ธนาคารออมสิน,สาขาทรัพย์ไพรวัลย์(G1) 222/1-3 หมู่ที่ 7 ต.แก่งโสภา อ.วังทอง จ.พิษณุโลก 65220,65220
T091B030B695G262,ธนาคารออมสิน,สาขาคีรีมาศ(G1) 20 หมู่ที่ 16 ถ.กำแพงเพชร-สุโขทัย ต.โตนด อ.คีรีมาศ จ.สุโขทัย 64160,64160
T091B030B476G262,ธนาคารออมสิน,สาขาประชารักษา(G1) 85/2 ถ.ประชารักษา ต.หมากแข้ง อ.เมืองอุดรธานี จ.อุดรธานี 41000,41000
T092B030B476G262,ธนาคารออมสิน,สาขาประชารักษา(G2) 85/2 ถ.ประชารักษา ต.หมากแข้ง อ.เมืองอุดรธานี จ.อุดรธานี 41000,41000
T091B030B802G262,ธนาคารออมสิน,สาขาสุวรรณคูหา(G1) 155-155/1 หมู่ที่ 6 ถ.พระไชยเชษฐา ต.สุวรรณคูหา อ.สุวรรณคูหา จ.หนองบัวลำภู 39270,39270
T038B030BE50G262,ธนาคารออมสิน,7-Eleven สาขาบ้านเมืองแกนพัฒนา (8282)  17 ม.5 ต.อินทขิล อ.แม่แตง จ.เชียงใหม่ 50150,50150
T071B030BE50G262,ธนาคารออมสิน,7-Eleven สาขาไชยปราการ 2 (8160) หมู่ 2 ต.ปงคำ อ.ไชยปราการ จ.เชียงใหม่ 50320,50320
T091B030B728G262,ธนาคารออมสิน,สาขาทองหล่อ(G1) 159/7-8 ซ.สุขุมวิท 55 (ทองหล่อ) แขวงคลองตันเหนือ เขตวัฒนา กรุงเทพฯ 10110,10110
T123B030BE34G262,ธนาคารออมสิน,ตลาดสดศรีอุดม เลขที่ 238 หมู่ 8 ต.นาโพธิ์ อ.บุญฑริก จ.อุบลราชธานี 34230,34230
T091B030B399G262,ธนาคารออมสิน,สาขาบางลำภูบน(G1) 23-26 ถ.สิบสามห้าง แขวงตลาดยอด เขตพระนคร กรุงเทพฯ 10200,10200
T091B030B218G262,ธนาคารออมสิน,สาขาสันป่าตอง(G1) 515 หมู่ที่ 10 ต.ยุหว่า อ.สันป่าตอง จ.เชียงใหม่ 50120,50120
T091B030B221G262,ธนาคารออมสิน,สาขาจอมทอง(G1) 175/1 หมู่ที่ 4 ต.บ้านหลวง อ.จอมทอง จ.เชียงใหม่ 50160,50160
T092B030B883G262,ธนาคารออมสิน,สาขาเซ็นทรัล อุดรธานี(G2) ห้างสรรพสินค้าเซ็นทรัลพลาซา อุดรธานี ชั้น 3 เลขที่ 320 ต.หมากแข้ง อ.เมืองอุดรธานี จ.อุดรธานี 41000,41000
T091B030B307G262,ธนาคารออมสิน,สาขาหนองหาน(G1) 98 หมู่ที่ 10 ถ.อภัยสำราญ ต.หนองหาน อ.หนองหาน จ.อุดรธานี 41130,41130
T092B030B312G262,ธนาคารออมสิน,สาขาศรีบุญเรือง(G2) 164/1 หมู่ที่ 13 ถ.สอนร่วมมิตร ต.เมืองใหม่ อ.ศรีบุญเรือง จ.หนองบัวลำภู 39180,39180
T466B030BE10G262,ธนาคารออมสิน,mini Big C สาขาเอสโซ่ แสมดำ พระราม 2 623/2 ถ.พระรามที่ 2 แขวงแสมดำ เขตบางขุนเทียน กรุงเทพฯ 10150,10150
T091B0301077G262,ธนาคารออมสิน,สาขาเซ็นทรัล มหาชัย(G1) ศูนย์การค้าเซ็นทรัล พลาซา มหาชัย ห้องเลขที่ 286 ชั้น 2 เลขที่ 98 หมู่ที่ 4 ต.นาดี อ.เมืองสมุทรสาคร จ.สมุทรสาคร 74000,74000
T092B030B090G262,ธนาคารออมสิน,สาขาแม่ฮ่องสอน(G2) 28 ถ.ประดิษฐ์จองคำ ต.จองคำ อ.เมืองแม่ฮ่องสอน จ.แม่ฮ่องสอน 58000,58000
T092B030B242G262,ธนาคารออมสิน,สาขาแม่สะเรียง(G2) 164 หมู่ที่ 2 ถ.เวียงใหม่ ต.แม่สะเรียง อ.แม่สะเรียง จ.แม่ฮ่องสอน 58110,58110
T091B030B600G262,ธนาคารออมสิน,สาขาปาย(G1) 485/3-4 หมู่ที่ ต.เวียงใต้ อ.ปาย จ.แม่ฮ่องสอน 58130,58130
T091B030B784G262,ธนาคารออมสิน,สาขาท่าคันโท(G1) 158 หมู่ที่ 1 ต.ท่าคันโท อ.ท่าคันโท จ.กาฬสินธุ์ 46190,46190
T635B030BE10G262,ธนาคารออมสิน,สถานีบริการน้ำมันบางจาก อ่อนนุช 46 (หจก.เอส.แอล.คาร์แค) 1622 ถ.อ่อนนุช แขวงสวนหลวง เขตสวนหลวง กรุงเทพฯ 10250,10250
T053B030BE10G262,ธนาคารออมสิน,Family Mart สาขาคลองตัน 1200 ถ.สุขุมวิท 71 สวนหลวง กรุงเทพฯ ใกล้แยกคลองตัน ติดกับป้ายรถเมล์,10110
T006B030BE12G262,ธนาคารออมสิน,การไฟฟ้านครหลวงเขตบางใหญ่ 38/15 อาคาร 1 ชั้น 1 ม.10 ต.บางเลน อ.บางใหญ่ จ.นนทบุรี 11140,11140
T023B030BE60G262,ธนาคารออมสิน,หน่วยบริการประชาชน ต.วังบ่อ หน่วยบริการประชาชนต.วังบ่อ อ.หนองบัว จ.นครสวรรค์,60110
T029B030BE62G262,ธนาคารออมสิน,7-Eleven สาขาชุมชนวัดคูยาง (รหัส 8537) 32/16 ต.ในเมือง อ.เมือง จ.กำแพงเพชร,62000
T091B030B637G262,ธนาคารออมสิน,สาขาเดอะมอลล์ งามวงศ์วาน(G1) ห้องเลขที่ 528 ชั้น 5 ภายในศูนย์การค้าเดอะมอลล์ งามวงศ์วาน เลขที่ 30/39-50 ถ.งามวงศ์วาน ต.บางเขน อ.เมืองนนทบุรี จ.นนทบุรี 11000,11000
T091B030B607G262,ธนาคารออมสิน,สาขาเซ็นทรัล ขอนแก่น(G1) ศูนย์การค้าเซ็นทรัลพลาซ่า ขอนแก่น ชั้น 2 ห้อง 202 ถ.ศรีจันทร์ ต.ในเมือง อ.เมืองขอนแก่น จ.ขอนแก่น 40000,40000
T431B030BE10G262,ธนาคารออมสิน,ห้างสรรพสินค้าเทสโก้ โลตัส สาขาแจ้งวัฒนะ 300 หมู่ 1 แจ้งวัฒนะ แขวงทุ่งสองห้อง เขตหลักสี่ จ.กรุงเทพฯ 10210,10210
T092B030B399G262,ธนาคารออมสิน,"ธนาคารออมสิน สาขาบางลำภูบน(G2) 23-26 ถ.สิบสามห้าง แขวงตลาดยอด เขตพระนคร กรุงเทพฯ 10200 0-2281-9687, 0-2280-5371, 0-2281-9307 ",10200
T073B030BE60G262,ธนาคารออมสิน,บริเวณหน้าวัดเกยไชย ม.4 ต.เกยไชย อ.ชุมแสง จ.นครสวรรค์,60120
T091B030B083G262,ธนาคารออมสิน,สาขาสุโขทัย(G1) 94 ถ.สิงหวัฒน์ ต.ธานี อ.เมืองสุโขทัย จ.สุโขทัย 64000,64000
T091B030B466G262,ธนาคารออมสิน,สาขาสูงเม่น(G1) 492 หมู่ที่ 1 ถ.ยันตรกิจโกศล ต.สูงเม่น อ.สูงเม่น จ.แพร่ 54130,54130
T092B030B670G262,ธนาคารออมสิน,สาขาบิ๊กซี แจ้งวัฒนะ(G2) ชั้น 1 ศูนย์การค้าบิ๊กซีแจ้งวัฒนะ เลขที่ 96 หมู่ที่ 1 แขวงทุ่งสองห้อง เขตหลักสี่ กรุงเทพฯ 10210,10210
T092B030B886G262,ธนาคารออมสิน,สาขาบิ๊กซี ลำลูกกา 2(G2) ห้างบิ๊กซี เอ๊กซ์ตร้า สาขาลำลูกกา 2 ชั้น 1 เลขที่ 3/83 หมู่ที่ 7 ต.ลาดสวาย อ.ลำลูกกา จ.ปทุมธานี 12150,12150
T092B030B914G262,ธนาคารออมสิน,สาขาบิ๊กซีสำโรง 2(G2) ห้องเลขที่ 2CR214 ชั้น 2 ห้างบิ๊กซี สำโรง 2 เลขที่ 1293 หมู่ที่ 4 ถ.สุขุมวิท ต.เทพารักษ์ อ.เมืองสมุทรปราการ จ.สมุทรปราการ 10270,10270
T091B0301078G262,ธนาคารออมสิน,สาขาท๊อปส์ พลาซ่า พะเยา(G1) ห้องเลขที่ RT132 ชั้น 1 ศูนย์การค้า ท็อปส์ พลาซ่า พะเยา เลขที่ 500 หมู่ที่ 12 ต.ท่าวังทอง อ.เมืองพะเยา จ.พะเยา 56000,56000
T091B030B313G262,ธนาคารออมสิน,สาขาน้ำโสม(G1) 5 หมู่ที่ 1 ถ.อนุสาวรีย์เมืองน้ำโสม ต.ศรีสำราญ อ.น้ำโสม จ.อุดรธานี 41210,41210
T091B030B484G262,ธนาคารออมสิน,สาขาวังสามหมอ(G1) 146 หมู่ที่ 8 ถ.เจริญเมือง ต.วังสามหมอ อ.วังสามหมอ จ.อุดรธานี 41280,41280
T015B030BE51G262,ธนาคารออมสิน,สำนักงานเทศบาลตำบลมะเขือแจ้  ต.มะเขือแจ้ อ.เมือง จ.ลำพูน 51000,51000
T092B030B231G262,ธนาคารออมสิน,"ธนาคารออมสิน สาขาป่าซาง(G2) 367 หมู่ที่ 1 ถ.ลำพูน-ลี้ ต.ป่าซาง อ.ป่าซาง จ.ลำพูน 51120 0-5352-0552, 0-5352-0221 ",51120
T005B030BE50G262,ธนาคารออมสิน,ตลาดบ้านกาด 469 ต.ดอนเปา อ.แม่วาง จ.เชียงใหม่ 50360,50360
T011B030BE50G262,ธนาคารออมสิน,ตลาดโกมุ่ย (กาดแลงยางเนิ้ง) อ.สารภี 217 ต.ยางเนิ้ง อ.สารภี จ.เชียงใหม่ 50140,50140
T041B030BE41G262,ธนาคารออมสิน,อาคารคำชะโนด ศูนย์อำนวยการคำชะโนด อาคารคำชะโนด หมู่ 11 ถ.บ้านดุง-บ้านม่วง ต.บ้านม่วง อ.บ้านดุง จ.อุดรธานี 41190,41190
T525B030BE10G262,ธนาคารออมสิน,อาคารพาณิชย์ เลขที่ 783/11 ซ.สาธุประดิษฐ์ 58 ถ.สาธุประดิษฐ์ แขวงบางโพงพาง เขตยานนาวา กรุงเทพฯ 10120,10120
T034B030BE40G262,ธนาคารออมสิน,เทสโก้ โลตัส เอ็กซ์เพรส สาขาโนนม่วง 641 หมู่ที่ 12 ต.ศิลา อ.เมืองขอนแก่น จ.ขอนแก่น 40000,40000
T114B030BE30G262,ธนาคารออมสิน,7-Eleven สาขาขามสะแกแสง (8759)  570 หมู่ 1 ต.ขามสะแกแสง อ.ขามสะแกแสง จ.นครราชสีมา 30290,30290
T012B030BE74G262,ธนาคารออมสิน,วัดหลักสี่ราษฎร์สโมสร 17 ม.2 ต.ยกกระบัตร อ.บ้านแพ้ว จ.สมุทรสาคร 74120,74120
T020B030BE19G262,ธนาคารออมสิน,ตลาดหนองตาโล่ห์ ต.คชสิทธิ์ อ.หนองแค จ.สระบุรี,18140
T011B030BE19G262,ธนาคารออมสิน,บริษัท สยามซานิทารีแวร์อินดัสทรี จำกัด  33/4 ม.2 ถ.สุวรรณศร ต.โคกแย้ อ.หนองแค จ.สระบุรี,18140
T042B030BE30G262,ธนาคารออมสิน,ร้านน้องค๊อป 118/1 ต.หัวทะเล อ.เมือง จ.นครราชสีมา 30000,30000
T095B030BE30G262,ธนาคารออมสิน,เทสโก้ โลตัส เอ็กซ์เพรส สาขาขามทะเลสอ 387 หมู่ 7 ต.ขามทะเลสอ อ.ขามทะเลสอ จ.นครราชสีมา 30280,30280
T117B030BE30G262,ธนาคารออมสิน,ตลาดดอนแขวน ที่สาธารณะตลาดดอนแขวน ม.9 ถ.หนองกี่-เสิงสาง ต.สุขไพบูลย์ อ.เสิงสาง จ.นครราชสีมา 30330,30330
T046B030BE30G262,ธนาคารออมสิน,ร้านตั้งง่วนเส็ง 478-480 ม.4 ถ.บุรีราษฎร์ ต.บ้านใหม่ อ.ครบุรี จ.นครราชสีมา 30250,30250
T009B030BE13G262,ธนาคารออมสิน,ตลาดไท 31 หมู่ 9 ต.คลองหนึ่ง อ.คลองหลวง จ.ปทุมธานี หลังวงเวียนด้านซ้าย 12120,12120
T080B030BE32G262,ธนาคารออมสิน,สถานีบริการน้ำมัน ปตท. ชุมพลบุรี (บริษัท สหไพศาลสุรินทร์ จำกัด)  225 หมู่ 2 ต.ชุมพลบุรี อ.ชุมพลบุรี จ.สุรินทร์ 32190,32190
T012B030BE13G262,ธนาคารออมสิน,ตลาดชัชวาล คลอง 7  99/9 หมู่ 4 ต.บึงคำพร้อย อ.ลำลูกกา จ.ปทุมธานี 12150,12150
T019B030BE33G262,ธนาคารออมสิน,7-Eleven สาขาราษีไศล 2 (7679)  3/5-6 หมู่ 1 ต.เมืองคง อ.ราษีไศล จ.ศรีสะเกษ 33160,33160
T031B030BE67G262,ธนาคารออมสิน,เทสโก้ โลตัส เอ็กซ์เพรส สาขาวิเชียรบุรี 75/11 หมู่ 1 ต.ท่าโรง อ.วิเชียรบุรี จ.เพชรบูรณ์ 67130,67130
T055B030BE67G262,ธนาคารออมสิน,ร้านป้าวิทย์ของชำ 6/1 หมู่ 2 ต.ภุขาม อ.วิเชียรบุรี จ.เพชรบูรณ์ 67180,67180
T019B030BE30G262,ธนาคารออมสิน,ร้านเต็งพาณิชย์ 67 หมู่ 6 ถ.โชคชัย – เดชอุดม ต.ไทยเจริญ อ.หนองบุญมาก จ.นครราชสีมา 30410,30410
T008B030BE67G262,ธนาคารออมสิน,ร้านติ๊ก - ตั๊ก มินิมาร์ท 18 ม.11 ถนนสระบุรี-หล่มสัก ต.บ้างโภชน์ อ.หนองไผ่ จ.เพชรบูรณ์ 67140,67140
T010B030BE42G262,ธนาคารออมสิน,ตลาดสดเทศบาลตำบลผาอินทร์แปลง  ต.ผาอินทร์แปลง อ.เอราวัณ จ.เลย 42220,42220
T031B030BE64G262,ธนาคารออมสิน,7-Eleven สาขาท่าชัย(สุโขทัย) (8229)  ต.ท่าชัย อ.ศรีสัชนาลัย จ.สุโขทัย 64000,64000
T011B030BE64G262,ธนาคารออมสิน,ร้านชุติมา มินิมาร์ท (สี่แยกบ้านตึก)  200/1 ม.14 ต.บ้านตึก อ.ศรีสัชนาลัย จ.สุโขทัย 64130,64130
T029B030BE64G262,ธนาคารออมสิน,มินิมาร์ท 20/1 หมู่ 9 ต.บ้านแก่ง อ.ศรีสัชนาลัย จ.สุโขทัย 64130,64130
T002B030BE53G262,ธนาคารออมสิน,7-Eleven สาขาชุมชนท่าอิฐ (7300)  133 ถ.สำราญรื่น ต.ท่าอิฐ อ.เมือง จ.อุตรดิตถ์ 53000,53000
T006B030BE41G262,ธนาคารออมสิน,โรงพยาบาลไชยวาน 129 ม.13 ต.ไชยวาน อ.ไชยวาน จ.อุดรธานื41290,41290
T004B030BE48G262,ธนาคารออมสิน,ร้านเดอะเบส 349 หมู่ 1 ต.ธาตุพนม อ.ธาตุพนม จ.นครพนม,48110
T026B030BE48G262,ธนาคารออมสิน,7-Eleven สาขา นาหว้า (7146)  118/74 หมู่ 4 ต.นาหว้า อ.นาหว้า จ.นครพนม 48180,48180
T034B030BE65G262,ธนาคารออมสิน,ตลาดไทยเจริญ 153 ม.6 ต.บ้านป่า อ.เมือง จ.พิษณุโลก 65000,65000
T041B030BE65G262,ธนาคารออมสิน,บริษัท ธนารัตน์ธัญญะกิจ จำกัด  46/1 ต.โคกสลุด อ.บางกระทุ่ม จ.พิษณุโลก 65110,65110
T051B030BE34G262,ธนาคารออมสิน,7-Eleven สาขาสรรพสิทธิ์ 3 (8177)  217-219 ถ.สรรพสิทธิ์ ต.ในเมือง อ.เมือง จ.อุบลราชธานี 34000,34000
T010B030BE47G262,ธนาคารออมสิน,7-Eleven สาขา ปตท.อากาศอำนวย (6874) 11/1 ม.1 ต.อากาศ อ.อากาศอำนวย จ.สกลนคร 47170,47170
T003B030BE49G262,ธนาคารออมสิน,เทสโก้ โลตัส เอ็กซ์เพรส สาขาตลาดเทศบาล 1 มุกดาหาร 52 ถนนพิทักษ์พนมเขต ต.มุกดาหาร อ.เมือง จ.มุกดาหาร 49000,49000
164003,BOC,สาขาเมกะบางนา เครื่อง 2 39 หมู่ 6 ศูนย์การค้าเมกะ บางนา ชั้น 1 ห้อง 1632/8 ถนนบางนา-ตราด ตำบลบางแก้ว อำเภอบางพลี จังหวัดสมุทรปราการ,10250
214534,BOC,สาขาตลาดไท เครื่อง 2  55/28-29 หมู่ที่ 9 ตำบลคลองสอง อำเภอคลองหลวง จังหวัดปทุมธานี,12120
214539,BOC,สำนักงานใหญ่ (HQ) Testing Room 179/4 อาคารบางกอกซิตี้ทาวเวอร์ ถนนสาทรใต้ เขตทุ่งมหาเมฆ แขวงสาทร กรุงเทพฯ,10120
257730,BOC,สำนักงานใหญ่ (HQ) Testing Room 179/4 อาคารบางกอกซิตี้ทาวเวอร์ ถนนสาทรใต้ เขตทุ่งมหาเมฆ แขวงสาทร กรุงเทพฯ,10120
257731,BOC,ธนาคารจีน สาขา สาทร เครื่องที่ 2 179/4 บางกอกซิตี้ทาวเวอร์ สาทรใต้ แขวงทุ่งมหาเมฆ เขตสาทร กทม. 10120,10120
98251815653359,ธนาคารอาคารสงเคราะห์,1/6-7 ถนนร่วมจิต ตำบลปากน้ำ อำเภอเมือง จังหวัดกระบี่ 81000,81000
98251819673655,ธนาคารอาคารสงเคราะห์,สาขาสุโขทัย  2 ถนนมหาราช ตำบลธานี อำเภอเมือง จังหวัดสุโขทัย 64000 โทร. 055-622-008-11,64000
98251819673657,ธนาคารอาคารสงเคราะห์,สาขาชุมพร เลขที่ 7/2 หมู่ 5 ถนนชุมพร-กระบุรี ตำบลวังไผ่ อำเภอเมือง จังหวัดชุมพร 86000,86000
98251819673666,ธนาคารอาคารสงเคราะห์,สาขาสุพรรณบุรี 38/10-12 ถนนเณรแก้ว ตำบลท่าพี่เลี้ยง อำเภอเมือง จังหวัดสุพรรณบุรี 72000,72000
98251819673675,ธนาคารอาคารสงเคราะห์,สาขาระนอง  4/51 ถ.เพชรเกษม ต.บางริ้น อ.เมือง จ.ระนอง 85000,85000
98251819673677,ธนาคารอาคารสงเคราะห์,สาขาจันทบุรี  1/71 ถนนพระยาตรัง ตำบลวัดใหม่ อำเภอเมือง จังหวัดจันทบุรี 22000,22000
98251819673680,ธนาคารอาคารสงเคราะห์,สาขาบ้านฉาง 67/40-41 ถนนสุขุมวิท ตำบลพลา  อำเภอบ้านฉาง จังหวัดระยอง 21130,21130
98251819673687,ธนาคารอาคารสงเคราะห์,สาขากำแพงเพชร  418/41-2 ถ.เจริญสุข ต.ในเมือง อ.เมือง จ.กำแพงเพชร 62000,62000
98251819673693,ธนาคารอาคารสงเคราะห์,สาขาสกลนคร  389 ถนนสี่แยกคูเมือง-ไอทียู ตำบลธาตุเชิงมุม อำเภอเมือง จังหวัดสกลนคร 47000,47000
98251819673696,ธนาคารอาคารสงเคราะห์,สาขาสันกำแพง 72/2 หมู่ 7 ต.สันกำแพง อ.สันกำแพง จ.เชียงใหม่ 50130  โทร. 053-330-102-5 แฟกซ์. 053-330-102-5 ต่อ 106,50130
98251819673699,ธนาคารอาคารสงเคราะห์,สาขาปราจีนบุรี 147/1 ถนนราษฎร-ดำริห์ ตำบลหน้าเมือง อำเภอเมือง จังหวัดปราจีนบุรี 25000,25000
98251819673700,ธนาคารอาคารสงเคราะห์,สาขาถนนมิตรภาพ  433/20-21 หมู่ที่ 2 ถนนมิตรภาพ ตำบลศิลา อำเภอเมือง จังหวัดขอนแก่น 40000,40000
98251819673701,ธนาคารอาคารสงเคราะห์,ธนาคารอาคารสงเคราะห์ สาขานิคมพัฒนา  เลขที่ 239/23 ตำบลนิคมพัฒนา อำเภอนิคมพัฒนา จังหวัดระยอง 21180,21180
98251819673703,ธนาคารอาคารสงเคราะห์,สาขาฉะเชิงเทรา 153 ถนนฉะเชิงเทรา-บางปะกง ตำบลหน้าเมืองอำเภอเมือง จังหวัดฉะเชิงเทรา 24000,24000
98251819673720,ธนาคารอาคารสงเคราะห์,สาขาบุรีรัมย์  18/20 ถ.ธานี ต.ในเมือง อ.เมือง จ.บุรีรัมย์ 31000,31000
98251819673721,ธนาคารอาคารสงเคราะห์,สาขาเชียงราย เลขที่ 881/1-3  ถ.กิจตรชิต ต.เวียง อ.เมือง จ.เชียงราย 57000,57000
98251819673723,ธนาคารอาคารสงเคราะห์,สาขาปากช่อง 199 ถ.มิตรภาพ ต.ปากช่อง อ.ปากช่อง จ.นครราชสีมา 30130,30130
98251819673733,ธนาคารอาคารสงเคราะห์,เครื่อง Spare ของ DataOne พระราม 3  ชั้น 30,10120
98251819673736,ธนาคารอาคารสงเคราะห์,สาขาบ่อวิน  128/415-416 หมู่ที่3 ถนนปากร่วม-ห้วยปราบ ตำบลบ่อวิน อำเภอศรีราชา จังหวัดชลบุรี 20230,20230
98251819673738,ธนาคารอาคารสงเคราะห์,สาขามุกดาหาร  44/32 ถ.พิทักษ์พนมเขต ต.มุกดาหาร อ.เมืองมุกดาหาร จ.มุกดาหาร 49000,49000
98251819673739,ธนาคารอาคารสงเคราะห์,สาขาลพบุรี  99/5 ถนนพหลโยธิน ตำบลท่าศาลา อำเภอเมือง จังหวัดลพบุรี 15000,15000
98251819673742,ธนาคารอาคารสงเคราะห์,สาขามหาสารคาม  1227/22 ถนนริมคลองสมถวิลราษฎร์ ตำบลตลาด อำเภอเมือง จังหวัดมหาสารคาม 44000,44000
98251819673744,ธนาคารอาคารสงเคราะห์,สาขานครพนม  14/9 ถนนเทศาประดิษฐ์ ตำบลหนองแสง อำเภอเมือง จังหวัดนครพนม 48000,48000
98251819673747,ธนาคารอาคารสงเคราะห์,สาขากาฬสินธุ์  20/10-11 ถนนประดิษฐ์ ตำบลกาฬสินธุ์ อำเภอเมือง จังหวัดกาฬสินธุ์ 46000,46000
98251819679732,ธนาคารอาคารสงเคราะห์,สาขากระบี่ 1/6-7 ถนนร่วมจิต ตำบลปากน้ำ อำเภอเมือง จังหวัดกระบี่ 81000,81000
A33W293441,ธนาคารอาคารสงเคราะห์,สาขาบิ๊กซี นวนคร  98/196 หมู่ 13 ศูนย์การค้าบิ๊กซีนวนคร ถ.พหลโยธิน ต.คลองหนึ่ง อ.คลองหลวง จ.ปทุมธานี 12120  โทร.02-520-4117-9,12120
A33W293443,ธนาคารอาคารสงเคราะห์,"สาขาแฟชั่นไอร์แลนด์ เครื่อง 2  587,589,589/7-9 ศูนย์การค้าแฟชั่นไอส์แลนด์ ถ.รามอินทรา แขวงคันนายาว เขตคันนายาว กรุงเทพมหานคร 10230  โทร.02-947-5553-4",10230
A33W293449,ธนาคารอาคารสงเคราะห์,สาขา เซ็นทรัลพลาซ่า ระยอง  ศูนย์การค้าเซ็นทรัลพลาซ่า ระยอง ต.เชิงเนิน อ.เมืองระยอง จ.ระยอง 21000 โทร.0-3894-2984-7,21000
A33W293484,ธนาคารอาคารสงเคราะห์,สาขาลำลูกกา  11/5-6  ถนนลำลูกกา  ตำบลคูคด อำเภอลำลูกกา จังหวัดปทุมธานี 12130 ,12130
A33W293485,ธนาคารอาคารสงเคราะห์,สาขาดอนเมือง  174 /9-11  ถนนวิภาวดีรังสิต  แขวงสีกัน เขตดอนเมือง กรุงเทพฯ 10210,10210
A33W293487,ธนาคารอาคารสงเคราะห์,สาขาแจ้งวัฒนะ  431 ถ.เมืองทองธานี (บอนด์สตรีท) ต.บางพูด (บางพัง) อ.ปากเกร็ด (ตลาดขวัญ) จ.นนทบุรี 11120,11120
A33W293492,ธนาคารอาคารสงเคราะห์,สาขาลาดพร้าว  2326  ถนนลาดพร้าว แขวงวังทองหลาง เขตวังทองหลาง กรุงเทพฯ 10310,10310
A33W293494,ธนาคารอาคารสงเคราะห์,สาขานิคมอุตสาหกรรม 304  525/18-19 หมู่ที่ 7 ตำบลท่าตูม อำเภอศรีมหาโพธิ์ จังหวัดปราจีนบุรี 25140,25140
A33W308901,ธนาคารอาคารสงเคราะห์,สาขาเพียวเพลสราชพฤกษ์ 62/32 หมู่ 1 ศูนย์การค้าเพียวเพลส ราชพฤกษ์ ถ.ราชพฤกษ์ ต.อ้อมเกร็ด อ.ปากเกร็ด จ.นนทบุรี 11120 โทร. 0-2194-8490-3,11120
A33W308902,ธนาคารอาคารสงเคราะห์,สาขาบางใหญ่ 52/63-64 ศูนย์การค้าบางใหญ่ซิตี้ 7 ถ.ตลิ่งชัน-สุพรรณบุรี ต.เสาธงหิน อ.บางใหญ่ จ.นนทบุรี 11140  โทร. 0-2903-2022-4,11140
A33W308915,ธนาคารอาคารสงเคราะห์,สาขาถนนจอมพล 704/14-17 ถนนจอมพล ตำบลในเมือง อำเภอเมือง จังหวัดนครราชสีมา 30000  โทร.(044)269205-7),30000
A33W308918,ธนาคารอาคารสงเคราะห์,สาขาเซ็นทรัลพลาซ่า อุบลราชธานี 333 ศูนย์การค้าเซ็นทรัลพลาซ่า อุบลราชธานี ชั้น 3 ถ.วงแหวนรอบเมือง ต.แจระแม อ.เมือง จ.อุบลราชธานี 34000 โทร.(045)422381-4,34000
A33W308919,ธนาคารอาคารสงเคราะห์,สาขาสัตหีบ 507/30 ถนนสุขุมวิท ตำบลสัตหีบ อำเภอสัตหีบ จังหวัดชลบุรี 20180 โทร.0-3843-7586-90,20180
A33W308921,ธนาคารอาคารสงเคราะห์,สาขาอมตะนคร 700/17 ตำบลคลองตำหรุ อำเภอเมืองชลบุรี จังหวัดชลบุรี 20000 โทร.0-3845-7569-72,20000
A33W308922,ธนาคารอาคารสงเคราะห์,สาขาภูเก็ต 59/45-47 บางกอก ตลาดเหนือ เมือง ภูเก็ต 83000  โทร.0-7621-8191-3,83000
A33W308925,ธนาคารอาคารสงเคราะห์,สาขาสมุทรสาคร 48 หมู่ 8 ถ.เศรษฐกิจ 1 ต.ท่าทราย อ.เมืองสมุทรสาคร จ.สมุทรสาคร 74000 โทร.034-815773-82,74000
A33W308928,ธนาคารอาคารสงเคราะห์,สาขากาญจนบุรี  20/26-29 รพ.ธนกาญจน์ ถ.แสงชูโต ต.บ้านใต้ อ.เมือง จ.กาญจนบุรี 71000 โทร.034-516758-64,71000
A33W309466,ธนาคารอาคารสงเคราะห์,สาขาพหลโยธิน 1291/1 เอไอเอส ทาวเวอร์ 9 พหลโยธิน แขวงสามเสนใน เขตพญาไท กรุงเทพมหานคร 10400 โทร.02-357-1126-8,10400
A33W309468,ธนาคารอาคารสงเคราะห์,สาขาเซ็นทรัลพลาซ่า นครราชสีมา 998 ถนนมิตรภาพ-หนองคาย ตำบลในเมือง อำเภอเมือง จังหวัดนครราชสีมา 30000 โทร.044-229457-62,30000
A33W309470,ธนาคารอาคารสงเคราะห์,สาขาพัทยา 8/51 ถนนพัทยาเหนือ ตำบลนาเกลือ อำเภอบางละมุง ชลบุรี 20150  โทร.038-370-501-3,20150
A33W309474,ธนาคารอาคารสงเคราะห์,สาขาเทพารักษ์ 44/4 หมู่ 9   ถนนเทพารักษ์ (หน้าหมู่บ้านสวนเก้าแสน)   ตำบลบางปลา อำเภอบางพลี จังหวัดสมุทรปราการ 10540 โทร.02-706-6113-21,10540
T091B030B878G262,ธนาคารออมสิน,สาขานิคมอุตสาหกรรม บางปะอิน(G1) 80/21 หมู่ที่ 2 ต.คลองจิก อ.บางปะอิน จ.พระนครศรีอยุธยา 13160,13160
T091B030B858G262,ธนาคารออมสิน,สาขาบิ๊กซี พระราม 2(G1) ชั้น 1 ห้องเลขที่ GCR148 ห้างบิ๊กซี พระราม 2 เลขที่ 127 ถ.พระรามที่ 2 แขวงแสมดำ เขตบางขุนเทียน กรุงเทพฯ 10150,10150
T092B030B858G262,ธนาคารออมสิน,สาขาบิ๊กซี พระราม 2(G2) ชั้น 1 ห้องเลขที่ GCR149 ห้างบิ๊กซี พระราม 2 เลขที่ 127 ถ.พระรามที่ 2 แขวงแสมดำ เขตบางขุนเทียน กรุงเทพฯ 10150,10150
T126B030BE10G262,ธนาคารออมสิน,ตลาดธนบุรี 195/1 ม.1 ถนนทวีวัฒนา เขตทวีวัฒนา กรุงเทพฯ 10170,10170
T092B030B785G262,ธนาคารออมสิน,สาขาทุ่งครุ(G2) 52 ถ.ประชาอุทิศ แขวงทุ่งครุ เขตทุ่งครุ กรุงเทพฯ 10140,10140
T134B030BE90G262,ธนาคารออมสิน,7-Eleven สาขา ปตท.สะกอม 2 (10279) 47/1 หมู่ 2 ต.สะกอม อ.เทพา จ.สงขลา 90150,90150
T037B030BE14G262,ธนาคารออมสิน,สำนักงานขาย สินทิวา 2 310/47  ม.2  หมู่บ้านสินทิวาธานี ต.สามเรือน อ.บางปะอิน  จ.อยุธยา,13160
T091B030B497G262,ธนาคารออมสิน,สาขาเจ้าพรหม(G1) 9/51 ถ.นเรศวร ต.หอรัตนไชย อ.พระนครศรีอยุธยา จ.พระนครศรีอยุธยา 13000,13000
T091B030B691G262,ธนาคารออมสิน,สาขาตลาดบ้านอำเภอ(G1) 160 หมู่ 9 ถ.สุขุมวิท ต.นาจอมเทียน อ.สัตหีบ จ.ชลบุรี 20250,20250
T093B030B779G262,ธนาคารออมสิน,หน่วยให้บริการแอทสาทร(G3)  9/9 ถ.สาทรใต้ แขวงยานนาวา อ.เขตสาทร จ.กรุงเทพฯ 10120,10120
T091B030B353G262,ธนาคารออมสิน,สาขาปากพะยูน(G1) 795 ถ.ปากพะยูน-หารเทา ต.ปากพะยูน อ.ปากพะยูน จ.พัทลุง 93120,93120
T092B030B353G262,ธนาคารออมสิน,สาขาปากพะยูน(G2) 795 ถ.ปากพะยูน-หารเทา ต.ปากพะยูน อ.ปากพะยูน จ.พัทลุง 93120,93120
T092B030B712G262,ธนาคารออมสิน,สาขาป่าบอน(G2) 137/1 หมู่ที่ 10 ถ.เพชรเกษม ต.ป่าบอน อ.ป่าบอน จ.พัทลุง 93170,93170
T091B030B015G262,ธนาคารออมสิน,สาขาพระนครศรีอยุธยา(G1) 84/11-13 ถ.อู่ทอง ต.หอรัตนไชย อ.พระนครศรีอยุธยา จ.พระนครศรีอยุธยา 13000,13000
T093B0301063G262,ธนาคารออมสิน,หน่วยให้บริการโพศรี(G2) 345/22 หมู่ 2 ซ.โพธิ์สว่าง ถ.โพศรี ต.หมากแข้ง  อ.เมืองอุดรธานี จ.อุดรธานี,41000
T245B030BE10G262,ธนาคารออมสิน,บ.ซีพีเอฟ เทรดดิ้ง (วัดชัยฉิมพลี) 27/197 แขวงบางแวก ภาษีเจริญ กทม. 10160,10160
T091B030B939G262,ธนาคารออมสิน,สาขาซีคอน บางแค(G1) ห้องเลขที่ 333 ชั้น 3 ศูนย์การค้าซีคอน บางแค เลขที่ 607 ถ.เพชรเกษม แขวงบางหว้า เขตภาษีเจริญ กรุงเทพฯ 10160,10160
T092B030B939G262,ธนาคารออมสิน,สาขาซีคอน บางแค(G2) ห้องเลขที่ 333 ชั้น 3 ศูนย์การค้าซีคอน บางแค เลขที่ 607 ถ.เพชรเกษม แขวงบางหว้า เขตภาษีเจริญ กรุงเทพฯ 10160,10160
T017B030BE95G262,ธนาคารออมสิน,7-Eleven สาขาแกรนด์วิวเบตง(6722) 36 38 / แกรนด์วิลล่า 2  ต.เบตง อ.เบตง จ.ยะลา 95110,95110
T092B030B153G262,ธนาคารออมสิน,สาขาวิเศษชัยชาญ(G2) 202/1 หมู่ 7 ถ.แม่น้ำน้อย ต.ศาลเจ้าโรงทอง อ.วิเศษชัยชาญ จ.อ่างทอง 14110,14110
T092B030B187G262,ธนาคารออมสิน,สาขาบ้านฉาง(G2) 48/31 ถ.สุขุมวิท ต.บ้านฉาง อ.บ้านฉาง จ.ระยอง 21130,21130
T092B0301023G262,ธนาคารออมสิน,ธนาคารออมสิน สาขาบิ๊กซี ลำลูกกา 1(G2) 10 หมู่ 12 ถ. ต.บึงคำพร้อย อ.ลำลูกกาปทุมธานี12150 โทร. 0-2152-7767,12150
T016B030BE10G262,ธนาคารออมสิน,ธนาคารออมสินสำนักงานใหญ่ อาคาร 2 470 ถ.พหลโยธิน แขวงสามเสนใน เขตพญาไท กรุงเทพฯ 10400 02-299-8000 ต่อ 020921,10400
T005B030BE95G262,ธนาคารออมสิน,หจก.โกวิทย์พาณิชย์   80-86  ถ.เปรมจิตต์-สุรพันธ์  ต.สะเตง  อ.เมือง จ.ยะลา 95000,95000
T027B030BE95G262,ธนาคารออมสิน,หน่วยให้บริการกาบัง(G1) 200 หมู่ที่ 1 ต.กาบัง อ.กาบัง จ.ยะลา 95120,95120
T092B030B727G262,ธนาคารออมสิน,สาขาปลวกแดง(G2) 625/68-69 หมู่ที่ 1 ต.ปลวกแดง อ.ปลวกแดง จ.ระยอง 21140,21140
T070B030BE21G262,ธนาคารออมสิน,7-Eleven สาขาปตท.แม่น้ำคู้ (ระยอง) 777/1 หมู่ 3 ต.แม่น้ำคู้ อ.ปลวกแดง จ.ระยอง 21140,21140
T027B030BE14G262,ธนาคารออมสิน,"เทสโก้ โลตัส เอ็กซ์เพรส สาขาบางบาล อยุธยา 39,39/1,39/2,39/3 หมู่ที่ 1 ต.มหาพราหมณ์ อ.บางบาล จ.พระนครศรีอยุธยา",13250
T092B030B550G262,ธนาคารออมสิน,สาขาหมู่บ้านเศรษฐกิจ(G2) 1797 ถ.เพชรเกษม แขวงหลักสอง เขตบางแค กรุงเทพฯ 10160,10160
T091B030B550G262,ธนาคารออมสิน,สาขาหมู่บ้านเศรษฐกิจ(G1) 1797 ถ.เพชรเกษม แขวงหลักสอง เขตบางแค กรุงเทพฯ 10160,10160
T091B030B076G262,ธนาคารออมสิน,สาขาสุพรรณบุรี(G1) 24/15 ถ.เณรแก้ว ต.ท่าพี่เลี้ยง อ.เมืองสุพรรณบุรี จ.สุพรรณบุรี 72000,72000
T091B030B876G262,ธนาคารออมสิน,สาขาโรบินสัน สุพรรณบุรี(G1) ห้องเลขที่ 206 ห้างสรรพสินค้าโรบินสัน สุพรรณบุรี เลขที่ 449 หมู่ที่ 5 ต.ท่าระหัด อ.เมืองสุพรรณบุรี จ.สุพรรณบุรี 72000,72000
T092B030B876G262,ธนาคารออมสิน,สาขาโรบินสัน สุพรรณบุรี(G2) ห้องเลขที่ 206 ห้างสรรพสินค้าโรบินสัน สุพรรณบุรี เลขที่ 449 หมู่ที่ 5 ต.ท่าระหัด อ.เมืองสุพรรณบุรี จ.สุพรรณบุรี 72000,72000
T091B030B130G262,ธนาคารออมสิน,สาขาบ้านแพ้ว(G1) 332/47-49 หมู่ที่ 1 ต.หลักสาม อ.บ้านแพ้ว จ.สมุทรสาคร 74120,74120
T453B030BE10G262,ธนาคารออมสิน,"ศูนย์การค้าแม็คโคร สาขาจรัญสนิทวงศ์ 521,521/27 ถ.จรัญสนิทวงศ์ บางกอกน้อย กทม. 10700",10700
T091B030B126G262,ธนาคารออมสิน,สาขาลำลูกกา(G1) 45 หมู่ที่ 11 ถ.พหลโยธิน-ลำลูกกา ต.ลำลูกกา อ.ลำลูกกา จ.ปทุมธานี 12150,12150
T092B030B126G262,ธนาคารออมสิน,สาขาลำลูกกา(G2) 45 หมู่ที่ 11 ถ.พหลโยธิน-ลำลูกกา ต.ลำลูกกา อ.ลำลูกกา จ.ปทุมธานี 12150,12150
T091B030B545G262,ธนาคารออมสิน,สาขาสามร้อยยอด(G1) 28 หมู่ที่ 2 ถ.เพชรเกษม ต.ไร่ใหม่ อ.สามร้อยยอด จ.ประจวบคีรีขันธ์ 77180,77180
T091B030B401G262,ธนาคารออมสิน,สาขาคลองจั่น(G1) 72 ถ.เสรีไทย แขวงคลองจั่น เขตบางกะปิ กรุงเทพฯ 10240,10240
T092B030B031G262,ธนาคารออมสิน,สาขารามคำแหง(G2) ภายในบริเวณมหาวิทยาลัยรามคำแหง ถ.รามคำแหง แขวงหัวหมาก เขตบางกะปิ กรุงเทพฯ 10240,10240
T091B030B844G262,ธนาคารออมสิน,"สาขาถนนบางขุนเทียน-ชายทะเล(G1) 569, 571 หมู่บ้านเพชรชายทะเล ถ.บางขุนเทียน-ชายทะเล แขวงแสมดำ เขตบางขุนเทียน กรุงเทพฯ 10150",10150
T091B030B276G262,ธนาคารออมสิน,สาขาชุมแพ(G1) 199/1 หมู่ที่ 8 ถ.มะลิวัลย์ ต.ชุมแพ อ.ชุมแพ จ.ขอนแก่น 40130,40130
T066B030BE80G262,ธนาคารออมสิน,ห้างสรรพสินค้าสหไทยพลาซ่า ทุ่งสง       389  ถ.ทุ่งสง-ห้วยยอด  ต.ชะมาย  อ.ทุ่งสง  จ.นครศรีธรรมราช 80110,80110
T091B030B400G262,ธนาคารออมสิน,"สาขาราษฎร์บูรณะ(G1)       1771, 1773, 1775 ถ.สุขสวัสดิ์ แขวงบางปะกอก เขตราษฎร์บูรณะ กรุงเทพฯ 10140",10140
T092B030B790G262,ธนาคารออมสิน,สาขาถนนสรงประภา(G2) 310/91-92 ถ.สรงประภา แขวงสีกัน เขตดอนเมือง กรุงเทพฯ 10210,10210
T091B030B034G262,ธนาคารออมสิน,สาขาดอนเมือง(G1) 326 หมู่ที่ 10 ถ.เชิดวุฒากาศ แขวงสีกัน เขตดอนเมือง กรุงเทพฯ 10210,10210
T092B030B180G262,ธนาคารออมสิน,สาขาบางละมุง(G2)  460 หมู่ที่ 4 ถ.พัทยา-นาเกลือ ต.นาเกลือ อ.บางละมุง จ.ชลบุรี 20150,20150
T091B030B325G262,ธนาคารออมสิน,สาขาร่อนพิบูลย์(G1)   7/1 หมู่ที่ 12 ถ.ตลาดนอก ต.ร่อนพิบูลย์ อ.ร่อนพิบูลย์ จ.นครศรีธรรมราช 80130,80130
T091B030B948G262,ธนาคารออมสิน,สาขาเขาคิชฌกูฏ(G1)  4/105 หมู่ที่ 10 ต.พลวง อ.เขาคิชมกูฏ จ.จันทบุรี 22210,22210
T091B030B725G262,ธนาคารออมสิน,สาขาเซ็นทรัลภูเก็ต เฟสติวัล(G1) ห้องเลขที่ 437 ชั้น 4 ห้างสรรพสินค้าเซ็นทรัล ภูเก็ต เฟสติวัล  เลขที่ 74-75 หมู่ที่ 5 ถ.เฉลิมพระเกียรติ ต.วิชิต อ.เมืองภูเก็ต จ.ภูเก็ต 83000,83000
T092B030B680G262,ธนาคารออมสิน,สาขาสามกอง(G2)  371/51-54 ถ.เยาวราช ต.ตลาดใหญ่ อ.เมืองภูเก็ต จ.ภูเก็ต 83000,83000
T045B030BE80G262,ธนาคารออมสิน,7-Eleven สาขาบางขัน (8274)      88 หมู่ 14  ต.บ้านลำนาว  อ.บางขัน  จ.นครศรีธรรมราช  80360,80360
T651B030BE10G262,ธนาคารออมสิน,ตลาดโอโซนวัน มาร์เก็ต  435/1 ถ.สรงประภา แขวงดอนเมือง เขตดอนเมือง จ.กรุงเทพฯ 10210,10210
T661B030BE10G262,ธนาคารออมสิน,เทสโก้ โลตัส เอ็กซ์เพรส สาขาตลาดวงศกร  48/95 96 หมู่ 1 แขวงสายไหม เขตสายไหม กรุงเทพฯ  10220,10220
T091B030B609G262,ธนาคารออมสิน,สาขาตลาดวงศกร(G1)    80/2 ถ.สายไหม แขวงสายไหม เขตสายไหม กรุงเทพฯ 10220,10220
T092B030B793G262,ธนาคารออมสิน,สาขาสยามคันทรีคลับ(G2)  19/110-111 หมู่ที่ 6 ต.หนองปรือ อ.บางละมุง จ.ชลบุรี 20150,20150
T091B030B081G262,ธนาคารออมสิน,สาขาปราจีนบุรี(G1) 96 ถ.เทศบาลดำริ ต.หน้าเมือง อ.เมืองปราจีนบุรี จ.ปราจีนบุรี 25000,25000
T092B030B578G262,ธนาคารออมสิน,"ธนาคารออมสิน สาขาคลอง 10 ธัญบุรี(G2) 42/2 หมู่ 4 ถ.รังสิต-นครนายก ต.บึ่งสนั่น อ.ธัญบุรี จ.ปทุมธานี 12110 โทร. 0-2904-1178, 0-2546-1432, 0-2546-2211, 0-2904-1178",12110
T092B030B942G262,ธนาคารออมสิน,สาขาบิ๊กซี สุขสวัสดิ์(G2) ชั้น 2 ห้องเลขที่ 2CR 203-204 บริษัท บิ๊กซี ซูเปอร์เซ็นเตอร์ จำกัด(มหาชน)  สาขาสุขสวัสดิ์ เลขที่ 94 หมู่ที่ 18 ถ.สุขสวัสดิ์  ต.บางพึ่ง อ.พระประแดง จ.สมุทรปราการ 10130,10130
T029B030BE71G262,ธนาคารออมสิน,ตลาดเรดซิตี้ 987/4 ถ.เตาปูน ต.บ้านเหนือ อ.เมือง จ. กาญจนบุรี 71000,71000
T092B030B138G262,ธนาคารออมสิน,"ธนาคารออมสิน สาขาสามชุก(G2) 890 หมู่ที่ 2 ถ.มิตรสัมพันธ์ ต.สามชุก อ.สามชุก จ.สุพรรณบุรี 72130 0-3557-1233, 0-3557-2019 ",72130
T092B0301018G262,ธนาคารออมสิน,สาขาโรบินสัน สมุทรปราการ (G2)  ห้องเลขที่ 302 ถ.สุขุมวิท ต.ท้ายบ้านใหม่ อ.เมืองสมุทรปราการ จ.สมุทรปราการ 10280,10280
T108B030BE20G262,ธนาคารออมสิน,ตลาดประมงพื้นบ้านอ่างศิลา     99 ม.8 ต.อ่างศิลา อ.เมืองชลบุรี จ.ชลบุรี 20000,20000
T056B030BE20G262,ธนาคารออมสิน,7-Eleven สาขาตลอดหนองเสือช้าง (13382)    ต.หนองใหญ่ อ.หนองใหญ่ จ.ชลบุรี 20190,20190
T003B030BE23G262,ธนาคารออมสิน,7-Eleven สาขาตลาดแสนตุ้ง(4599) 152 ม.1 ต.แสนตุ้ง อ.เขาสมิง จ.ตราด 23150,23150
T091B030B331G262,ธนาคารออมสิน,สาขาหัวไทร(G1)  68/10-11 หมู่ที่ 8 ถ.หัวไทร-นครศรีธรรมราช ต.หัวไทร อ.หัวไทร จ.นครศรีธรรมราช 80170,80170
T091B030B936G262,ธนาคารออมสิน,สาขาถ้ำพรรณรา(G1) 289/1 หมู่ที่ 3 ถ.ถ้ำพรรณรา-ทานพอ  ต.ถ้ำพรรณรา อ.ถ้ำพรรณรา จ.นครศรีธรรมราช 80260,80260
T118B030BE10G262,ธนาคารออมสิน,ร้านมายเฟรชมาร์ท 150/4 ถ.ปัญญาอินทรา แขวงบางชัน  เขตคลองสามวา จ.กรุงเทพฯ 10510,10510
T091B030B889G262,ธนาคารออมสิน,"สาขาแฟชั่นไอล์แลนด์ 2(G1) ภายในศูนย์การค้าแฟชั่นไอแลนด์  ห้องเลขที่ B004 ชั้น B เลขที่ 587, 589, 589/7-9 ถ.รามอินทรา  แขวงคันนายาว เขตคันนายาว กรุงเทพฯ 10230",10230
T010B030BE84G262,ธนาคารออมสิน,สถานีรถไฟพุนพิน สถานีรถไฟฟ้าพุนพิน อ.พุนพิน จ.สุราษฏร์ธานี 84130,84130
T091B030B682G262,ธนาคารออมสิน,สาขาสวนผึ้ง(G1)  314/20-21 หมู่ที่ 1 ถ.ราชบุรี-สวนผึ้ง  ต.ป่าหวาย อ.สวนผึ้ง จ.ราชบุรี 70180,70180
T091B030B566G262,ธนาคารออมสิน,สาขาบางแพ(G1)        314/6 หมู่ที่ 5  ถ.สมุทรสงคราม-บางแพ  ต.บางแพ อ.บางแพ จ.ราชบุรี 70160,70160
T091B030B328G262,ธนาคารออมสิน,สาขาท่าศาลา(G1)   263/2 ถ.นครศรีธรรมราช-สุราษฎร์ธานี  ต.ท่าศาลา อ.ท่าศาลา จ.นครศรีธรรมราช 80160,80160
T091B030B504G262,ธนาคารออมสิน,สาขาทุ่งใหญ่(G1)        9 หมู่ที่ 2 ถ.ทุ่งใหญ่-พระแสง  ต.ท่ายาง อ.ทุ่งใหญ่ จ.นครศรีธรรมราช 80240,80240
T103B030BE80G262,ธนาคารออมสิน,7-Eleven สาขา ปตท.ทุ่งใหญ่ (13025)      118 หมู่ 10 ต.ทุ่งใหญ่ อ.ทุ่งใหญ่ จ.นครศรีธรรมราช 80240,80240
T091B030B106G262,ธนาคารออมสิน,สาขามหาวิทยาลัยเกษตรศาสตร์(G1)   50 มหาวิทยาลัยเกษตรศาสตร์  ถ.พหลโยธิน แขวงลาดยาว  เขตจตุจักร กรุงเทพฯ 10900,10900
T092B030B817G262,ธนาคารออมสิน,สาขาอมตะนคร(G2)   69/18-19 หมู่ที่ 6 ถ.สุขประยูร ต.ดอนหัวฬ่อ อ.เมืองชลบุรี จ.ชลบุรี 20000,20000
T092B030B443G262,ธนาคารออมสิน,สาขาบางเขน(G2)  1712-14 ถ.พหลโยธิน แขวงจันทรเกษม  เขตจตุจักร กรุงเทพฯ 10900,10900
T662B030BE10G262,ธนาคารออมสิน,ห้องภาพไพบูลย์ คัลเลอร์แล็ป  599/42 ซอยลาดพร้าว 1 ถนนลาดพร้าว แขวงจอมพล เขตจตุจักร กทม. 10900,10900
T091B030B398G262,ธนาคารออมสิน,สาขาเมืองพัทยา(G1)  8/46-48 หมู่ที่ 6 ถ.พัทยาเหนือ ต.นาเกลือ อ.บางละมุง จ.ชลบุรี 20150,20150
T091B030B799G262,ธนาคารออมสิน,สาขาบ่อพลอย(G1)   256/2 หมู่ที่ 1 ต.บ่อพลอย อ.บ่อพลอย จ.กาญจนบุรี 71160,71160
T070B030BE71G262,ธนาคารออมสิน,สถาบันการเงินชุมชนบ้านมณีกรมั่นเมือง      137/1 หมู่ 19 ต.พังตรุ อ.พนมทวน จ.กาญจนบุรี 71140,71140
T006B030BE85G262,ธนาคารออมสิน,ชุมชนบ้านทุ่งมะพร้าว  17/1  ม.5  ต. จ.ป.ร.  อ.กระบุรี จ.ระนอง 85110,85110
T091B030B716G262,ธนาคารออมสิน,สาขาถนนเรืองราษฎร์(G1) 337 ถ.เรืองราษฎร์ ต.เขานิเวศน์ อ.เมืองระนอง จ.ระนอง 85000,85000
T079B030BE60G262,ธนาคารออมสิน,บริษัท วาณิชย์  สยาม จำกัด        117/1 ม.12 ถ.นครสวรรค์-พิษณุโลก  ต.บางม่วง อ.เมือง จ.นครสวรรค์,60000
T091B030B895G262,ธนาคารออมสิน,สาขาสุขสำราญ(G1)  13 หมู่ที่ 3 ถ.เพชรเกษม ต.กำพวน อ.สุขสำราญ จ.ระนอง 85120,85120
T796B030BE10G262,ธนาคารออมสิน,เซเว่นอีเลฟเว่น สาขาพหลโยธิน 9 จุด 2 แขวงสามเสนใน เขตพญาไท กรุงเทพฯ 10400,10400
T295B030BE10G262,ธนาคารออมสิน,เครื่องอยู่โกดัง บริษัท กรีน คอนแทร็คท์ จำกัด  25/35 ม.3 ซ.เทพฤกษ์  ถ.เลียบคลองราษฎร์พัฒนา1 ต.คอกกระบือ อ.เมืองสมุทรสาคร จ.สมุทรสาคร 74000 ,74000
T091B030B039G262,ธนาคารออมสิน,สาขานนทบุรี(G1) 22/31 ถ.ประชาราษฎร์ สวนใหญ่ อ.เมืองนนทบุรี จ.นนทบุรี 11000,11000
T816B030BE10G262,ธนาคารออมสิน,ตลาดเวิร์ด มาร์เกต 109/14 15 109/17 21 ถ.ทวีวัฒนา แขวงทวีวัฒนา เขตทวีวัฒนา กรุงเทพฯ 10170,10170
T074B030BE65G262,ธนาคารออมสิน,ร้านสกุลเงิน121 ม.2  ต.เนินมะปราง  อ.เนินมะปราง  จ.พิษณุโลก 65190,65190
T028B030BE62G262,ธนาคารออมสิน,7-Eleven สาขาปางศิลาทอง (8720) เลขที่ 28 หมู่ 5 ต.โพธิ์ทอง อ.ปางศิลาทอง จ.กำแพงเพชร 62120,62120
T091B030B591G262,ธนาคารออมสิน,สาขาอุ้มผาง(G1) 495 หมู่ที่ 1 ต.อุ้มผาง อ.อุ้มผาง จ.ตาก 63170,63170
T040B030BE63G262,ธนาคารออมสิน,น้องฟลุ๊คมินิมาร์ท 110 ม.4  ต.แม่กลอง  อ.อุ้มผาง  ต.ตาก 63170,63170
T091B030B596G262,ธนาคารออมสิน,สาขาบิ๊กซี ลำปาง(G1) ศูนย์การค้าบิ๊กซี ลำปาง ชั้น 2 CR213 เลขที่ 65 ถ.ไฮเวย์ลำปาง-งาว ต.สบตุ๋ย อ.เมืองลำปาง จ.ลำปาง 52100,52100
T016B030BE51G262,ธนาคารออมสิน,ตลาดสดสับปูเลย ม.13  ต.มะเขือแจ้  อ.เมือง  จ.ลำพูน 51000,51000
T015B030BE50G262,ธนาคารออมสิน,ศูนย์ราชการจังหวัดเชียงใหม่ ถ.โชตนา อ.เมือง จ.เชียงใหม่ 50000,50000
T125B030BE50G262,ธนาคารออมสิน,บริษัทร่มเย็นเพลส (โครงการฟิวชั่น เอส) ซ.22 ถ.โชตนา ต.ป่าตัน อ.เมือง จ.เชียงใหม่ 50300,50300
T091B030B988G262,ธนาคารออมสิน,สาขาเซ็นทรัลเฟสติวัล เชียงใหม่(G1) ห้อง 347 ชั้น 3 เซ็นทรัลเฟสติวัล เชียงใหม่ หมู่ที่ 4 ถ.ซุปเปอร์ไฮเวย์ ต.ฟ้าฮ่าม อ.เมืองเชียงใหม่ จ.เชียงใหม่ 50000,50000
T091B030B989G262,ธนาคารออมสิน,สาขาเทสโก้โลตัส คำเที่ยง(G1) ห้างสรรพสินค้าเทสโก้โลตัส สาขาคำเที่ยง เลขที่ 19 ถ.ตลาดคำเที่ยง ต.ป่าตัน อ.เมืองเชียงใหม่ จ.เชียงใหม่ 50300,50300
T092B030B501G262,ธนาคารออมสิน,"ธนาคารออมสิน สาขาโกรกพระ(G2) 143/1 หมู่ที่ 4 ถ.สุขาภิบาล ต.โกรกพระ อ.โกรกพระ จ.นครสวรรค์ 60170 0-5629-1212, 0-5632-0320 ",60170
T104B030BE57G262,ธนาคารออมสิน,เทสโก้ โลตัส เอ็กซ์เพรส สาขาชุมชนดอยเขาควาย เชียงราย (3035) 651/3 หมู่ 24 ต.รอบเวียง อ.เมืองเชียงราย จ.เชียงราย 57000,57000
T091B030B945G262,ธนาคารออมสิน,สาขาแม่สรวย(G1) ภายในปั๊ม ปตท. แม่สรวย เลขที่ 18 หมู่ที่ 7 ต.แม่สรวย อ.แม่สรวย จ.เชียงราย 57180,57180
T050B030BE57G262,ธนาคารออมสิน,ร้านสาครพาณิชย์ 55  ม.10  ถ.เหมืองแดง  ต.แม่สาย  อ.แม่สาย  จ.เชียงราย 57130,57130
T016B030BE53G262,ธนาคารออมสิน,บ.ศักดิ์สยามพาณิชย์ลิสซิ่ง จำกัด  49/47  ถ.เจฎาบดินทร์ อ.เมือง จ.อุตรดิตถ์ 53000,53000
T091B030B236G262,ธนาคารออมสิน,สาขาสอง(G1)  4 หมู่ที่ 6 ถ.บริพันธ์สงเคราะห์ ต.บ้านกลาง อ.สอง จ.แพร่ 54120,54120
T091B030B974G262,ธนาคารออมสิน,สาขาทุ่งช้าง(G1)  105-105/1 หมู่ที่ 1  ต. ทุ่งช้าง อ.ทุ่งช้าง จ.น่าน 55130,55130
T091B030B992G262,ธนาคารออมสิน,สาขาโรบินสัน สระบุรี(G1)                                        ห้องเลขที่ 223 ชั้น 2 ห้างสรรพสินค้าโรบินสัน สระบุรี  เลขที่ 99 ม.7 ต.ตลิ่งชัน อ.เมืองสระบุรี จ.สระบุรี 18000,18000
T091B030B970G262,ธนาคารออมสิน,สาขาวังน้ำเขียว(G1)  111 หมู่ที่ 6 สถานีบริการน้ำมัน ปตท. บริษัท มุ่งปั้นดี จำกัด ถ.ทางหลวงแผ่นดินหมายเลข 304 ต.ไทยสามัคคี อ.วังน้ำเขียว จ.นครราชสีมา 30370,30370
T091B030B254G262,ธนาคารออมสิน,สาขาคง(G1)  112 หมู่ที่ 8 ถ.สุขาภิบาล 1 ต.เมืองคง อ.คง จ.นครราชสีมา 30260,30260
T091B030B941G262,ธนาคารออมสิน,สาขาละหานทราย(G1) 182 หมู่ที่ 1 ต.ละหานทราย อ.ละหานทราย จ.บุรีรัมย์ 31170,31170
T092B0301002G262,ธนาคารออมสิน,สาขาโรบินสัน สุรินทร์(G2)  ห้องเลขที่ 212/2 ชั้น 2 ศูนย์การค้าโรบินสัน สุรินทร์ เลขที่ 338 หมู่ที่ 16 ต.สลักได อ.เมืองสุรินทร์ จ.สุรินทร์ 32000,32000
T091B030B923G262,ธนาคารออมสิน,สาขาโขงเจียม(G1) 711/1-3 ต.โขงเจียม อ.โขงเจียม จ.อุบลราชธานี 34220,34220
T061B030BE14G262,ธนาคารออมสิน,7-Eleven สาขาท่าเรืออยุธยา (1919)   189/1 เทศบาล 1 ต.ท่าเรือ อ.ท่าเรือ จ.พระนครศรีอยุธยา 13130,13130
T007B030BE14G262,ธนาคารออมสิน,ตลาดสดเทศบาลตำบลท่าหลวง   อ.ท่าเรือ จ.พระนครศรีอยุธยา,18270
T091B030B971G262,ธนาคารออมสิน,สาขาเซ็นทรัล อุบลราชธานี(G1)ห้องเลขที่ 334 ชั้น 3 ศูนย์การค้าเซ็นทรัลพลาซา อุบลราชธานี เลขที่ 311 หมู่ที่ 7 ต.แจระแม อ.เมืองอุบลราชธานี จ.อุบลราชธานี 34000,34000
T091B030B111G262,ธนาคารออมสิน,สาขาจัตุรัส(G1)  344 ถ.ชัยภูมิ-สีคิ้ว ต.บ้านกอก อ.จัตุรัส จ.ชัยภูมิ 36130,36130
T044B030BE67G262,ธนาคารออมสิน,ป้อมตำรวจบ้านศรีมงคล   ต.ศรีมงคล อ.บึงสามพัน จ.เพชรบูรณ์ 67160,67160
T091B030B959G262,ธนาคารออมสิน,สาขาหนองเรือ(G1)  76 หมู่ที่ 1 ถ.มะลิวัลย์ ต.หนองเรือ อ.หนองเรือ จ.ขอนแก่น 40210,40210
T085B030BE40G262,ธนาคารออมสิน,สหกรณ์เพื่อการเกษตรอ.เปือยน้อย     114 ม.1 ต.เปือยน้อย อ.เปือยน้อย จ.ขอนแก่น   40340,40340
T091B030B729G262,ธนาคารออมสิน,สาขาหนองสองห้อง(G1)  361 หมู่ที่ 1 ถ.เจนจบทิศ ต.หนองสองห้อง อ.หนองสองห้อง จ.ขอนแก่น 40190,40190
T092B030B958G262,ธนาคารออมสิน,สาขาสังคม(G2)   218 หมู่ที่ 3 ต.แก้งไก่ อ.สังคม จ.หนองคาย 43160,43160
T091B030B978G262,ธนาคารออมสิน,สาขาโรบินสัน สกลนคร(G1)  ห้องเลขที่ 201- 4 ชั้น 2 ห้างสรรพสินค้าโรบนสัน สกลนคร เลขที่ 88/8 ถ.นิตโย ต.ธาตุเชิงชุม อ.เมืองสกลนคร จ.สกลนคร 47000,47000
T091B030B606G262,ธนาคารออมสิน,สาขาเทวาภิบาล(G1)      149/1 ถ.เทวาภิบาล ต.ในเมือง อ.เมืองร้อยเอ็ด  จ.ร้อยเอ็ด 45000,45000
T092B030B995G262,ธนาคารออมสิน,สาขาบิ๊กซี กระบี่(G2) ตั้งอยู่ชั้น 1 ห้องเลขที่ GCR102/2 ศูนย์การค้าบิ๊กซี กระบี่ เลขที่ 349 หมู่ที่ 11 ถ.เพชรเกษม ต.กระบี่น้อย อ.เมืองกระบี่ จ.กระบี่ 81000,81000
T091B030B999G262,ธนาคารออมสิน,สาขาเซ็นทรัลเฟสติวัล หาดใหญ่(G1)  ชั้น 3 ห้องเลขที่ 333 โครงการเซ็นทรัลเฟลติวัล หาดใหญ่ เลขที่ 1518/1-2 ถ.กาญจนวณิช ต.หาดใหญ่ อ.หาดใหญ่ จ.สงขลา 90110,90110
T092B030B902G262,ธนาคารออมสิน,สาขาละไม(G2) 108/10 หมู่ที่ 6 ต.มะเร็ต อ.เกาะสมุย จ.สุราษฎร์ธานี 84310,84310
T091B030B143G262,ธนาคารออมสิน,สาขาท่ายาง(G1)  233/1 หมู่ที่ 1  ถ.ใหญ่ ต.ท่ายาง อ.ท่ายาง จ.เพชรบุรี 76130,76130
T092B030B143G262,ธนาคารออมสิน,สาขาท่ายาง(G2)  233/1 หมู่ที่ 1  ถ.ใหญ่ ต.ท่ายาง อ.ท่ายาง จ.เพชรบุรี 76130,76130
T091B030B144G262,ธนาคารออมสิน,สาขาบ้านแหลม(G1)  386/2 หมู่ที่ 2  ถ.เพชรบุรี-บ้านแหลม  ต.บ้านแหลม อ.บ้านแหลม จ.เพชรบุรี 76110,76110
T091B030B047G262,ธนาคารออมสิน,สาขาคลองเตย(G1)  1210 ถ.พระราม 4 แขวงคลองเตย เขตคลองเตย กรุงเทพฯ 10110,10110
T042B030BE84G262,ธนาคารออมสิน,7-Eleven สาขาบ้านสระเกศ (8568)     27/15 หมู่ 1 ต.ตลิ่งงาม อ.เกาะสมุย จ.สุราษฎร์ธานี 84140,84140
T053B030BE84G262,ธนาคารออมสิน,ร้านยาเภสัช ตำบลบ้านเสด็จ      163 ม.4 ต.บ้านเสด็จ อ.เคียนซา จ.สุราษฎร์ธานี 84260,84260
T022B030BE76G262,ธนาคารออมสิน,บริษัท เพชรบุรีล้ำยุค จำกัด (ปตท.)     122 ม.3 ถนนเพชรเกษม ต.ห้วยโรง อ. เขาย้อย จ.เพชรบุรี  76140,76140
T675B030BE10G262,ธนาคารออมสิน,โรงเรียนสอนพิเศษ The Chemist       2137/26 ซอยงามวงศ์วาน 64 ถ.งามวงศ์วาน  แขวงลาดยาว เขตจตุจักร กรุงเทพฯ,10900
T463B030BE10G262,ธนาคารออมสิน,7-Eleven สาขา KC คลัสเตอร์ไทรามัญ (14653)   แขวงสามวาตะวันตก เขตคลองสามวา จ.กรุงเทพฯ 10510,10510
T091B030B743G262,ธนาคารออมสิน,สาขาบิ๊กซี หทัยราษฎร์(G1) 458/2 ถ.เลียบคลองสอง แขวงบางชัน เขตคลองสามวา กรุงเทพฯ 10510,10510
T034B030BE84G262,ธนาคารออมสิน,เทสโก้ โลตัสเอ็กซ์เพรส สาขาเกาะลำพู สุราษฎร์ธานี (2905)    37/3 ถ.ฝั่งบางใบไม้ ต.ตลาด อ.เมือง จ.สุราษฎร์ธานี 84000,84000
T092B030B016G262,ธนาคารออมสิน,สาขาเพชรบุรี(G2)  204 ชั้น 2 หมู่ที่ 1  ถ.เพชรเกษม ต.ไร่ส้ม อ.เมืองเพชรบุรี  จ.เพชรบุรี 76000,76000
T001B030BE71G262,ธนาคารออมสิน,หน่วยให้บริการแลกเปลี่ยนเงินตรา จังหวัดกาญจนบุรี ถนนแสงชูโต ต.บ้านเหนือ อ.เมือง จ.กาญจนบุรี 71000,71000
T092B030B788G262,ธนาคารออมสิน,สาขาบัวทองสแควร์(G2) ชั้น 1 ห้องเลขที่ 5/62-63 และชั้น 2 ห้องเลขที่ 5/76 หมู่ที่ 1 โครงการบัวทองสแควร์ ถ.บางกรวย-ไทรน้อย ต.บางบัวทอง อ.บางบัวทอง จ.นนทบุรี 11110,11110
T008B030BE77G262,ธนาคารออมสิน,ร้านไทยช้อป 260 หมู่ 4 ถนนชัยพัฒนา ต.หนองพลับ อ.หัวหิน จ.ประจวบคีรีขันธ์ 77110,77110
T001B030BE75G262,ธนาคารออมสิน,ศาลกรมหลวงชุมพร เขตอุดมศักดิ์ สมุทรสงคราม      3/16 ม. 4 ต.บางจะเกร็ง อ.เมือง จ.สมุทรสงคราม 75000,75000
T091B030B036G262,ธนาคารออมสิน,สาขาสมุทรสงคราม(G1)   330/38 ถ.ไกรชนะ ต.แม่กลอง อ.เมืองสมุทรสงคราม จ.สมุทรสงคราม 75000,75000
T092B030B552G262,ธนาคารออมสิน,สาขาเพชรสมุทร(G2)   592  ถ.เพชรสมุทร ต.แม่กลอง อ.เมืองสมุทรสงคราม จ.สมุทรสงคราม 75000,75000
T092B030B078G262,ธนาคารออมสิน,สาขากาญจนบุรี(G2)  210 ชั้น 2 ถ.แสงชูโต ต.บ้านเหนือ อ.เมืองกาญจนบุรี  จ.กาญจนบุรี 71000,71000
T092B030B050G262,ธนาคารออมสิน,สาขาราชบุรี(G2) 207  ถ.วรเดช ต.หน้าเมือง อ.เมืองราชบุรี  จ.ราชบุรี 70000,70000
T092B030B805G262,ธนาคารออมสิน,สาขารอยัลพาร์ค(G2  ขั้น 1 ศูนย์การค้ารอยัลพาร์ค เลขที่ 11/11 ถ.คฑาธร  ต.หน้าเมือง อ.เมืองราชบุรี  จ.ราชบุรี 70000,70000
T009B030BE84G262,ธนาคารออมสิน,เหนือและหนุนซุปเปอร์มาร์เก็ต         38/7 ม.1  ต.ทุ่งเตา อ.บ้านนาสาร จ.สุราษฎร์ธานี 84120,84120
T092B030B446G262,ธนาคารออมสิน,สาขาพร้อมพงษ์(G2)  659 ถ.สุขุมวิท ปากซอยสุขุมวิท 39 แขวงคลองตันเหนือ เขตวัฒนา กรุงเทพฯ 10110,10110
T092B030B182G262,ธนาคารออมสิน,สาขาหนองมน(G2)  55 ถ.สุขุมวิท ต.แสนสุข อ.เมืองชลบุรี จ.ชลบุรี 20130,20130
T092B030B001G262,ธนาคารออมสิน,สำนักงานใหญ่ อาคาร 1 เครื่องที่ 1(G2) 470 ถนน พหลโยธิน แขวง สามเสนใน เขตพญาไท กรุงเทพมหานคร 10400,10400
T091B030B924G262,ธนาคารออมสิน,สาขาโคกอุดม(G1) 379/264-266 หมู่ที่ 10 ต.หนองกี่  อ.กบินทร์บุรี จ.ปราจีนบุรี 25110,25110
T091B030B136G262,ธนาคารออมสิน,สาขาจอมบึง(G1)   225 หมู่ที่ 3 ต.จอมบึง อ.จอมบึง จ.ราชบุรี 70150,70150
T091B030B580G262,ธนาคารออมสิน,สาขาพนม(G1)      326 หมู่ที่ 1 ถ.สุราษฎร์-ตะกั่วป่า ต.พนม อ.พนม จ.สุราษฎร์ธานี 84250,84250
T091B030B926G262,ธนาคารออมสิน,สาขาบางสวรรค์(G1)  134/1-2 หมู่ที่ 4 ต.บางสวรรค์ อ.พระแสง จ.สุราษฎร์ธานี 84210,84210
T091B030B320G262,ธนาคารออมสิน,สาขาพระแสง(G1)   21/1  หมู่ที่ 1 ต.อิปัน  อ.พระแสง จ.สุราษฎร์ธานี 84210,84210
T074B030BE10G262,ธนาคารออมสิน,ห้างสรรพสินค้าเทสโก้ โลตัส สาขาสุขุมวิท 50        1710 ถ.สุขุมวิท แขวงพระโขนง เขตคลองเตย จ.กรุงเทพฯ 10110 ,10110
T091B030B746G262,ธนาคารออมสิน,สาขาลาดหญ้า(G1)  152/12-13 หมู่ที่ 1 ต.ลาดหญ้า อ.เมืองกาญจนบุรี จ.กาญจนบุรี 71190,71190
T091B030B041G262,ธนาคารออมสิน,สาขาบ้านโป่ง(G1) ชั้น 2 169  ถ.แสงชูโต ต.บ้านโป่ง อ.บ้านโป่ง จ.ราชบุรี 70110,70110
T092B030B041G262,ธนาคารออมสิน,สาขาบ้านโป่ง(G2)  ชั้น 2 169  ถ.แสงชูโต ต.บ้านโป่ง อ.บ้านโป่ง จ.ราชบุรี 70110,70110
T064B030BE70G262,ธนาคารออมสิน,องค์การบริหารส่วนตำบล นครชุมน์      หมู่ 8 ต.นครชุมน์ อ.บ้านโป่ง จ.ราชบุรี 70110,70110
T092B030B135G262,ธนาคารออมสิน,สาขาปากท่อ(G2)  462/1 หมู่ที่ 1  ถ.ราษฎร์เกษม ต.ปากท่อ อ.ปากท่อ จ.ราชบุรี 70140,70140
T091B030B872G262,ธนาคารออมสิน,สาขาโรบินสัน นครศรีธรรมราช(G1)  เลขที่ 89/109-110 ถ.พัฒนาการคูขวาง  ต.คลัง อ.เมืองนครศรีธรรมราช จ.นครศรีธรรมราช 80000,80000
T091B030B022G262,ธนาคารออมสิน,สาขาทุ่งสง(G1)    19 ถ.รถไฟ ต.ปากแพรก อ.ทุ่งสง จ.นครศรีธรรมราช 80110,80110
T092B0301075G262,ธนาคารออมสิน,สาขานาหลวง(G2) 289 หมู่ 5 ต.ปากนคร อ.เมือง จ.นครศรีธรรมราช 80000,80000
T092B0301057G262,ธนาคารออมสิน,ธนาคารออมสิน สาขามาบุญครอง(G2) ศูนย์การค้า เอ็ม บี เค เซ็นเตอร์ ชั้น 4 ห้องเลขที่ PLA.F04.D002000 444 ถ.พญาไท แขวงวังใหม่ เขตปทุมวัน กทม. 10330 โทร. 0-2064-4006,10330
T091B030B636G262,ธนาคารออมสิน,สาขาโพธิสัมพันธ์(G1) 285/200-202 หมู่ที่ 5 ซ.นาเกลือ 16 ถ.พัทยา-นาเกลือ ต.นาเกลือ อ.บางละมุง จ.ชลบุรี 20150,20150
T092B0301012G262,ธนาคารออมสิน,สาขาศูนย์การค้าสลากไทย(G2) ชั้น 2 โครงการศูนย์การค้าสลากไทย เลขที่ 347 ถ.สนามบินน้ำ ต.ท่าทราย อ.เมืองนนทบุรี จ.นนทบุรี 11000,11000
T091B030B731G262,ธนาคารออมสิน,สาขาถนนลพบุรีราเมศวร์(G1) 333/25-26 หมู่ที่ 4 ถ.ลพบุรีราเมศวร์ ต.คลองแห อ.หาดใหญ่ จ.สงขลา 90110,90110
T041B030BE90G262,ธนาคารออมสิน,ห้างสรรพสินค้า Big C สาขาหาดใหญ่ 111/19 ม.4 ต.คลองแห อ.หาดใหญ่ จ.สงขลา 90110,90110
T091B030B873G262,ธนาคารออมสิน,สาขาทียูโดม รังสิต(G1) ทียูโดม พลาซ่า ห้องเลขที่ B1-20 และ B1-21 พื้นที่โซน B ชั้น 1 เลขที่ 98/16 หมู่ที่ 18 ถ.เชียงราก ต.คลองหนึ่ง อ.คลองหลวง จ.ปทุมธานี 12120,12120
T091B030B219G262,ธนาคารออมสิน,สาขาสันกำแพง(G1) 8 หมู่ที่ 8 ถ.เชียงใหม่-สันกำแพง ต.สันกำแพง อ.สันกำแพง จ.เชียงใหม่ 50130,50130
T091B030B560G262,ธนาคารออมสิน,สาขาแม่โจ้(G1) 9 หมู่ที่ 9 ถ.เชียงใหม่-พร้าว ต.หนองหาร อ.สันทราย จ.เชียงใหม่ 50290,50290
T092B030B816G262,ธนาคารออมสิน,สาขาสามแยกสันทราย(G2) 225/5-6 หมู่ที่ 2 ต.สันพระเนตร อ.สันทราย จ.เชียงใหม่ 50210,50210
T008B030BE74G262,ธนาคารออมสิน,เทสโก้ โลตัส เอ็กซ์เพรส สาขาวัดดอนไก่ดี 437/15 ถนนดอนไก่ดี ต.ตลาดกระทุ่มแบน อำเภอกระทุ่มแบน จังหวัดสมุทรสาคร 74110,74110
T094B030B779G262,ธนาคารออมสิน,หน่วยให้บริการแอทสาทร (เครื่องที่ 2)(G4) 9/9 ถ.สาทรใต้ แขวงยานนาวา อ.เขตสาทร จ.กรุงเทพฯ 10120,10120
T036B030BE73G262,ธนาคารออมสิน,ศูนย์การแพทย์กาญจนาภิเษก มหาวิทยาลัยมหิดล 999 ถ.บรมราชชนนี ต.ศาลายา อ.พุทธมณฑล จ.นครปฐม 73170,73170
T013B030BE73G262,ธนาคารออมสิน,ตลาดนัดเทียนดัด 113/10 หมู่ 1 ต.บ้านใหม่ อ.สามพราน จ.นครปฐม 73110,73110
T003B030BE58G262,ธนาคารออมสิน,7-Eleven สาขาปาย 3 (9359) 15/52 – 54 หมู่ 8 ต.เวียงใต้ อ.ปาย จ.แม่ฮ่องสอน 58130,58130
T092B030B066G262,ธนาคารออมสิน,สาขาตาก(G2) 319 ถ.ตากสิน ต.หนองหลวง อ.เมืองตาก จ.ตาก 63000,63000
T091B030B205G262,ธนาคารออมสิน,สาขาแม่สอด(G1) 299/4 ถ.อินทรคีรี ต.แม่สอด อ.แม่สอด จ.ตาก 63110,63110
T091B030B870G262,ธนาคารออมสิน,สาขาเขาสวนกวาง(G1) 245/5 หมู่ที่ 10 ถ.มิตรภาพ ต.คำม่วง อ.เขาสวนกวาง จ.ขอนแก่น 40280,40280
T091B030B770G262,ธนาคารออมสิน,สาขามหาวิทยาลัยขอนแก่น(G1) ห้องเลขที่ 1222-1225 ศูนย์อาหารและบริการ 2 (คอมเพล็กซ์) บริเวณชั้น 2 ภายในมหาวิทยาลัยขอนแก่น ต.ในเมือง อ.เมืองขอนแก่น จ.ขอนแก่น 40002,40002
T091B030B787G262,ธนาคารออมสิน,สาขาประตูน้ำขอนแก่น(G1) 336/2-4 หมู่ที่ 12 ถ.มิตรภาพ ต.เมืองเก่า อ.เมืองขอนแก่น จ.ขอนแก่น 40000,40000
T091B030B868G262,ธนาคารออมสิน,สาขาสีชมพู(G1) 202/15-16 หมู่ที่ 10 ถ.ชุมแพ-อุดรญานี ต.วังเพิ่ม อ.สีชมพู จ.ขอนแก่น 40220,40220
T092B030B275G262,ธนาคารออมสิน,สาขาพล(G2) 9 ถ.พาณิชเจริญ ต.เมืองพล อ.พล จ.ขอนแก่น 40120,40120
T038B030BE46G262,ธนาคารออมสิน,เทศบาลตำบลหนองหิน 175 หมู่ ที่ 4 ถนนห้วยยางดง ท่าคันโท ต.หนองหิน อ.หนองกุงศรี จ.กาฬสินธุ์ 46220,46220
T007B030BE63G262,ธนาคารออมสิน,ร้านพบพระข้าวสาร  194 ม.2 ต.พบพระ อ.พบพระ จ.ตาก 63160,63160
T013B030BE43G262,ธนาคารออมสิน,ร้านละออการค้า 217 หมู่ 1 ต.เซิม อ.โพนพิสัย จ.หนองคาย,43120
T091B030B195G262,ธนาคารออมสิน,สาขาลาดยาว(G1) 765 หมู่ที่ 6 ถ.ลาดยาว-นครสวรรค์ ต.ลาดยาว อ.ลาดยาว จ.นครสวรรค์ 60150,60150
T091B030B692G262,ธนาคารออมสิน,สาขาบิ๊กซี กำแพงเพชร(G1) ห้องเลขที่ 2CR201 ชั้น 2 ห้างสรรพสินค้าบิ๊กซี กำแพงเพชร เลขที่ 613/1 ถ.เจริญสุข ต.ในเมือง อ.เมืองกำแพงเพชร จ.กำแพงเพชร 62000,62000
T092B030B801G262,ธนาคารออมสิน,สาขาหนองกุงศรี(G2) 201 หมู่ที่ 6 ต.หนองกุงศรี อ.หนองกุงศรี จ.กาฬสินธุ์ 46220,46220
T091B030B100G262,ธนาคารออมสิน,สาขากาฬสินธุ์(G1) 190 ถ.ภิรมย์ ต.กาฬสินธุ์ อ.เมืองกาฬสินธุ์  จ.กาฬสินธุ์ 46000,46000
T091B030B761G262,ธนาคารออมสิน,สาขาคำม่วง(G1) 82/1-2 หมู่ที่ 10 ถ.ร่วมมิตรพัฒนา ต.ทุ่งคลอง อ.คำม่วง จ.กาฬสินธุ์ 46180,46180
T411B030BE10G262,ธนาคารออมสิน,ห้างสรรพสินค้าเทสโก้ โลตัส สาขาพระราม 3 (28) 173 ชั้น 3 ถ.นราธิวาสราชนครินทร์ แขวงช่องนนทรี เขตยานนาวา กรุงเทพฯ 10120,10120
T421B030BE10G262,ธนาคารออมสิน,บริษัท ทิพยประกันภัย จำกัด (มหาชน) (พระราม 3) 1115 ถ.พระราม 3 แขวงช่องนนทรี เขตยานนาวา กรุงเทพฯ 10120,10120
T091B030B501G262,ธนาคารออมสิน,สาขาโกรกพระ(G1) 143/1 หมู่ที่ 4 ถ.สุขาภิบาล ต.โกรกพระ อ.โกรกพระ จ.นครสวรรค์ 60170,60170
T091B030B099G262,ธนาคารออมสิน,สาขาเลย(G1) 119 ถ.เจริญรัฐ ต.กุดป่อง อ.เมืองเลย จ.เลย 42000,42000
T091B030B295G262,ธนาคารออมสิน,สาขาบึงกาฬ(G1) 45 หมู่ที่ 1 ถ.บำรุงราษฎร์ ต.บึงกาฬ อ.เมืองบึงกาฬ จ.บึงกาฬ 38000,38000
T091B030B424G262,ธนาคารออมสิน,สาขาปากคาด(G1) 161 หมู่ที่ 5 ถ.หนองคาย-บึงกาฬ ต.โนนศิลา อ.ปากคาด จ.บึงกาฬ 38190,38190
T091B030B098G262,ธนาคารออมสิน,สาขานครพนม(G1) 34 ถ.เฟื่องนคร ต.ในเมือง อ.เมือง จ.นครพนม 48000,48000
T091B030B530G262,ธนาคารออมสิน,สาขาเรณูนคร(G1) 81 หมู่ที่ 2 ถ.ธาตุน้อย-นาเหนือ ต.โพนทอง อ.เรณูนคร จ.นครพนม 48170,48170
T091B030B199G262,ธนาคารออมสิน,สาขาศรีสัชนาลัย(G1) 690 หมู่ที่ 1 ถ.ศรีสัชนาลัย ต.หาดเสี้ยว อ.ศรีสัชนาลัย จ.สุโขทัย 64130,64130
T091B030B233G262,ธนาคารออมสิน,สาขาลับแล(G1) 180 ถ.ศรีพนมมาศ ต.ศรีพนมมาศ อ.ลับแล จ.อุตรดิตถ์ 53130,53130
T092B030B807G262,ธนาคารออมสิน,สาขาห้าแยกโคกมะตูม(G2) 132/10-11 ถ.พระองค์ดำ ต.ในเมือง อ.เมืองพิษณุโลก จ.พิษณุโลก 65000,65000
T091B030B882G262,ธนาคารออมสิน,สาขาเทพสถิต(G1) 997-998 หมู่ที่ 1 ต.วะตะแบก อ.เทพสถิต จ.ชัยภูมิ 36230,36230
T091B030B825G262,ธนาคารออมสิน,สาขาหนองบัวระเหว(G1) 567/1-2 หมู่ที่ 6 ถ.จัตุรัส-หนองบัวระเหว ต.หนองบัวระเหว อ.หนองบัวระเหว จ.ชัยภูมิ 36250,36250
T092B030B705G262,ธนาคารออมสิน,สาขานาหว้า(G2) 191 หมู่ที่ 1 ถ.นาหว้า-ดอนเชียงบาน ต.นาหว้า อ.นาหว้า จ.นครพนม 48180,48180
T091B030B371G262,ธนาคารออมสิน,สาขาบางระกำ(G1) 57/1 หมู่ที่ 7 ต.บางระกำ อ.บางระกำ จ.พิษณุโลก 65140,65140
T092B030B371G262,ธนาคารออมสิน,สาขาบางระกำ(G2) 57/1 หมู่ที่ 7 ต.บางระกำ อ.บางระกำ จ.พิษณุโลก 65140,65140
T092B030B204G262,ธนาคารออมสิน,สาขาวังทอง(G2) 517 หมู่ที่ 1 ต.วังทอง อ.วังทอง จ.พิษณุโลก 65130,65130
T092B030B792G262,ธนาคารออมสิน,สาขาบิ๊กซี หล่มสัก(G2) ศูนย์การค้าบิ๊กซี ซูเปอร์เซ็นเตอร์ สาขาหล่มสัก เลขที่ 70 ถ.สามัคคีชัย ต.หล่มสัก อ.หล่มสัก จ.เพชรบูรณ์ 67110,67110
T071B030BE30G262,ธนาคารออมสิน,ร้านรจนา 94 ม.1 ต.บ้านปรางค์ อ.คง จ.นครราชสีมา 30260,30260
T091B030B064G262,ธนาคารออมสิน,สาขาร้อยเอ็ด(G1) 125  ถ.สุริยะเดชบำรุง ต.ในเมือง อ.เมืองร้อยเอ็ด จ.ร้อยเอ็ด 45000,45000
T091B030B298G262,ธนาคารออมสิน,สาขาพังโคน(G1) 76/12 หมู่ที่ 8 ถ.นิตโย ต.พังโคน อ.พังโคน จ.สกลนคร 47160,47160
T091B030B296G262,ธนาคารออมสิน,สาขาสว่างแดนดิน(G1) 374 หมู่ที่ 11 ถ.นิตโย ต.สว่างแดนดิน อ.สว่างแดนดิน จ.สกลนคร 47110,47110
T091B030B086G262,ธนาคารออมสิน,สาขาพิจิตร(G1) 602/1 ถ.บุษบา ต.ในเมือง อ.เมืองพิจิตร จ.พิจิตร 66000,66000
T091B030B211G262,ธนาคารออมสิน,สาขาบางมูลนาก(G1) 41 ถ.ประเทืองถิ่น ต.บางมูลนาก อ.บางมูลนาก จ.พิจิตร 66120,66120
T092B030B211G262,ธนาคารออมสิน,สาขาบางมูลนาก(G2) 41 ถ.ประเทืองถิ่น ต.บางมูลนาก อ.บางมูลนาก จ.พิจิตร 66120,66120
T092B030B696G262,ธนาคารออมสิน,สาขาวัดโบสถ์(G2) 289-289/1 หมู่ 4 ถ.วัดโบสถ์-แควน้อย ต.วัดโบสถ์ อ.วัดโบสถ์ จ.พิษณุโลก 65160,65160
T091B030B285G262,ธนาคารออมสิน,สาขาสุวรรณภูมิ(G1) 328 หมู่ที่ 2 ถ.ออมสินสงเคราะห์ ต.สระคู อ.สุวรรณภูมิ จ.ร้อยเอ็ด 45130,45130
T092B030B285G262,ธนาคารออมสิน,สาขาสุวรรณภูมิ(G2) 328 หมู่ที่ 2 ถ.ออมสินสงเคราะห์ ต.สระคู อ.สุวรรณภูมิ จ.ร้อยเอ็ด 45130,45130
T091B030B675G262,ธนาคารออมสิน,สาขาปทุมรัตน์(G1) 31 หมู่ที่ 12 ถ.สุขาภิบาล ต.บัวแดง อ.ปทุมรัตต์ จ.ร้อยเอ็ด 45190,45190
T092B030B675G262,ธนาคารออมสิน,สาขาปทุมรัตน์(G2) 31 หมู่ที่ 12 ถ.สุขาภิบาล ต.บัวแดง อ.ปทุมรัตต์ จ.ร้อยเอ็ด 45190,45190
T091B030B269G262,ธนาคารออมสิน,สาขาลำปลายมาศ(G1) 742 หมู่ที่ 9 ถ.ราษฎร์ดำริ ต.ลำปลายมาศ อ.ลำปลายมาศ จ.บุรีรัมย์ 31130,31130
T092B030B269G262,ธนาคารออมสิน,สาขาลำปลายมาศ(G2) 742 หมู่ที่ 9 ถ.ราษฎร์ดำริ ต.ลำปลายมาศ อ.ลำปลายมาศ จ.บุรีรัมย์ 31130,31130
T091B030B270G262,ธนาคารออมสิน,สาขาประโคนชัย(G1) 297 หมู่ที่ 3 ถ.โชคชัย-เดชอุดม ต.ประโคนชัย อ.ประโคนชัย จ.บุรีรัมย์ 31140,31140
T091B030B836G262,ธนาคารออมสิน,สาขาปทุมราชวงศา(G1) 103/7 หมู่ที่ 2 ถ.อรุณประเสริฐ ต.นาหว้า อ.ปทุมราชวงศา จ.อำนาจเจริญ 37110,37110
T092B030B836G262,ธนาคารออมสิน,สาขาปทุมราชวงศา(G2) 103/7 หมู่ที่ 2 ถ.อรุณประเสริฐ ต.นาหว้า อ.ปทุมราชวงศา จ.อำนาจเจริญ 37110,37110
T091B030B379G262,ธนาคารออมสิน,สาขายะหา(G1)    90 ถ.สันติราษฎร์ ต.ยะหา อ.ยะหา จ.ยะลา 95120,95120
T093B030B101G262,ธนาคารออมสิน,หน่วยให้บริการถนนนิวาส(G3) ตำบล คูหาสวรรค์ อำเภอเมืองพัทลุง พัทลุง 93000,93000
T092B030B917G262,ธนาคารออมสิน,สาขาถนนหนองจิก(G2) 300/22-23 หมู่ที่ 4 ถ.หนองจิก ต.รูสะมิแล อ.เมืองปัตตานี จ.ปัตตานี 94000,94000
T091B030B468G262,ธนาคารออมสิน,สาขาตันหยงมัส(G1) 8 ถ.เทศบาล 8 ต.ตันหยงมัส อ.ระแงะ จ.นราธิวาส 96130,96130
T091B030B361G262,ธนาคารออมสิน,สาขารือเสาะ(G1) 112/1-2 ถ.รือเสาะ-สนองกิจ ต.รือเสาะ อ.รือเสาะ จ.นราธิวาส 96150,96150
T001B030BE12G262,ธนาคารออมสิน,ห้างสรรพสินค้าเซ็นทรัลพลาซารัตนาธิเบศร์ ชั้น 1 โซน HOME WORK เซ็นทรัลรัตนาธิเบศร์ ชั้น1 โซน office Depot ต.บางกระสอ อ.เมืองนนทบุรี จ.นนทบุรี 11000,11000
T091B030B804G262,ธนาคารออมสิน,สาขาตลาดพรเพชร(G1) 70/32-33 ถ.มุกดาหาร-ดอนตาล ต.ศรีบุญเรือง อ.เมืองมุกดาหาร จ.มุกดาหาร 49000,49000
T091B030B650G262,ธนาคารออมสิน,สาขาคำชะอี(G1) 2 หมู่ที่ 6 ต.น้ำเที่ยง อ.คำชะอี จ.มุกดาหาร 49110,49110
T092B030B650G262,ธนาคารออมสิน,สาขาคำชะอี(G2) 2 หมู่ที่ 6 ต.น้ำเที่ยง อ.คำชะอี จ.มุกดาหาร 49110,49110
T092B030B815G262,ธนาคารออมสิน,สาขาเนินมะปราง(G2) 643 หมู่ที่ 4 ต.เนินมะปราง อ.เนินมะปราง จ.พิษณุโลก 65190,65190
T091B030B635G262,ธนาคารออมสิน,สาขามิตรภาพ(G1) 16/113-114 ถ.มิตรภาพ ต.ในเมือง อ.เมืองพิษณุโลก จ.พิษณุโลก 65000,65000
T092B030B635G262,ธนาคารออมสิน,สาขามิตรภาพ(G2) 16/113-114 ถ.มิตรภาพ ต.ในเมือง อ.เมืองพิษณุโลก จ.พิษณุโลก 65000,65000
T091B030B203G262,ธนาคารออมสิน,สาขานางพญา(G1) 902 ถ.มิตรภาพ ต.ในเมือง อ.เมืองพิษณุโลก จ.พิษณุโลก 65000,65000
T091B030B605G262,ธนาคารออมสิน,สาขาตระการพืชผล(G1) 366/5-6 หมู่ที่ 4 ต.ขุหลุ อ.ตระการพืชผล จ.อุบลราชธานี  34130,34130
T092B0301071G262,ธนาคารออมสิน,สาขาเขาค้อ(G2) 98/1-2 หมู่ที่ 8 ต.แคมป์สน อ.เขาค้อ จ.เพชรบูรณ์ 67280,67280
T028B030BE67G262,ธนาคารออมสิน,สถาบันการเงินชุมชนต้นแบบบ้านไร่  84 ม.8 ถ.บูรกรรมโกวิท ต.สะเดียง อ.เมือง จ.เพชรบูรณ์ 67000,67000
T092B030B706G262,ธนาคารออมสิน,สาขาตลาดท่าพล(G2) 38/1 หมู่ที่ 12 ต.ท่าพล อ.เมืองเพชรบูรณ์ จ.เพชรบูรณ์ 67250,67250
T091B030B615G262,ธนาคารออมสิน,สาขาเดอะมอลล์ บางกะปิ(G1)  ภายในศูนย์การค้าเดอะมอลล์ บางกะปิ ชั้น 3 ห้องเลขที่ 3S-R5 เลขที่ 3522 ถ.ลาดพร้าว แขวงคลองจั่น เขตบางกะปิ กรุงเทพฯ 10240,10240
T091B030B499G262,ธนาคารออมสิน,สาขาถนนประชาราษฎร์(G1) 1734/1 หมู่ที่ 10 ถ.ประชาราษฎร์ ต.ธาตุเชิงชุม อ.เมืองสกลนคร จ.สกลนคร 47000,47000
T091B030B116G262,ธนาคารออมสิน,สาขามุกดาหาร(G1) 122 ถ.พิทักษ์สันติราษฎร์ ต.มุกดาหาร อ.เมืองมุกดาหาร จ.มุกดาหาร 49000,49000
T092B030B459G262,ธนาคารออมสิน,สาขาถนนจอมพล(G2) 525 ถ.จอมพล ต.ในเมือง อ.เมืองนครราชสีมา จ.นครราชสีมา 30000,30000
T092B030B005G262,ธนาคารออมสิน,สาขานครราชสีมา(G2) 428/1 ถ.มิตรภาพ ต.ในเมือง อ.เมืองนครราชสีมา จ.นครราชสีมา 30000,30000
T091B030B898G262,ธนาคารออมสิน,สาขาตลาดเซฟวัน(G1) 2/27-28 ซ.มิตรภาพ 15 ต.ในเมือง อ.เมืองนครราชสีมา จ.นครราชสีมา 30000,30000
T091B030B860G262,ธนาคารออมสิน,สาขาหัวทะเล(G1) 1108/5 หมู่ที่ 1 ต.หัวทะเล อ.เมืองนครราชสีมา จ.นครราชสีมา 30000,30000
T091B030B253G262,ธนาคารออมสิน,สาขาสุรนารี(G1) 19 ถ.โยธา ต.ในเมือง อ.เมืองนครราชสีมา จ.นครราชสีมา 30000,30000
T092B030B253G262,ธนาคารออมสิน,สาขาสุรนารี(G2) 19 ถ.โยธา ต.ในเมือง อ.เมืองนครราชสีมา จ.นครราชสีมา 30000,30000
T091B030B803G262,ธนาคารออมสิน,สาขาเสิงสาง(G1) 274-274/1 หมู่ที่ 11 ถ.เสิงสาง-โนนสมบูรณ์ ต.เสิงสาง อ.เสิงสาง จ.นครราชสีมา 30330,30330
T092B030B783G262,ธนาคารออมสิน,สาขาเดอะพาซิโอ ทาวน์(G2) ชั้น 2 ห้องเลขที่ F-204 ศูนย์การค้าเดอะพาซิโอ ทาวน์ เลขที่ 7/2-7 ถ.รามคำแหง แขวงสะพานสูง เขตสะพานสูง กรุงเทพฯ 10240,10240
T091B030B656G262,ธนาคารออมสิน,"สาขาเซ็นทรัล รัตนาธิเบศร์(G1) ห้องเลขที่ 264 ชั้น 2 ศูนย์การค้าเซ็นทรัลพลาซา รัตนาธิเบศร์ เลขที่ 68/100, 68/919 หมู่ที่ 8 ถ.รัตนาธิเบศร์ ต.บางกะสอ อ.เมืองนนทบุรี จ.นนทบุรี 11000",11000
T091B030B274G262,ธนาคารออมสิน,สาขาชุมพวง(G1) 79 หมู่ที่ 1 ถ.ชุมพวง-ทางพาด ต.ชุมพวง อ.ชุมพวง จ.นครราชสีมา 30270,30270
T091B030B904G262,ธนาคารออมสิน,"สาขาธัญญาพาร์ค ศรีนครินทร์(G1) ศูนย์การค้าธัญญะช็อปปิ้ง พาร์ค อาคาร B ห้องเลขที่ B2 33- B2 34 ชั้น 2 เลขที่ 735, 735/1-8 ถ.ศรีนครินทร์ แขวงสวนหลวง เขตสวนหลวง กรุงเทพฯ 10250",10250
T091B030B795G262,ธนาคารออมสิน,"สาขาขาณุวรลักษบุรี(G1) 101,101/1 และ 101/2 หมู่ที่ 3 ถ.สายป่าพุทรา- ท่ามะเขือ ต.ป่าพุทรา อ.ขาณุวรลักษบุรี จ.กำแพงเพชร 62130",62130
T005B030BE36G262,ธนาคารออมสิน,เทศบาลตำบลบ้านเพชร ถนนรพช.หนองงูเหลือม-หินลาด หมู่1 บ.เพชร ต.บ้านเพชร อ.ภูเขียว จ.ชัยภูมิ 36110,36110
T091B030B101G262,ธนาคารออมสิน,สาขาพัทลุง(G1) 601 ถ.ราเมศวร์ ต.คูหาสวรรค์ อ.เมืองพัทลุง  จ.พัทลุง 93000,93000
T028B030BE94G262,ธนาคารออมสิน,หน่วยให้บริการแม่ลาน(G1) ที่ว่าการอำเภอแม่ลาน หมู่ที่ 4 ต.แม่ลาน อ.แม่ลาน จ.ปัตตานี 94180,94180
T092B030B900G262,ธนาคารออมสิน,สาขาลาดพร้าว 101(G2) ศูนย์การค้าแฮปปี้ อเวนิว ลาดพร้าว 101 อาคารทาวเวอร์ นอร์ท ห้อง บี 5 ชั้น 1 เลขที่ 787/101 ซอยลาดพร้าว 101 (วัดบึงทองหลาง) ถ.ลาดพร้าว แขวงคลองเจ้าคุณสิงห์ เขตวังทองหลาง กรุงเทพฯ 10310,10310
T092B030B581G262,ธนาคารออมสิน,สาขาติวานนท์(G2) 145 ถ.ติวานนท์ ต.ท่าทราย อ.เมืองนนทบุรี จ.นนทบุรี 11000,11000
T091B030B040G262,ธนาคารออมสิน,"สาขานครปฐม(G1) 24, 26, 28 ชั้น 2 ถ.ทหารบก ต.พระปฐมเจดีย์ อ.เมืองนครปฐม จ.นครปฐม 73000",73000
T092B030B040G262,ธนาคารออมสิน,"สาขานครปฐม(G2) 24, 26, 28 ชั้น 2 ถ.ทหารบก ต.พระปฐมเจดีย์ อ.เมืองนครปฐม จ.นครปฐม 73000",73000
T091B030B734G262,ธนาคารออมสิน,"สาขาเซ็นทรัล เชียงราย(G1) ห้องเลขที่ 230, 233 ชั้น 2 ศูนย์การค้าเซ็นทรัลพลาซา เชียงราย 99/9 หมู่ที่ 13 ถ.พหลโยธิน ต.รอบเวียง อ.เมืองเชียงราย จ.เชียงราย 57000",57000
T092B030B734G262,ธนาคารออมสิน,"สาขาเซ็นทรัล เชียงราย(G2) ห้องเลขที่ 230, 233 ชั้น 2 ศูนย์การค้าเซ็นทรัลพลาซา เชียงราย 99/9 หมู่ที่ 13 ถ.พหลโยธิน ต.รอบเวียง อ.เมืองเชียงราย จ.เชียงราย 57000",57000
T063B030BE57G262,ธนาคารออมสิน,โรงเรียนกวดวิชาวรเศรษฐ์ 560/26 หมู่ 6 ถ.พหลโยธิน ต.สันทราย อ.เมือง จ.เชียงราย 57000,57000
T091B030B431G262,ธนาคารออมสิน,สาขากำแพงแสน(G1) 182 หมู่ที่ 1 ถ.พลดำริห์ ต.กำแพงแสน อ.กำแพงแสน จ.นครปฐม 73140,73140
T077B030BE57G262,ธนาคารออมสิน,ศูนย์วิปัสสนาสากลไร่เชิงตะวัน 217 หมู่ 25 ถ.บ้านใหม่สันป่าเหียง ต.ห้วยสัก อ.เมือง จ.เชียงราย 57000,57000
T092B030B363G262,ธนาคารออมสิน,สาขาคลองหลวง(G2) 91/1-2 หมู่ที่ 8 ต.คลองหนึ่ง อ.คลองหลวง จ.ปทุมธานี 12120,12120
T091B030B762G262,ธนาคารออมสิน,สาขาโพธิ์แจ้(G1) 19/47-48 หมู่ที่ 4 ต.คอกกระบือ อ.เมืองสมุทรสาคร จ.สมุทรสาคร 74000,74000
T091B030B166G262,ธนาคารออมสิน,สาขามวกเหล็ก(G1) 438 หมู่ที่ 9 ต.มิตรภาพ อ.มวกเหล็ก จ.สระบุรี 18180,18180
T092B030B166G262,ธนาคารออมสิน,สาขามวกเหล็ก(G2) 438 หมู่ที่ 9 ต.มิตรภาพ อ.มวกเหล็ก จ.สระบุรี 18180,18180
T091B030B132G262,ธนาคารออมสิน,สาขาบางเลน(G1) 45/3 หมู่ที่ 8 ถ.พลดำริห์ ต.บางเลน อ.บางเลน จ.นครปฐม 73130,73130
T091B030B556G262,ธนาคารออมสิน,สาขาพร้าว(G1) 303 หมู่ที่ 4 ต.เวียง อ.พร้าว จ.เชียงใหม่ 50190,50190
T091B030B562G262,ธนาคารออมสิน,สาขาฮอด(G1) 479 หมู่ที่ 9 ต.หางดง อ.ฮอด จ.เชียงใหม่ 50240,50240
T091B030B559G262,ธนาคารออมสิน,สาขาเหนือคลอง(G1) 162 หมู่ที่ 2 ถ.เพชรเกษม ต.เหนือคลอง อ.เหนือคลอง จ.กระบี่ 81130,81130
T092B030B857G262,ธนาคารออมสิน,สาขาวังสมบูรณ์(G2) 92/1 หมู่ที่ 11 ต.วังสมบูรณ์ อ.วังสมบูรณ์ จ.สระแก้ว 27250,27250
T092B030B730G262,ธนาคารออมสิน,สาขาบิ๊กซีอ้อมใหญ่(G2) 17/17 หมู่ที่ 8 ต.อ้อมใหญ่ อ.สามพราน จ.นครปฐม 73160,73160
T092B030B823G262,ธนาคารออมสิน,สาขาบางน้ำเปรี้ยว(G2) 247/7-8 หมู่ที่ 5 ต.โพรงอากาศ อ.บางน้ำเปรี้ยว จ.ฉะเชิงเทรา 24150,24150
T092B030B791G262,ธนาคารออมสิน,สาขาพระสมุทรเจดีย์(G2) 9/7 หมู่ที่ 3 ต.ปากคลองบางปลากด อ.พระสมุทรเจดีย์ จ.สมุทรปราการ 10290,10290
T091B030B797G262,ธนาคารออมสิน,สาขาสุพรีม คอมเพล็กซ์ สามเสน(G1) ชั้น L1 ห้องเลขที่ L1-L3 ศูนย์การค้าสุพรีม คอมเพล็กซ์ สามเสน เลขที่ 1024 ถ.สามเสน แขวงถนนนครไชยศรี เขตดุสิต กรุงเทพฯ 10300,10300
T017B030BE43G262,ธนาคารออมสิน,หน้าตลาดสดบ้านเดื่อ 191 ม. 2 ต.บ้านเดื่อ อ.ท่าบ่อ จ.หนองคาย 43110,43110
T091B030B439G262,ธนาคารออมสิน,สาขามหานาค(G1) 292/13-14 ถ.ลูกหลวง แขวงสี่แยกมหานาค เขตดุสิต กรุงเทพฯ 10300,10300
T091B030B344G262,ธนาคารออมสิน,สาขารัตภูมิ(G1) 254 หมู่ที่ 1 ถ.ยนตรการกำธร ต.กำแพงเพชร อ.รัตภูมิ จ.สงขลา 90180,90180
T091B030B875G262,ธนาคารออมสิน,สาขาอ่าวอุดม(G1) 143/16-17  ถ.สุขุมวิท หมู่ที่ 8 ต.ทุ่งสุขลา อ.ศรีราชา จ.ชลบุรี 20230,20230
T091B030B551G262,ธนาคารออมสิน,สาขาสวนอุตสาหกรรมศรีราชา(G1) 664/25-27 หมู่ที่ 11 ถ.สุขาภิบาล 8 ต.หนองขาม อ.ศรีราชา จ.ชลบุรี 20230,20230
T084B030BE14G262,ธนาคารออมสิน,เทสโก้ โลตัส เอ็กซ์เพรส สาขามหาราช อยุธยา (2663) 219/3 ม.6 ต.หัวไผ่ อ.มหาราช จ.อยุธยา 13150,13150
T035B030BE14G262,ธนาคารออมสิน,"7-Eleven สาขาชุมชนสามกอ(9622) 59/11-12,59/29 หมู่ 2 ต.สามกอ อ.เสนา จ.พระนครศรีอยุธยา",13110
T092B030B679G262,ธนาคารออมสิน,สาขาโรบินสัน ตรัง(G2) ห้องเลขที่ 213 ชั้น 2 ห้างสรรพสินค้าโรบินสัน ตรัง 138 ถ.พัทลุง ต.ทับเที่ยง อ.เมืองตรัง จ.ตรัง 92000,92000
T092B030B887G262,ธนาคารออมสิน,สาขาเมกาบางนา (G2) 39 หมู่ที่ 6 ศูนย์การค้าเมกาบางนา ถ.บางนา-ตราด ต.บางแก้ว อ.บางพลี จ.สมุทรปราการ 10540,10540
T006B030BE11G262,ธนาคารออมสิน,7-Eleven สาขาหมู่บ้านพฤกษาอเวนิว (หนามแดง) (13079) ต.บางแก้ว อ.บางพลี จ.สมุทรปราการ 10540,10540
T091B030B343G262,ธนาคารออมสิน,สาขาสะเดา(G1) 101 ถ.กาญจนวณิช ต.สะเดา อ.สะเดา จ.สงขลา 90120,90120
T138B030BE90G262,ธนาคารออมสิน,7-Eleven สาขาคลองหอยโข่ง(7811) 196 ม.7 ต.ทุ่งลาน อ.คลองหอยโข่ง จ.สงขลา 90230 ,90230
T091B030B025G262,ธนาคารออมสิน,สาขาหาดใหญ่(G1) 156-158 ถ.นิพัทธ์อุทิศ 1 ต.หาดใหญ๋ อ.หาดใหญ่ จ.สงขลา 90110,90110
T049B030BE14G262,ธนาคารออมสิน,ตลาดโคกมะลิ 88/2 หมู่ 2 ถ.ภาชี – นครหลวง ต.นครหลวง อ.นครหลวง จ.พระนครศรีอยุธยา,13260
T092B030B125G262,ธนาคารออมสิน,สาขาบางปะหัน(G2) 4/6 หมู่ที่ 5 ถ.อยุธยา-บางปะหัน ต.ขวัญเมือง อ.บางปะหัน จ.พระนครศรีอยุธยา 13220,13220
T092B030B480G262,ธนาคารออมสิน,สาขาประตูน้ำพระอินทร์(G2) 139/1-2 หมู่ที่ 7 ถ.พหลโยธิน ต.เชียงรากน้อย อ.บางปะอิน จ.พระนครศรีอยุธยา 13180,13180
T091B030B045G262,ธนาคารออมสิน,สาขาศรีราชา(G1) 111 ถ.สุรศักดิ์ 1 ต.ศรีราชา อ.ศรีราชา จ.ชลบุรี 20110,20110
T091B0301052G262,ธนาคารออมสิน,สาขาเดอะแจส รามอินทรา(G1) ชั้น 1 ห้องเลขที่ A-106-107 โครงการเดอะแจส รามอินทรา เลขที่ 87 ถ.ลาดปลาเค้า แขวงอนุสาวรีย์ เขตบางเขน กรุงเทพฯ 10220,10220
T091B030B449G262,ธนาคารออมสิน,"สาขาสะพานใหม่(G1) 420, 422, 424, 426 ถ.พหลโยธิน แขวงอนุสาวรีย์ เขตบางเขน กรุงเทพฯ 10220",10220
T021B030BE20G262,ธนาคารออมสิน,สำนักอนุมัติสินเชื่อรายย่อย 15 ต.บางพระ อ.ศรีราชา จ.ชลบุรี 20110,20110
T091B030B527G262,ธนาคารออมสิน,สาขาวิหารแดง(G1) 383 หมู่ที่ 10  ถ.สุวรรณศ ต.หนองสรวง อ.วิหารแดง จ.สระบุรี 18150,18150
T091B030B162G262,ธนาคารออมสิน,สาขาพระพุทธบาท(G1) 24 หมู่ที่ 7 ถ.พหลโยธิน ต.ธารเกษม อ.พระพุทธบาท จ.สระบุรี 18120,18120
T091B030B161G262,ธนาคารออมสิน,สาขาพนมสารคาม(G1) 685/5 หมู่ที่ 1  ถ.พนมพัฒนา ต.พนมสารคาม อ.พนมสารคามฉะเชิงเทรา24120,24120
T091B030B648G262,ธนาคารออมสิน,สาขาพาราไดซ์พาร์ค(G1) ศูนย์การค้าพาราไดซ์ พาร์ค ชั้น 2 61 ถ.ศรีนครินทร์ แขวงหนองบอน เขตประเวศ กรุงเทพฯ 10250,10250
T091B030B141G262,ธนาคารออมสิน,สาขาบางปลาม้า(G1) 263 ต.โคกคราม อ.บางปลาม้า จ.สุพรรณบุรี 72150,72150
T093B030B792G262,ธนาคารออมสิน,หน่วยให้บริการหล่มสัก(G1) ถ.วจี ต.หล่มสัก จ.เพชรบูรณ์ 67110,67110
T091B030B206G262,ธนาคารออมสิน,สาขาหล่มสัก(G1) 356 ถ.วจี ต.หล่มสัก อ.หล่มสัก จ.เพชรบูรณ์ 67110,67110
T091B030B217G262,ธนาคารออมสิน,สาขาหล่มเก่า(G1) 580 ถ.นฤพัฒน์ ต.หล่มเก่า อ.หล่มเก่า จ.เพชรบูรณ์ 67120,67120
T091B0301068G262,ธนาคารออมสิน,สาขาตลาดเจ้าพระยา(G1) เจ้าพระยาพลาซ่า ชั้น1 ห้อง1B 67/12 หมู่10 ถ.บางกรวย-ไทรน้อย ต.บางเลน อ.บางใหญ่ จ.นนทบุรี 11140,11140
T091B030B518G262,ธนาคารออมสิน,สาขาแคราย(G1) 115/30-32 ถ.ติวานนท์ ต.ตลาดขวัญ อ.เมืองนนทบุรี จ.นนทบุรี 11000,11000
T091B0301073G262,ธนาคารออมสิน,"สาขาเซ็นทรัล นครราชสีมา(G1) ห้องเลขที่ 336 ชั้น 3 ภายในศูนย์การค้าเซ็นทรัลพลาซา นครราชสีมา เลขที่ 990,998 ถ.มิตรภาพ-หนองคาย ต.ในเมือง อ.เมืองนครราชสีมา จ.นครราชสีมา 30000",30000
T091B030B881G262,ธนาคารออมสิน,สาขาตลาดรวมใจ เครื่องที่ 1(G1) 101-101/1 ถ.ป๊อปปูล่า ต.บ้านใหม่ อ.ปากเกร็ด จ.นนทบุรี 11120,11120
T091B030B738G262,ธนาคารออมสิน,สาขาเทสโก้โลตัส ปากช่อง(G1) ชั้น 1 ภายในศูนย์การค้าเทสโก้โลตัส สาขาปากช่อง เลขที่ 289 หมู่ที่ 18 ต.ปากช่อง อ.ปากช่อง จ.นครราชสีมา 30130,30130
T091B0301023G262,ธนาคารออมสิน,สาขาบิ๊กซี ลำลูกกา 1(G1) 10 หมู่ 12 ถ. ต.บึงคำพร้อย อ.ลำลูกกา จ.ปทุมธานี 12150,12150
T092B030B029G262,ธนาคารออมสิน,สาขาชัยนาท(G2) 60/18 ถ.วงษ์โต ต.ในเมือง อ.เมืองชัยนาท จ.ชัยนาท 17000,17000
T092B030B213G262,ธนาคารออมสิน,สาขาวัดสิงห์(G2) 51 ถ.ภูวสุวรรณวิถี ต.วัดสิงห์ อ.วัดสิงห์ จ.ชัยนาท 17120,17120
T091B030B196G262,ธนาคารออมสิน,สาขาท่าตะโก(G1) 371/14 หมู่ที่ 1 ถ.ท่าตะโก-นครสวรรค์ ต.ท่าตะโก อ.ท่าตะโก จ.นครสวรรค์ 60160,60160
T091B030B507G262,ธนาคารออมสิน,สาขาตะโหมด(G1) 17/3 หมู่ 1 ถ. เพชรเกษม ต. แม่ขรี อ. ตะโหมด จ.พัทลุง 93160,93160
T091B030B348G262,ธนาคารออมสิน,สาขาเทพา(G1) 33/1 ถ.เกษตรขันธ์ ต.เทพา อ.เทพา จ.สงขลา 90150,90150
T092B0301009G262,ธนาคารออมสิน,ศูนย์บริการถนนห้วยแก้ว(G2) 9 ถ.ห้วยแก้ว ต.สุเทพ อ.เมือง จ.เชียงใหม่ 50200,50200
T091B030B461G262,ธนาคารออมสิน,สาขาเชียงยืน(G1) 511 หมู่ 5 ถ. เชียงยืนพัฒนา ต. เชียงยืน อ. เชียงยืน จ.มหาสารคาม 44160,44160
T091B0301063G262,ธนาคารออมสิน,สาขายูดี ทาวน์ อุดรธานี(G1) ห้องเลขที่ M 103 - 104 ชั้น 1 อาคาร M เลขที่ 99/9 ถ.ทองใหญ่ ต.หมากแข้ง อ.เมือง จ.อุดรธานี 41000,41000
T091B030B509G262,ธนาคารออมสิน,สาขาสาทร(G1) 151-153 ถ.เจริญกรุง 57 แขวงยานนาวา เขตสาทร กรุงเทพฯ 10120,10120
T091B0301029G262,ธนาคารออมสิน,สาขาถนนวิทยะธำรงค์(G1) 453/5-7 ถ.วิทยะธำรงค์ ต.ในเมือง อ.เมือง จ.ยโสธร 35000,35000
T091B030B349G262,ธนาคารออมสิน,สาขานาทวี(G1) 4 ถ.แปลงประดิษฐ์ ต.นาทวี อ.นาทวี จ.สงขลา 90160,90160
T091B0301031G262,ธนาคารออมสิน,สาขาโรบินสัน ร้อยเอ็ด(G1) ต.ในเมือง อ.เมือง จ.ร้อยเอ็ด 45000,45000
T091B0301035G262,ธนาคารออมสิน,"สาขาถนนกองบิน 56(G1) 179,181 หมู่ 6 ถ.ชูพันธ์ ต.ควนลัง อ.หาดใหญ่ จ.สงขลา 90110",90110
T091B030B737G262,ธนาคารออมสิน,"สาขาช้างม่อย(G1) 196, 198 ถ.ราชวงค์ ต.ช้างม่อย อ.เมืองเชียงใหม่ จ.เชียงใหม่ 50300",50300
T091B030B314G262,ธนาคารออมสิน,สาขากระนวน(G1) 138/3 ถ.นิมิตเมือง ต.หนองโก อ.กระนวน จ.ขอนแก่น 40170,40170
T091B030B385G262,ธนาคารออมสิน,สาขาโนนสัง(G1) 13 หมู่ 3 ถ.ศุภกิจ ต.โนนสัง อ.โนนสัง จ.หนองบัวลำภู 39140,39140
T093B030B598G262,ธนาคารออมสิน,สาขาห้างสรรพสินค้าเซ็นทรัลแอร์พอร์ต พลาซ่า เชียงใหม่ ชั้น G (G3) 2 ถ.มหิดล ต.หายยา อ.เมือง จ.เชียงใหม่ 50100,50100
T091B030B463G262,ธนาคารออมสิน,สาขาวังเหนือ(G1) 559 หมู่ 4 ถ. ขุนวัง ต. วังเหนือ อ. วังเหนือ จ.ลำปาง 52140,52140
T091B0301051G262,ธนาคารออมสิน,สาขาบิ๊กซี สุวินทวงศ์(G1) 123 หมู่ 16 ถ.สุวินทวงศ์ แขวงมีนบุรี เขตมีนบุรี กรุงเทพฯ 10510,10510
T091B030B587G262,ธนาคารออมสิน,สาขาอุบลรัตน์(G1) 45 หมู่ 4 ถ.หน้าเขื่อนอุบลรัตน์ ต.เขื่อนอุบลรัตน์ อ.อุบลรัตน์ จ.ขอนแก่น 40250,40250
T092B030B662G262,ธนาคารออมสิน,สาขาช้างคลาน(G2) 164/101-102 ถ.ช้างคลาน ต.ช้างคลาน อ.เมืองเชียงใหม่ จ.เชียงใหม่ 50100,50100
T091B030B541G262,ธนาคารออมสิน,สาขาทองผาภูมิ(G1) 301 หมู่ ที่ 1 ท่าขนุน อำเภอทองผาภูมิ กาญจนบุรี 71180,71180
T091B030B505G262,ธนาคารออมสิน,สาขาหนองกี่(G1) 83 หมู่ 1 ถ.โชคชัย-เดชอุดม ต.หนองกี่ อ.หนองกี่ จ.บุรีรัมย์ 31210,31210
T091B030B096G262,ธนาคารออมสิน,สาขาบุรีรัมย์(G1) 21 ถ.ธานี ต.ในเมือง อ.เมืองบุรีรัมย์ จ.บุรีรัมย์ 31000,31000
T092B030B093G262,ธนาคารออมสิน,สาขาสุรินทร์(G2) 356 ถ.ธนสาร ต.ในเมือง อ.เมืองสุรินทร์ จ.สุรินทร์ 32000,32000
T092B030B338G262,ธนาคารออมสิน,สาขาโคกกลอย(G2) 67 หมู่ที่ 2 ถ.เพชรเกษม ต.โคกลอย อ.ตะกั่วทุ่ง จ.พังงา 82140,82140
T434B030BE10G262,ธนาคารออมสิน,7-Eleven สาขาซวิภาวดี 3 จุด 3 (11869)       ที่ดินเปล่า ซ.ร่วมศิริมิตร แขวงลาดยาว เขตจตุจักร จ.กรุงเทพฯ 10900,10900
T844B030BE10G262,ธนาคารออมสิน,ตลาดหัวมุม (เกษตร-นวมินทร์)      678 ถ.ประเสริฐมนูกิจ แขวงลาดพร้าว เขตลาดพร้าว กรุงเทพฯ 10230,10230
T091B030B952G262,ธนาคารออมสิน,สาขากรีนพลาซ่า (วังหิน)(G1)  ห้องเลขที่ 101 และ 201 โครงการกรีนพลาซ่า  เลขที่ 523 ถ.ลาดพร้าววังหิน แขวงลาดพร้าว เขตลาดพร้าว กรุงเทพฯ 10230,10230
T092B030B952G262,ธนาคารออมสิน,สาขากรีนพลาซ่า (วังหิน)(G2) ห้องเลขที่ 101 และ 201 โครงการกรีนพลาซ่า  เลขที่ 523 ถ.ลาดพร้าววังหิน แขวงลาดพร้าว เขตลาดพร้าว กรุงเทพฯ 10230,10230
T546B030BE10G262,ธนาคารออมสิน,ร้านถ่ายรูป อ.เอ็กซ์เพรส  11/61 ม.2 ถ.เอกชัย แขวงบางขุนเทียน เขตจอมทอง จ.กรุงเทพฯ 10150,10150
T091B030B789G262,ธนาคารออมสิน,สาขาอ่าวนาง(G1) 420/2-3 หมู่ที่ 2 ต.อ่าวนาง อ.เมืองกระบี่ จ.กระบี่ 81000,81000
T009B030BE26G262,ธนาคารออมสิน,7-Eleven สาขาแยกวัดอุดม (10845)      ต.วังกระโจม อ.เมือง จ.นครนายก,26000
T091B030B915G262,ธนาคารออมสิน,สาขานิคมพัฒนา ระยอง(G1)  4/9 หมู่ที่ 2 ต.นิคมพัฒนา อ.นิคมพัฒนา จ.ระยอง 21180,21180
T092B030B789G262,ธนาคารออมสิน,สาขาอ่าวนาง(G2) 420/2-3 หมู่ที่ 2 ต.อ่าวนาง อ.เมืองกระบี่ จ.กระบี่ 81180,81180
T092B030B851G262,ธนาคารออมสิน,สาขาเขาหลัก(G2)  56/116-117 หมู่ที่ 5 ต.คึกคัก อ.ตะกั่วป่า จ.พังงา 82220,82220
T092B030B736G262,ธนาคารออมสิน,สาขาย่านยาว(G2)  2/21-23 หมู่ที่ 2 ถ.เพชรเกษม ต.บางนายสี อ.ตะกั่วป่า จ.พังงา 82220,82220
T091B030B842G262,ธนาคารออมสิน,สาขาถนนเทพกระษัตรี(G1)  5/21-22 หมู่ที่ 3 ถ.เทพกระษัตรี ต.รัษฎา อ.เมืองภูเก็ต จ.ภูเก็ต 83000,83000
T091B030B983G262,ธนาคารออมสิน,สาขาเกาะโพธิ์(G1) 280 หมู่ 4 ต.ท่าบุญมี อ.เกาะจันทร์ จ.ชลบุรี 20240,20240
T568B030BE10G262,ธนาคารออมสิน,เครื่องอยู่โกดัง บริษัท กรีน คอนแทร็คท์ จำกัด 25/35 ม.3 ซ.เทพฤกษ์ ถ.เลียบคลองราษฎร์พัฒนา1 ต.คอกกระบือ อ.เมืองสมุทรสาคร จ.สมุทรสาคร 74000,74000
T092B030B907G262,ธนาคารออมสิน,สาขานิคมอุตสาหกรรมอมตะนคร(G2) 700/37 หมู่ที่ 1 ต.คลองตำหรุ อ.เมืองชลบุรี จ.ชลบุรี 20000,20000
T091B030B686G262,ธนาคารออมสิน,สาขาบิ๊กซี ฉะเชิงเทรา(G1) อาคารศูนย์การค้าเอสเอฟ เมเจอร์ ซีนีเพล็กซ์ ฉะเชิงเทรา เลขที่ 9/2 ถ.ฉะเชิงเทรา-บางปะกง ต.หน้าเมือง อ.เมืองฉะเชิงเทรา จ.ฉะเชิงเทรา 24000,24000
T551B030BE10G262,ธนาคารออมสิน,เทสโก้ โลตัส เอ็กซ์เพรส สาขาประชาอุทิศ 23 กรุงเทพฯ (3044) 999/247 ถ.ประชาอุทิศ แขวงสามเสนนอก เขตห้วยขวาง จ.กรุงเทพฯ 10310,10310
T092B030B840G262,ธนาคารออมสิน,สาขาเซ็นทรัล พระราม 9(G2) ขั้น 5 ห้องเลขที่ 518B ศูนย์การค้าเซ็นทรัลพลาซา แกรนด์ พระราม 9 เลขที่ 9/9 ถ.พระราม 9 แขวงห้วยขวาง เขตห้วยขวาง กรุงเทพฯ 10310,10310
T092B0301027G262,ธนาคารออมสิน,ธนาคารออมสิน สาขาถนนเศรษฐกิจ 1(G2) 144/801-2 ถ.เศรษฐกิจ 1 ต.คลองมะเดื่อ อ.กระทุ่มแบนสมุทรสาคร74110 โทร. 0-3447-4802,74110
T015B030BE94G262,ธนาคารออมสิน,7-Eleven สาขาปากน้ำ (9163) 10/9 ถ. ปากน้ำ ต. สะบารัง  อ. เมือง  จ. ปัตตานี  94000,94000
T091B030B432G262,ธนาคารออมสิน,สาขาราชวัตร(G1) 981/2 ถ.นครไชยศรี แขวงถนนนครไชยศรี เขตดุสิต กรุงเทพฯ 10300,10300
T091B030B771G262,ธนาคารออมสิน,"สาขาพระราม2 ซอย 64(G1) 324, 326, 328 ถ.พระราม 2 แขวงแสมดำ เขตบางขุนเทียน กรุงเทพฯ 10150",10150
T092B030B352G262,ธนาคารออมสิน,สาขากันตัง(G2) 130 ถ.สกลสถานพิทักษ์ ต.กันตัง อ.กันตัง จ.ตรัง 92110,92110
T091B030B901G262,ธนาคารออมสิน,สาขารัษฎา(G1) 161 หมู่ที่ 2 ถ.เพชรเกษม ต.คลองปาง อ.รัษฎา จ.ตรัง 92160,92160
T021B030BE94G262,ธนาคารออมสิน,7-Eleven สาขาปูยุด (5448) 86/1 หมู่ 7 ต.ปูยุด อ.เมือง จ.ปัตตานี 94000,94000
T085B030BE90G262,ธนาคารออมสิน,มหาวิทยาลัยทักษิณ วิทยาเขตสงขลา 140 ม.10  ถ.กาญจนวนิช  ต.เขารูปช้าง  อ.เมือง  จ.สงขลา 90000,90000
T092B030B177G262,ธนาคารออมสิน,สาขาสระแก้ว(G2) 268 ถ.สุวรรณศร ต.สระแก้ว อ.เมืองสระแก้ว จ.สระแก้ว 27000,27000
T092B030B800G262,ธนาคารออมสิน,สาขาสวนผัก(G2) 105/2 หมู่ที่ 11 แขวงตลิ่งชัน เขตตลิ่งชัน กรุงเทพฯ 10170,10170
T448B030BE10G262,ธนาคารออมสิน,บริษัท แสงมิตรอีเลคตริค จำกัด 77/20 หมู่ 11 ถ.สวนผัก แขวงตลิ่งชัน เขตตลิ่งชัน จ.กรุงเทพฯ 10170,10170
T003B030BE90G262,ธนาคารออมสิน,ห้างลีทรัพย์สินเคหะ ประตูทางเข้าติดกับเครื่อง ATM ธนาคารกรุงไทย ต.เขารูปช้าง  อ.เมือง จ.สงขลา 90000,90000
T092B030B645G262,ธนาคารออมสิน,สาขาถนนกาญจนวณิช(G2) 90/177-178 หมู่ที่ 10 ถ.กาญจนวนิช ต.เขารูปช้าง อ.เมืองสงขลา จ.สงขลา 90000,90000
T059B030BE90G262,ธนาคารออมสิน,7-Eleven สาขาบ้านน้ำกระจาย(8085) หมู่ 2  ถ.กาญจนวนิชย์ ต.พะวง อ.เมืองสงขลา จ.สงขลา 90000,90000
T013B030BE94G262,ธนาคารออมสิน,7-Eleven สาขายะรัง (9078) 58/1  หมู่ 3 ตำบลยะรัง  อำเภอยะรัง  จังหวัดปัตตานี 94150,94150
T092B030B808G262,ธนาคารออมสิน,สาขาแพชชั่น ช้อปปิ้ง เดสติเนชั่น(G2) ชั้น 2 ห้องเลขที่ 2S09 ศูนย์การค้าแพชชั่น ช้อปปิ้ง เดสติเนชั่น เลขที่ 554 ถ.สุขุมวิท ต.เนินพระ อ.เมืองระยอง จ.ระยอง 21000,21000
T091B030B019G262,ธนาคารออมสิน,สาขาชุมพร(G1) 101/10 ชั้น 2 ถ.ศาลาแดง ต.ท่าตะเภา อ.เมืองชุมพร  จ.ชุมพร 86000,86000
T017B030BE86G262,ธนาคารออมสิน,สำนักงานเทศบาลปากตะโก 404  หมู่ 1 ต.ปากตะโก  อ.ทุ่งตะโก จ.ชุมพร 86220,86220
T091B0301079G262,ธนาคารออมสิน,สาขาศูนย์การค้า โอเชี่ยนคอมเพล็กซ์ ชุมพร(G1)  ห้องเลขที่ B-05 ชั้น 2 ภายใน ศูนย์การค้าโอเชียนคอมเพล็กซ์ ชุมพร เลขที่ 58 ถ.กรมหลวงชุมพร ต.ท่าตะเภา อ.เมือง จ.ชุมพร 86000 โทร. 0 7761 3410,86000
T091B030B113G262,ธนาคารออมสิน,สาขาท่าใหม่(G1) 53 ถ.ราชกิจ ต.ท่าใหม่ อ.ท่าใหม่ จ.จันทบุรี 22120,22120
T784B030BE10G262,ธนาคารออมสิน,ห้างทองดีแสงดี 2 353 ถ.พระรามที่ 2 แขวงแสมดำ เขตบางขุนเทียน กทม. 10150,10150
T092B030B649G262,ธนาคารออมสิน,สาขาละแม(G2) 197/6 หมู่ที่7 ต.ละแม อ.ละแม จ.ชุมพร 86170,86170
T091B030B721G262,ธนาคารออมสิน,สาขาบางสะพานน้อย(G1) 54/2 หมู่ที่ 4 ต.บางสะพาน อ.บางสะพานน้อย จ.ประจวบคีรีขันธ์ 77170,77170
T018B030BE72G262,ธนาคารออมสิน,ปั๊มน้ำมัน Caltex ดอนปรู เลขที่ 94/4 หมู่ 2 ต.ดอนปรู อ.ศรีประจันต์ จ.สุพรรณบุรี 72140,72140
T091B030B546G262,ธนาคารออมสิน,สาขาดอนเจดีย์(G1) 1649 หมู่ที่ 5 ต.ดอนเจดีย์ อ.ดอนเจดีย์ จ.สุพรรณบุรี 72170,72170
T092B030B460G262,ธนาคารออมสิน,สาขาวงเวียนสระแก้ว(G2) 226/36-38 ถ.นารายณ์มหาราช ต.ทะเลชุบศร อ.เมืองลพบุรี จ.ลพบุรี 15000,15000
T092B030B674G262,ธนาคารออมสิน,สาขาทรี ออน ธรี(G2) ห้องเลขที่ TR 5/1-2 ชั้น 2 ศูนย์การค้าทรี ออน ธรี เลขที่ 295 แขวงบางคอแหลม เขตบางคอแหลม กรุงเทพฯ 10120,10120
T092B030B855G262,ธนาคารออมสิน,สาขาศูนย์การค้ากรีนเพลส พลาซา(G2) ชั้น 1 ห้องเลขที่ 106 ศูนย์การค้ากรีนเพลส พลาซา เลขที่ 88/8 ซ.จันทน์ 43 แขวงบางโคล่ เขตบางคอแหลม กรุงเทพฯ 10120,10120
T091B030B828G262,ธนาคารออมสิน,สาขาคลองใหญ่(G1) 170/5 หมู่ที่ 2 ต.คลองใหญ่ อ.คลองใหญ่ จ.ตราด 23110,23110
T091B030B137G262,ธนาคารออมสิน,สาขาสองพี่น้อง(G1) 61 ถ.บางลี่-หนองวัลย์เปรียง ต.สองพี่น้อง อ.สองพี่น้อง จ.สุพรรณบุรี 72110,72110
T091B0301059G262,ธนาคารออมสิน,สาขาบิ๊กซี ลพบุรี (G1) ชั้น 2 ห้องเลขที่ 2 CR203 บริษัท บิ๊กซี ซูเปอร์เซ็นเตอร์ จำกัด (มหาชน) สาขาลพบุรี 1 เลขที่ 2 หมู่ 1 ถ.พหลโยธิน ต.ท่าศาลา อ.เมืองลพบุรี จ.ลพบุรี 15000,15000
T092B030B837G262,ธนาคารออมสิน,ธนาคารออมสิน สาขาเดอะพาซิโอ พาร์ค กาญจนาภิเษก(G2) 32/2-8 ถ.กาญจนาภิเษก แขวงบางระมาด เขตตลิ่งชัน กรุงเทพมหานคร 10170 โทร. 0-2422-3963-4,10170
T014B030BE17G262,ธนาคารออมสิน,ร้านจิติวัฒนา  75/6 หมู่ 5 ต.สระแจง อ.บางระจัน จ.สิงห์บุรี 16130,16130
T091B030B611G262,ธนาคารออมสิน,"สาขาสีลม(G1) 144,144/1 ถ.สีลม แขวงสุริยวงศ์ เขตบางรัก กรุงเทพฯ 10500",10500
T091B030B409G262,ธนาคารออมสิน,สาขาถนนท่าแฉลบ(G1) 573-575 ถ.ท่าแฉลบ ต.ตลาด อ.เมือง จ.จันทบุรี 22000,22000
T092B030B278G262,ธนาคารออมสิน,สาขามัญจาคีรี(G2) 427 ถ.เกษตรวัฒนา ต.กุดเค้า อ.มัญจาคีรี จ.ขอนแก่น 40160,40160
T091B030B142G262,ธนาคารออมสิน,สาขาอู่ทอง(G1) 158 หมู่ที่ 6 ถ.ท้าวอู่ทอง ต.อู่ทอง อ.อู่ทอง จ.สุพรรณบุรี 72160,72160
T039B030BE72G262,ธนาคารออมสิน,7-Eleven สาขาดอนคา (6255) 140 หมู่ 2 ต.ดอนคา อ.อู่ทอง จ.สุพรรณบุรี 72160,72160
T405B030BE10G262,ธนาคารออมสิน,7-Eleven สาขาสีตบุตร 2 (7661)  88 ถ.จรัลเมือง แขวงรองเมือง เขตปทุวัน กรุงเทพฯ 10330,10330
T091B030B380G262,ธนาคารออมสิน,สาขาศรีจันทร์(G1) 110/11-12 ถ.ศรีจันทร์ ต.ในเมือง อ.เมืองขอนแก่น จ.ขอนแก่น 40000,40000
T092B030B579G262,ธนาคารออมสิน,สาขานวนคร (เครื่องที่ 2)(G2) 100 หมู่ที่ 13 ถ.พหลโยธิน ต.คลองหนึ่ง อ.คลองหลวง จ.ปทุมธานี 12120,12120
T091B030B057G262,ธนาคารออมสิน,สาขาหน้าพระลาน(G1) 25-27 ถ.หน้าพระลาน แขวงพระบรมมหาราชวัง เขตพระนคร กรุงเทพมหานคร 10200,10200
T091B0301027G262,ธนาคารออมสิน,สาขาถนนเศรษฐกิจ 1(G1) 144/801-2 ถ.เศรษฐกิจ 1 ต.คลองมะเดื่อ อ.กระทุ่มแบน จ.สมุทรสาคร 74110,74110
T091B030B500G262,ธนาคารออมสิน,สาขากมลาไสย(G1) 25 หมู่ที่ 1 ถ.สัญจรราชกิจ ต.กมลาไสย อ.กมลาไสย จ.กาฬสินธุ์ 46130,46130
T094B030B446G262,ธนาคารออมสิน,สาขาพร้อมพงษ์(G4) 659 ถ.สุขุมวิท ปากซอยสุขุมวิท 39 แขวงคลองตันเหนือ เขตวัฒนา กรุงเทพฯ 10110,10110
T091B030B053G262,ธนาคารออมสิน,สาขาสมุทรปราการ(G1) 154 ถ.ศรีสมุทร ต.ปากน้ำ อ.เมือง จ.สมุทรปราการ 10270,10270
T091B030B169G262,ธนาคารออมสิน,สาขาบ้านหมี่(G1) 61 ถ.เทศบาล ต.บ้านหมี่ อ.บ้านหมี่ จ.ลพบุรี 15110,15110
T091B030B523G262,ธนาคารออมสิน,สาขาสี่แยกกบินทร์บุรี(G1) 566 ม.8 ถ.สายกบินทร์บุรี-ฉะเชิงเทรา ต.เมืองเก่า อ.กบินทร์บุรี จ.ปราจีนบุรี 25240,25240
T091B030B173G262,ธนาคารออมสิน,สาขากบินทร์บุรี(G1) 431 ถ.เจ้าสำอางค์ ต.กบินทร์ อ.กบินทร์บุรี จ.ปราจีนบุรี 25110,25110
T091B030B216G262,ธนาคารออมสิน,สาขาหนองฉาง(G1) 276/1 หมู่ 5 ถ.หนองฉาง-อุทัยธานี ต.หนองฉาง อ.หนองฉาง จ.อุทัยธานี 61110,61110
T092B030B091G262,ธนาคารออมสิน,สาขาน่าน(G2) 478 ถ.สุมนเทวราช ต.ในเวียง อ.เมืองน่าน จ.น่าน 55000,55000
T091B030B191G262,ธนาคารออมสิน,สาขาพยุหะคีรี(G1) 170/5 หมู่ที่ 4 ถ.ศรีพยุหะ ต.พยุหะ อ.พยุหะคีรี จ.นครสวรรค์ 60130,60130
T091B030B004G262,ธนาคารออมสิน,สาขานครสวรรค์(G1) 46 ถ.เวสสุวรรณ ต.ปากน้ำโพ อ.เมืองนครสวรรค์ จ.นครสวรรค์ 60000,60000
T092B030B402G262,ธนาคารออมสิน,สาขาหนองจอก(G2) 30 หมู่ที่ 2 ถ.เชื่อมสัมพันธ์ แขวงกระทุ่มราย เขตหนองจอก กรุงเทพฯ 10530,10530
T092B030B557G262,ธนาคารออมสิน,สาขาครบุรี(G2) 833 หมู่ที่ 4 ถ.ราษฎร์พัฒนา ต.แชะ อ.ครบุรี จ.นครราชสีมา 30250,30250
T091B030B417G262,ธนาคารออมสิน,สาขาคลองท่อม(G1) 28/4 ถ.เพชรเกษม ต.คลองท่อมใต้ อ.คลองท่อม จ.กระบี่ 81120,81120
T091B030B602G262,ธนาคารออมสิน,สาขาเกาะลันตา(G1) ตึกเดี่ยว 2 เลขที่ 879 หมู่ที่ 3 ต.ศาลาด่าน อ.เกาะลันตา จ.กระบี่ 81150,81150
T092B030B397G262,ธนาคารออมสิน,สาขาบวกครกหลวง(G2) 4 หมู่ที่ 5 ต.ท่าศาลา อ.เมืองเชียงใหม่ จ.เชียงใหม่ 50000,50000
T091B030B669G262,ธนาคารออมสิน,สาขานิมมานเหมินทร์(G1) 15-15/1 ถ.นิมมานเหมินทร์ ต.สุเทพ อ.เมืองเชียงใหม่ จ.เชียงใหม่ 50200,50200
T091B030B529G262,ธนาคารออมสิน,สาขาถนนทิพย์เนตร(G1) 96 ถ.ทิพย์เนตร ต.หายยา อ.เมืองเชียงใหม่ จ.เชียงใหม่ 50100,50100
T091B030B464G262,ธนาคารออมสิน,สาขาท่าวังผา(G1) 651 หมู่ที่ 7 ถ.วรนคร ต.ท่าวังผา อ.ท่าวังผา จ.น่าน 55140,55140
T091B030B244G262,ธนาคารออมสิน,สาขาปัว(G1) 165 หมู่ที่ 3 ต.ปัว อ.ปัว จ.น่าน 55120,55120
T091B030B237G262,ธนาคารออมสิน,สาขาร้องกวาง(G1) 53/1หมู่ที่ 2  ถ.ยันตรกิจ ต.ร้องกวาง อ.ร้องกวาง จ.แพร่ 54140,54140
T092B030B110G262,ธนาคารออมสิน,สาขาเกาะคา(G2) 441 หมู่ที่ 7 ถ.พหลโยธิน ต.ศาลา อ.เกาะคา จ.ลำปาง 52130,52130
T091B030B604G262,ธนาคารออมสิน,สาขาถนนชยางกูร(G1) 779/7-8 ถ.ชยางกูร ต.ในเมือง อ.เมืองอุบลราชธานี จ.อุบลราชธานี  34000,34000
T092B030B694G262,ธนาคารออมสิน,สาขาน้ำยืน(G2) 49/1 หมู่ที่ 10 ต.สีวิเชียร อ.น้ำยืน จ.อุบลราชธานี 34260,34260
T092B030B661G262,ธนาคารออมสิน,สาขาศรีเมืองใหม่(G2) 133 หมู่ที่ 2 ต.นาคำ อ.ศรีเมืองใหม่ จ.อุบลราชธานี 34250,34250
T008B030BE32G262,ธนาคารออมสิน,เทสโก้ โลตัส เอ็กซ์เพรส สาขารัตนบุรี สุรินทร์ (0885) 38 หมู่ 8 ตำบลรัตนบุรี อำเภอรัตนบุรี จังหวัดสุรินทร์ 32130,32130
T091B030B251G262,ธนาคารออมสิน,สาขาโนนสูง(G1) 76 ถ.ศรีธานี ต.โนนสูง อ.โนนสูง จ.นครราชสีมา 30160,30160
A345446017,ธนาคารอาคารสงเคราะห์,"สาขาพิษณุโลก  839,839/1-2 ถ.มิตรภาพ ต.ในเมือง อ.เมืองพิษณุโลก จ.พิษณุโลก 65000",65000
A345446018,ธนาคารอาคารสงเคราะห์,สาขาอุบลราชธานี  263 ถนน อุปลีสาน ต.ในเมือง อ.เมืองอุบลราชธานี จ.อุบลราชธานี 34000,34000
A345446020,ธนาคารอาคารสงเคราะห์,"สาขาเซ็นทรัลพลาซา ขอนแก่น  99,99/1 ศูนย์การค้าเซ็นทรัลพลาซาขอนแก่น ชั้น 3 ห้อง 360 ถ.ศรีจันทร์ ต.ในเมือง อ.เมืองขอนแก่น จ.ขอนแก่น 40000",40000
A345446022,ธนาคารอาคารสงเคราะห์,สาขาเซ็นทรัลพลาซา ปิ่นเกล้า  ศูนย์การค้าเซ็นทรัลพลาซา ปิ่นเกล้า ชั้น 4 ห้อง 425/1 ถนน บรมราชชนนี แขวงอรุณอมรินทร์ เขตบางกอกน้อย กรุงเทพมหานคร 10700,10700
A345446025,ธนาคารอาคารสงเคราะห์,สาขาภูเก็ต  59/45-47 ถ.บางกอก ต.ตลาดเหนือ อ.เมืองภูเก็ต จ.ภูเก็ต 83000,83000
A345446028,ธนาคารอาคารสงเคราะห์,สาขาเซ็นทรัลพลาซา เชียงราย  ห้องเลขที่ 229/1 ชั้น 2 ห้างสรรพสินค้าเซ็นทรัลพลาซาเชียงราย เลขที่ 99/9 ม. 13 ถ.พหลโยธิน ต.รอบเวียง อ.เมืองเชียงราย จ.เชียงราย,57000
A345446031,ธนาคารอาคารสงเคราะห์,สาขาเลย 18/10-11 ถนน มลิวรรณ ต.กุดป่อง อ.เมืองเลย จ.เลย 42000,42000
A345446037,ธนาคารอาคารสงเคราะห์,สาขาเพียวเพลสราชพฤกษ์ 62/32 หมู่ 1 ศูนย์การค้าเพียวเพลส ราชพฤกษ์ ถ.ราชพฤกษ์ ต.อ้อมเกร็ด อ.ปากเกร็ด จ.นนทบุรี 11120 โทร. 0-2194-8490-3,11120
A345446039,ธนาคารอาคารสงเคราะห์,สาขาเซ็นทรัลเฟสติวัล พัทยา  ศูนย์การค้าเซ็นทรัลพลาซาพัทยา ต.หนองปรือ อ.บางละมุง จ.ชลบุรี 20260,20260
A345446040,ธนาคารอาคารสงเคราะห์,สาขาบิ๊กซี บางนา  111 ศูนย์การค้าบิ๊กซี ซูเปอร์เซ็นเตอร์ (สาขาบางนา) ชั้น B ตรงข้ามร้านเทเลวิช ถ.บางนา-ตราด แขวงบางนา เขตบางนา กรุงเทพมหานคร 10260,10260
A345446042,ธนาคารอาคารสงเคราะห์,สาขาสำโรง  2222/2-3 หมู่ 4 ต.เทพารักษ์ อ.เมืองสมุทรปราการ จ.สมุทรปราการ 10270,10270
A345446048,ธนาคารอาคารสงเคราะห์,"สาขาไมตรีจิต 60,62,64 ซอยพระแก้ว ถนนมิตรพันธ์ แขวงป้อมปราบ เขตป้อมปราบศัตรูพ่าย กรุงเทพมหานคร 10100",10100
A345446050,ธนาคารอาคารสงเคราะห์,สาขาศรีราชา 126/1-3 ถนน สุขุมวิท ต.ศรีราชา อ.ศรีราชา จ.ชลบุรี 20110,20110
A345446052,ธนาคารอาคารสงเคราะห์,สาขาเดอะมอลล์ บางแค  ศูนย์การค้าเดอะมอลล์บางแค ชั้น 3 ฝั่งพลาซ่า 518 ถ.เพชรเกษม แขวงบางแคเหนือ เขตบางแค กรุงเทพมหานคร 10160,10160
A35E366714,ธนาคารอาคารสงเคราะห์,ห้องทดสอบ อาคาร 2 ชั้น 19  63 พระราม 9 แขวงห้วยขวาง เขตห้วยขวาง กรุงเทพมหานคร 10310,10310
A35E445381,ธนาคารอาคารสงเคราะห์,สาขาสมุทรสาคร  48 หมู่ 8 ถนน เศรษฐกิจ1 ต.ท่าทราย อ.เมืองสมุทรสาคร จ.สมุทรสาคร 74000,74000
A35E445383,ธนาคารอาคารสงเคราะห์,สาขาอมตะนคร  700/17 นิคมอมตะซิตี้ ต.คลองตำหรุ อ.เมืองชลบุรี จ.ชลบุรี 20000  โทรฯ 038-457-569-72,20000
A35E445384,ธนาคารอาคารสงเคราะห์,สาขาศรีราชา  126/1-3 ถนน สุขุมวิท ต.ศรีราชา อ.ศรีราชา จ.ชลบุรี 20110  โทรฯ 038-772-032-42,20110
A35E445398,ธนาคารอาคารสงเคราะห์,"สาขานครชัยศรี  79/8 ต.ไทยาวาส อ.นครชัยศรี จ.นครปฐม  โทรฯ 034-300755-7, 034-300716, 034-300718-9",73120
AC11230646,ธนาคารออมสิน,สาขาศูนย์บริการถนนห้วยแก้ว เม-ญ่า (ห้วยแก้ว เชียงใหม่)  9 ถ.ห้วยแก้ว ต.สุเทพ อ.เมือง จ.เชียงใหม่ 50000 โทร. 053-081-586-7,50000
AC11361059,ธนาคารออมสิน,สาขา สุรินทร์  356 ถ.ธนสาร ต.ในเมือง อ.เมือง จ.สุรินทร์ 32000 โทร.044-511-010,32000
AC11361060,ธนาคารออมสิน,สาขาศรีภูวนารถ 54-54/1 ถนนศรีภูวนารถ ตำบลหาดใหญ่ อำเภอหาดใหญ่ จังหวัดสงขลา 90110 โทร 074-231-338,90110
AC11361061,ธนาคารออมสิน,สาขาถนนราษฎร์อุทิศ เลขที่ 20 ถนนราษฎร์อุทิศ ตำบลตลาด อำเภอเมืองสุราษฎร์ธานี จังหวัดสุราษฎร์ธานี 84000 โทร.077-284-977,84000
AC11361063,ธนาคารออมสิน,สาขาหัวหิน  21/2 ถ.ดำเนินเกษม ต.หัวหิน อ.หัวหิน จ.ประจวบคีรีขันธ์ 77110,77110
AC11361067,ธนาคารออมสิน,สาขาตลาดยิ่งเจริญ 259/99 ม.7 ถ.พหลโยธิน แขวงอนุสาวรีย์ เขตบางเขน กรุงเทพฯ 10220,10220
AC2Z338180,ธนาคารอาคารสงเคราะห์,สาขาฟิวเจอร์พาร์ครังสิต 94 ศูนย์การค้าฟิวเจอร์พาร์ครังสิต ถ.พหลโยธิน ต.ประชาธิปัตย์ อ.ธัญบุรี จ.ปทุมธานี 12130  โทร.02-567-4104 แฟกซ์. 02-567-4104 กด 110,12130
AC2Z338181,ธนาคารอาคารสงเคราะห์,"สาขาเทสโก้โลตัสพระราม 4  3300 ศูนย์การค้าเทสโก้ โลตัส พระราม 4 ถนนพระราม 4 แขวงคลองตัน เขตคลองเตย กรุงเทพมหานคร 10110  โทร. 02-249-3852-3 , 02-249-3940 แฟกซ์. 02-249-3941",10110
AC2Z338184,ธนาคารอาคารสงเคราะห์,"สาขาสยามสแควร์ 388 สยามสแควร์วัน ชั้น 6 ถ.พระราม 1 ปทุมวัน เขตปทุมวัน กรุงเทพมหานคร 10330  โทร. 02-115-1322-27 , 02-252-3647-49  แฟกซ์สินเชื่อ. 02-115-1322-27 กด 302  แฟกซ์การเงิน. 02-115-1322-27 กด 301",10330
AC2Z338187,ธนาคารอาคารสงเคราะห์,"สาขาเซ็นทรัลพลาซา เวสต์เกต ห้องเลขที่ 228 บริเวณชั้น 2 ศูนย์การค้าเซ็นทรัลพลาซา เวสต์เกต 199, 199/1, 199/2 หมู่ 6 ต.เสาธงหิน อ.บางใหญ่ จ.นนทบุรี  โทร. 021942837-8, 021942753, 021942919-20, 021942996",11140
98251815653362,ธนาคารอาคารสงเคราะห์,สาขาพังงา  17/30-1 ถนนศิริราษฎร์ ตำบลท้ายช้าง อำเภอเมืองพังงา จังหวัดพังงา 82000,82000
98251819673653,ธนาคารอาคารสงเคราะห์,สาขากาญจนบุรี  20/26-29 ซ.รพ.ธนกาญจน์ ต.บ้านใต้ อ.เมือง จ.กาญจนบุรี 71000,71000
98251819673656,ธนาคารอาคารสงเคราะห์,สาขากำแพงเพชร  418/41-2 ถ.เจริญสุข ต.ในเมือง อ.เมือง จ.กำแพงเพชร 62000,62000
98251819673659,ธนาคารอาคารสงเคราะห์,สาขาเพชรบุรี  2/85-7 ถนนเพชรเกษม ตำบลไร่ส้ม อำเภอเมือง จังหวัดเพชรบุรี 76000,76000
98251819673661,ธนาคารอาคารสงเคราะห์,สาขาราชบุรี  7 ถนนคฑาธรบดี ตำบลหน้าเมือง อำเภอเมือง จังหวัดราชบุรี 70000,70000
98251819673665,ธนาคารอาคารสงเคราะห์,เครื่อง Spare ของ DataOne พระราม 3  ชั้น 30,10120
98251819673673,ธนาคารอาคารสงเคราะห์,สาขาประจวบคีรีขันธ์  49 ถนนประจวบคีรีขันธ์ ตำบลประจวบฯ อำเภอเมือง จังหวัดประจวบคีรีขันธ์ 77000,77000
98251819673676,ธนาคารอาคารสงเคราะห์,สาขาสันทราย  192/32-33 หมู่ 5 ตำบลหนองหาร อำเภอสันทราย จังหวัดเชียงใหม่ 50290,50290
98251819673679,ธนาคารอาคารสงเคราะห์,"สาขาพิษณุโลก  839, 839/1-2 ถ.มิตรภาพ ต.ในเมือง อ.เมือง จ.พิษณุโลก 65000",65000
98251819673683,ธนาคารอาคารสงเคราะห์,สาขาเลย  18/10-11 ถ.มลิวัลย์ ตำบลกุดป่อง อำเภอเมือง จังหวัดเลย 42000,42000
98251819673686,ธนาคารอาคารสงเคราะห์,สาขานครสวรรค์  867/125 หมู่ที่ 9 ถนนสวรรค์วิถี ตำบลนครสวรรค์ตก อำเภอเมือง จังหวัดนครสวรรค์ 60000,60000
98251819673688,ธนาคารอาคารสงเคราะห์,สาขาอุตรดิตถ์  294/5-6 ถนนบรมอาสน์ ตำบลท่าอิฐ อำเภอเมือง จังหวัดอุตรดิตถ์ 53000,53000
98251819673689,ธนาคารอาคารสงเคราะห์,สาขาอุดรธานี  596/7 ถนนทหาร ตำบลหมากแป้ง อำเภอเมือง จังหวัดอุดรธานี 41000,41000
98251819673695,ธนาคารอาคารสงเคราะห์,สาขาสัตหีบ  เลขที่ 507/30 ถ.สุขุมวิท ต.สัตหีบ อ.สัตหีบ จ.ชลบุรี 20180,20180
98251819673697,ธนาคารอาคารสงเคราะห์,สาขาพนมสารคาม  เลขที่ 1319/1-2 หมู่1 ตำบลพนมสารคาม อำเภอพนมสารคาม จังหวัดฉะเชิงเทรา 24120,24120
98251819673702,ธนาคารอาคารสงเคราะห์,สาขาอุบลราชธานี  263 ถนนอุปลีสาน ตำบลในเมือง อำเภอเมือง จังหวัดอุบลราชธานี 34000,34000
98251819673704,ธนาคารอาคารสงเคราะห์,สาขาสิงห์บุรี  612-613 ตำบลบางพุทธา อำเภอเมือง จังหวัดสิงห์บุรี 16000,16000
98251819673705,ธนาคารอาคารสงเคราะห์,สาขาอมตะนคร 700/17 หมู่ที่ 1 ตำบลคลองบำหรุ อำเภอเมือง จังหวัดชลบุรี 20000,20000
98251819673707,ธนาคารอาคารสงเคราะห์,สาขาศรีสะเกษ  444/149 หมู่ที่ 5 ตำบลหนองครก อำเภอเมือง จังหวัดศรีสะเกษ 33000,33000
98251819673716,ธนาคารอาคารสงเคราะห์,สาขาแม่ฮ่องสอน 3/9-10 ถนนขุนลุมประพาส ตำบลจองคำ อำเภอเมือง จังหวัดแม่ฮ่องสอน 58000 (ย้ายมาจาก สาขาสุเทพ (นิมมานเหมินทร์) จังหวัดเชียงใหม่ 50200),58000
98251819673718,ธนาคารอาคารสงเคราะห์,สาขาน่าน  212/32-33 ถ.มหายศ ต.เวียง อ.เมือง จ.น่าน 55000,55000
98251819673719,ธนาคารอาคารสงเคราะห์,"สาขาร้อยเอ็ด 389, 391 ถ.แจ้งสนิท ต.ในเมือง อ.เมือง จ.ร้อยเอ็ด 45000",45000
98251819673724,ธนาคารอาคารสงเคราะห์,สาขาถนนจอมพล 704/14-17 ถ.จอมพล ต.ในเมือง อ.เมือง จ.นครราชสีมา 30000,30000
98251819673725,ธนาคารอาคารสงเคราะห์,เครื่อง Spare ของ DataOne พระราม 3  ชั้น 30,10120
98251819673732,ธนาคารอาคารสงเคราะห์,สาขากระบี่  1/6-7 ถนนร่วมจิตร ต.ปากน้ำ อ.เมืองกระบี่ จ.กระบี่ 81000  (ย้ายมาจาก เครื่อง Spare ของ DataOne พระราม 3  ชั้น 30),81000
98251819673737,ธนาคารอาคารสงเคราะห์,ธนาคารอาคารสงเคราะห์ สาขาชลบุรี 39/3 หมู่ที่ 4 ถนนสุขุมวิท ตำบลเสม็ด อำเภอเมือง จังหวัดชลบุรี 20000,20000
98251819673740,ธนาคารอาคารสงเคราะห์,สาขาอ่างทอง  21/9-10 หมู่ที่ 2 ถนนอ่างทอง-โพธิ์ทอง ตำบลศาลาแดง อำเภอเมือง จังหวัดอ่างทอง 14000,14000
98251819673743,ธนาคารอาคารสงเคราะห์,สาขาปลวกแดง 296/22 ถนนปลวกแดง-โรงน้ำตาล ต.ปลวกแดง อ.ปลวกแดง จ.ระยอง 21140 โทร. 038-025-900-1,21140
98251819673749,ธนาคารอาคารสงเคราะห์,สาขาตาก 4/9 ตำบลระแหง อำเภอเมือง จังหวัดตาก 63000,63000
A33W293438,ธนาคารอาคารสงเคราะห์,"สาขาแฟชั่นไอร์แลนด์ เครื่อง 1 587,589,589/7-9 ศูนย์การค้าแฟชั่นไอส์แลนด์ ถ.รามอินทรา คันนายาว เขตคันนายาว กรุงเทพมหานคร 10230  โทร.02-947-5553-4",10230
A33W293446,ธนาคารอาคารสงเคราะห์,สาขาฟิวเจอร์พาร์ค รังสิต เครื่อง 2  94 ศูนย์การค้าฟิวเจอร์พาร์ครังสิต ถ.พหลโยธิน ต.ประชาธิปัตย์ อ.ธัญบุรี จ.ปทุมธานี 12130 โทร.02-567-4104,12130
A33W293448,ธนาคารอาคารสงเคราะห์,สาขาเซนทรัล ศาลายา  321 หมู่ที่ 9 ถ.บรมราชชนนี ต.บางเตย อ.สามพราน จ.นครปฐม 73210  โทร.02-429-6874-77,73210
A33W293450,ธนาคารอาคารสงเคราะห์,Test Room สำนักงานใหญ่  ชั้น 19   63 ถนนพระราม 9 เขตห้วยขวาง กรุงเทพมหานคร 10310,10310
A33W308903,ธนาคารอาคารสงเคราะห์,"สาขาอิมพีเรียลเวิลด์ สำโรง 999 ""ศูนย์การค้าอิมพีเรียล สำโรง ชั้น G ตรงข้าม Super Market"" ถ.สุขุมวิท ต.สำโรงเหนือ อ.เมือง จ.สมุทรปราการ  โทร.0-2394-0374-5",10270
A33W308904,ธนาคารอาคารสงเคราะห์,สาขาเมกา บางนา 39 ศูนย์การค้าเมกา บางนา ถนนบางนา-ตราด ตำบลบางพลีใหญ่ อำเภอบางพลี จังหวัดสมุทรปราการ 10540 โทร.  0-2105-1167-70,10540
A33W308907,ธนาคารอาคารสงเคราะห์,"สาขาหนองแขม 1085,1087 หมู่ 2 เพชรเกษม หนองค้างพลู หนองแขม กรุงเทพมหานคร 10160 โทร.02-420-7475-7",10160
A33W308910,ธนาคารอาคารสงเคราะห์,สาขาเซ็นทรัลพลาซา เชียงใหม่แอร์พอร์ต 380-381 ถ.มหิดล ต.หายยา อ.เมือง จ.เชียงใหม่ 50100 โทร. 053-903767,50100
A33W308916,ธนาคารอาคารสงเคราะห์,"สาขาร้อยเอ็ด 389, 391 ถ.แจ้งสนิท (เทวาภิบาล) ต.ในเมือง อ.เมือง จ.ร้อยเอ็ด 45000  โทร.(043) 523-310-7",45000
A33W308920,ธนาคารอาคารสงเคราะห์,สาขาระยอง 141/7-10 ถนนสุขุมวิท ตำบลเชิงเนิน อำเภอเมืองระยอง จังหวัดระยอง 21000 โทร. 0-3861-2603,21000
A33W308923,ธนาคารอาคารสงเคราะห์,สาขา  เซ็นทรัลเฟสติวัลหาดใหญ่ 334 ถ.กาญจนวนิช ต.หาดใหญ่ อ.หาดใหญ่ จ.สงขลา 90110  โทร.074-339690-3,90110
A33W308924,ธนาคารอาคารสงเคราะห์,สาขาเซ็นทรัลพลาซ่า สุราษฎร์ธานี 333 ศูนย์การค้าเซ็นทรัลพลาซา สุราษฎร์ธานี ต.วัดประดู่ อ.เมืองสุราษฎร์ธานี จ.สุราษฎร์ธานี 84000 โทร.077602793-6,84000
A33W308926,ธนาคารอาคารสงเคราะห์,สาขานครปฐม 364/7 ถ.เทศา ต.พระประโทน อ.เมือง จ.นครปฐม 73000  โทร.034-257620,73000
A33W308927,ธนาคารอาคารสงเคราะห์,สาขาหาดใหญ่ 843 ถ.เพชรเกษม ต.หาดใหญ่ อ.หาดใหญ่ จ.สงขลา 90110 โทร.074-345526-30,90110
A33W309477,ธนาคารอาคารสงเคราะห์,สาขาสระบุรี 158/10 พิชัยรณรงค์สงคราม ตำบลปากเพรียว อำเภอเมืองสระบุรี สระบุรี 18000 โทร.0-3631-5159-60,18000
A33W309482,ธนาคารอาคารสงเคราะห์,สาขามีนบุรี 10/1 ศูนย์การค้าเสียงสมบูรณ์ สีหบุรานุกิจ แขวงมีนบุรี เขตมีนบุรี กรุงเทพมหานคร 10510 โทร.02-517-9001-3,10510
A33W309485,ธนาคารอาคารสงเคราะห์,สาขาอุบลราชธานี 263 ถ.อุปลีสาน ต.ในเมือง อ.เมือง จ.อุบลราชธานี 34000 โทร.045-265-801-8,34000
A33W309490,ธนาคารอาคารสงเคราะห์,สาขา กาฬสินธุ์ 20/10-11 ถนนวประดิษฐ์ ต.กาฬสินธุ์ อ.เมือง จ.กาฬสินธุ์ 46000 โทร.043-821-890-7,46000
A33W309492,ธนาคารอาคารสงเคราะห์,สาขาบ้านบึง 88/25-26 ตำบลบ้านบึง อำเภอบ้านบึง ชลบุรี 20170 โทร.038-445-681-2,20170
A33W309499,ธนาคารอาคารสงเคราะห์,สาขา เชียงใหม่ 260  ถ.ซุปเปอร์ไฮเวย์เชียงใหม่-ลำปาง ต.วัดเกตุ อ.เมือง จ.เชียงใหม่ 50000  โทร.053-245-276-8,50000
A33W338079,ธนาคารอาคารสงเคราะห์,สาขาแม็คโครจรัญสนิทวงศ์  ศูนย์การค้าแม็คโคร จรัญสนิทวงศ์ 521/27  ถ.จรัญสนิทวงศ์  แขวงบางขุนศรี  เขตบางกอกน้อย  กรุงเทพ 10700,10700
A33W338083,ธนาคารอาคารสงเคราะห์,สาขาพาราไดซ์ พาร์ค  ศูนย์การค้าพาราไดซ์พาร์ค ชั้น 2 61 ถนนศรีนครินทร์ แขวงหนองบอน เขตประเวศ กรุงเทพฯ 10250,10250
A33W338087,ธนาคารอาคารสงเคราะห์,สาขาบ้านโป่ง  37/127-128 ถนนแสงชูโต ตำบลบ้านโป่ง อำเภอบ้านโป่ง จังหวัดราชบุรี 70110,70110
A33W338088,ธนาคารอาคารสงเคราะห์,สาขาสมุทรสงคราม 13/94 ถนนเอกชัย ตำบลแม่กลอง อำเภอเมือง จังหวัดสมุทรสงคราม 75000,75000
A33W338091,ธนาคารอาคารสงเคราะห์,สาขาพนมสารคาม  เลขที่ 1319/1-2 หมู่1 ตำบลพนมสารคาม อำเภอพนมสารคาม จังหวัดฉะเชิงเทรา 24120,24120
A33W338094,ธนาคารอาคารสงเคราะห์,สาขาสุพรรณบุรี 38/10-12 ถ.เณรแก้ว ต.ท่าพี่เลี้ยง อ.เมือง จ.สุพรรณบุรี 72000,72000
A33W338098,ธนาคารอาคารสงเคราะห์,สาขาเพชรบุรีตัดใหม่  2445/2 อาคารธารมณ์บิสซิเนสทาวเวอร์ ถนนเพชรบุรีตัดใหม่ แขวงบางกะปิ เขตห้วยขวาง กรุงเทพฯ 10310,10310
A33W338106,ธนาคารอาคารสงเคราะห์,สาขาพระราม 6 1557 ถนนพิบูลสงคราม แขวงบางซื่อ เขตบางซื่อ กรุงเทพฯ 10800,10800
A33W338110,ธนาคารอาคารสงเคราะห์,สาขาบิ๊กซี ราชดำริ  เลขที่ 97/11 ถนนราชดำริห์ แขวงลุมพินี เขตปทุมวัน กรุงเทพฯ 10330,10330
A33W338113,ธนาคารอาคารสงเคราะห์,"สาขาไมตรีจิต  60,62,64 ซอยพระแก้ว ถนนมิตรพันธ์ แขวงป้อมปราบ เขตป้อมปราบศัตรูพ่าย กรุงเทพฯ 10100",10100
A33W338114,ธนาคารอาคารสงเคราะห์,เคาน์เตอร์การเงิน บิ๊กซีอ่อนนุช  1 อาคารกลาสเฮ้าส์บิดดิ้ง ซ.สุขุมวิท 25 แขวงคลองเตย เขตคลองเตย กรุงเทพฯ 10110,10110
A33W338117,ธนาคารอาคารสงเคราะห์,สาขาหนองคาย  644 ม.4 ต.มีชัย อ.เมือง จ.หนองคาย 43000,43000
A33W338123,ธนาคารอาคารสงเคราะห์,สาขาอุตรดิตถ์  294/5-6 ถนนบรมอาสน์ ตำบลท่าอิฐ อำเภอเมือง จังหวัดอุตรดิตถ์ 53000,53000
A33W338126,ธนาคารอาคารสงเคราะห์,สาขาลำปาง 435 ถ.ไฮเวย์ลำปาง-งาว ต.หัวเวียง อ.เมือง จ.ลำปาง 52100,52100
A33W338131,ธนาคารอาคารสงเคราะห์,สาขาเพชรบุรี  2/85-7 ถ.เพชรเกษม ต.ไร่ส้ม อ.เมือง จ.เพชรบุรี 76000,76000
A33W338138,ธนาคารอาคารสงเคราะห์,สาขาทุ่งสง  6/1 ถนนชัยชุมพล ตำบลปากแพรก อำเภอทุ่งสง จังหวัดนครศรีธรรมราช 80110,80110
A33W338140,ธนาคารอาคารสงเคราะห์,สาขาพัทลุง  40/9 ต.คูหาสวรรค์ อ.เมือง จ.พัทลุง 93000,93000
A33W338144,ธนาคารอาคารสงเคราะห์,สาขา สงขลา 9/71 ต.เขารูปช้าง อ.เมือง จ.สงขลา 90000,90000
A33W338147,ธนาคารอาคารสงเคราะห์,สาขานครนายก 74/144-145 หมู่ที่ 7 ถนนสุวรรณศร ตำบลบ้านใหญ่ อำเภอเมือง จังหวัดนครนายก 26000,26000
A33W338152,ธนาคารอาคารสงเคราะห์,สาขาชุมแพ  2/8-9 ถนนชุมแพ-ภูเขียว ตำบลชุมแพ อำเภอชุมแพ จังหวัดขอนแก่น 40130,40130
A33W338160,ธนาคารอาคารสงเคราะห์,สาขา สันกำแพง  72 หมู่ที่ 7 ตำบลสันกำแพง อำเภอสันกำแพง จังหวัดเชียงใหม่ 50130,50130
A33W338164,ธนาคารอาคารสงเคราะห์,สาขา พุทธมณฑล  9 ม.6 ซ.พงษ์ศิริชัย ถ.บรมราชชนนี แขวงศาลาธรรมสพน์ เขตทวีวัฒนา จ.กรุงเทพฯ 10170,10170
A345308934,ธนาคารอาคารสงเคราะห์,สาขาสุขาภิบาล  เลขที่ 30/435 ถ.นวมินทร์ แขวงคลองกุ่ม เขตบึงกุ่ม กรุงเทพฯ 10230,10230
A345308940,ธนาคารอาคารสงเคราะห์,"สาขาหนองแขม 1085,1087 หมู่ที่ 2 ถนนเพชรเกษม แขวงหนองค้างพลู เขตหนองแขม กรุงเทพฯ 10160",10160
A345308941,ธนาคารอาคารสงเคราะห์,สาขาลาดพร้าว  2326  ถนนลาดพร้าว แขวงวังทองหลาง เขตวังทองหลาง กรุงเทพฯ 10310,10310
A345308946,ธนาคารอาคารสงเคราะห์,สาขาลำลูกกา  11/5-6  ถนนลำลูกกา  ตำบลคูคด อำเภอลำลูกกา จังหวัดปทุมธานี 12130,12130
A345308950,ธนาคารอาคารสงเคราะห์,สาขาพระราม 2  96/10-12 โครงการชัยกูลทาวเวอร์ ถนนพระราม 2 แขวงบางมด เขตจอมทอง กรุงเทพฯ 10150,10150
A345308953,ธนาคารอาคารสงเคราะห์,เคาน์เตอร์การเงิน บิ๊กซีเคหะร่มเกล้า 8/1-3 ถ.เคหะร่มเกล้า แขวงคลองสองต้นนุ่น เขตลาดกระบัง กรุงเทพฯ 10520 (ย้ายจาก สาขา เคาน์เตอร์การเงิน ไอเพลส ลาดกระบัง),10520
A345308956,ธนาคารอาคารสงเคราะห์,ศูนย์ราชการเฉลิมพระเกียรติ อาคาร B ถนนแจ้งวัฒนะ แขวงทุ่งสองห้อง เขตหลักสี่ กรุงเทพฯ 10210,10210
A345308962,ธนาคารอาคารสงเคราะห์,สาขาสุขุมวิท  1 อาคารกลาสเฮ้าส์บิดดิ้ง ซ.สุขุมวิท 25 แขวงคลองเตย เขตคลองเตย จ.กรุงเทพฯ 10110,10110
A345308965,ธนาคารอาคารสงเคราะห์,สาขาสุขาภิบาล 3  58/75 หมู่ที่ 4 ถนนสุขาภิบาล 3 แขวงสะพานสูง เขตสะพานสูง กรุงเทพฯ 10240,10240
A345308967,ธนาคารอาคารสงเคราะห์,สาขาเทพารักษ์  44/4 หมู่ที่ 9 ถนนเทพารักษ์(หมู่บ้านสวนแก้วแสน) ตำบลบางปลา อำเภอบางพลี จังหวัดสมุทรปราการ 10540,10540
A345308970,ธนาคารอาคารสงเคราะห์,สาขาอ่างทอง  21/9-10 หมู่ที่ 2 ถ.อ่างทอง-โพธิ์ทอง ต.ศาลาแดง อ.เมือง จ.อ่างทอง 14000,14000
A345308973,ธนาคารอาคารสงเคราะห์,สาขาระยอง  141/7-10 ถ.สุขุมวิท ต.เชิงเนิน อ.เมือง จ.ระยอง 21000,21000
A345308976,ธนาคารอาคารสงเคราะห์,สาขาพนัสนิคม 156/1-2 ถนนศรีกุญชร ตำบลพนัสนิคม อำเภอพนัสนิคม จังหวัดชลบุรี 20140,20140
A345308982,ธนาคารอาคารสงเคราะห์,สาขาสุราษฎร์ธานี 31/10 ถ.สุราษฎร์-พุนพิน ต.วัดประดู่ อ.เมือง จ.สุราษฎร์ธานี 84000,84000
A345308987,ธนาคารอาคารสงเคราะห์,สาขาเซ็นทรัลพลาซ่า นครศรีธรรมราช  9/8 หมู่ 7 ตำบลนาสาร อำเภอพระพรหม จังหวัดนครศรีธรรมราช 80000,80000
A345308988,ธนาคารอาคารสงเคราะห์,สาขาเซ็นทรัล พระราม 9  9/9 ถนนพระราม 9 แขวงห้วยขวาง เขตห้วยขวาง กรุงเทพฯ 10310,10310
A345308990,ธนาคารอาคารสงเคราะห์,สาขาพัทยา 8/51 หมู่ 6 ถ.พัทยาเหนือ ต.นาเกลือ อ.บางละมุง จ.ชลบุรี 20000,20000
A345313491,ธนาคารอาคารสงเคราะห์,เครื่องทดสอบ อาคาร 2 ชั้น 19   63 ถนนพระราม 9 แขวงห้วยขวาง เขตห้วยขวาง กรุงเทพมหานคร 10310,10310
A345446010,ธนาคารอาคารสงเคราะห์,สาขา ซีคอน บางแค 607 ศูนย์การค้าซีคอนบางแค ห้อง 331A ชั้น 3 ถ.เพชรเกษม แขวงบางหว้า เขตภาษีเจริญ กรุงเทพมหานคร 10160,10160
T092B030B870G262,ธนาคารออมสิน,สาขาเขาสวนกวาง(G2) 245/5 หมู่ที่ 10 ถ.มิตรภาพ ต.คำม่วง อ.เขาสวนกวาง จ.ขอนแก่น 40280,40280
T092B030B787G262,ธนาคารออมสิน,สาขาประตูน้ำขอนแก่น(G2) 336/2-4 หมู่ที่ 12 ถ.มิตรภาพ ต.เมืองเก่า อ.เมืองขอนแก่น จ.ขอนแก่น 40000,40000
T056B030BE10G262,ธนาคารออมสิน,สถาบันเนติบัณฑิตสภาในพระบรมราชูปภัมภ์ อาคาร 1 ชั้น 1 ถ.กาญจนาภิเษก บางระมาด ตลิ่งชัน กรุงเทพฯ 10170,10170
T737B030BE10G262,ธนาคารออมสิน,ตลาดไนน์ใหญ่ 57 ถ.เลียบคลองสอง แขวงบางชัน เขตคลองสามวา กรุงเทพฯ 10510,10510
T005B030BE63G262,ธนาคารออมสิน,องค์การบริหารส่วนตำบลคีรีราษฎร์ 999 หมู่ 9 ต.คีรีราษฎร์ อ.พบพระ จ.ตาก 63160,63160
T092B030B681G262,ธนาคารออมสิน,สาขาอินเด็กซ์ บางใหญ่(G2) ห้องเลขที่ R-3 ชั้น 1 ศูนย์การค้าอินเด็กซ์ ลิฟวิ่งมอลล์ บางใหญ่ เลขที่ 87 หมู่ที่ 6 ถ.ตลิ่งชัน-สุพรรณบุรี ต.เสาธงหิน อ.บางใหญ่ จ.นนทบุรี 11140,11140
T091B030B194G262,ธนาคารออมสิน,สาขาตาคลี(G1) 300 ถ.พหลโยธิน ต.ตาคลี อ.ตาคลี จ.นครสวรรค์ 60140,60140
T091B030B193G262,ธนาคารออมสิน,สาขาบรรพตพิสัย(G1) 123/1 หมู่ที่ 2  ถ.บรรพตพิสัย-หนองสังข์ ต.ท่างิ้ว อ.บรรพตพิสัย จ.นครสวรรค์ 60180,60180
T091B030B405G262,ธนาคารออมสิน,สาขาคลองขลุง(G1) 61 หมู่ที่ 2 ถ.พหลโยธิน ต.คลองขลุง อ.คลองขลุง จ.กำแพงเพชร 62120,62120
T091B030B753G262,ธนาคารออมสิน,สาขาลานกระบือ(G1) 60/1 หมู่ที่ 6 ถ.กำแพงเพชร-พิษณุโลก ต.ลานกระบือ อ.ลานกระบือ จ.กำแพงเพชร 62170,62170
T092B030B796G262,ธนาคารออมสิน,สาขาเขาวง(G2) 292 หมู่ที่ 18 ถ.เขาวง-นาคู ต.คุ้มเก่า อ.เขาวง จ.กาฬสินธุ์ 46160,46160
T092B030B100G262,ธนาคารออมสิน,สาขากาฬสินธุ์(G2) 190 ถ.ภิรมย์ ต.กาฬสินธุ์ อ.เมืองกาฬสินธุ์  จ.กาฬสินธุ์ 46000,46000
T092B030B761G262,ธนาคารออมสิน,สาขาคำม่วง(G2) 82/1-2 หมู่ที่ 10 ถ.ร่วมมิตรพัฒนา ต.ทุ่งคลอง อ.คำม่วง จ.กาฬสินธุ์ 46180,46180
T092B030B845G262,ธนาคารออมสิน,สาขาสหัสขันธ์(G2) 21 หมู่ที่ 1 ต.โนนบุรี อ.สหัสขันธ์ จ.กาฬสินธุ์ 46140,46140
T538B030BE10G262,ธนาคารออมสิน,7-Eleven สาขาลาดกระบัง 44 (16294)  3121 แขวงลาดกระบัง เขตลาดกระบัง จ.กรุงเทพฯ 10520,10520
T092B030B609G262,ธนาคารออมสิน,ธนาคารออมสิน สาขาตลาดวงศกร(G2) 80/2 ถ.สายไหม แขวงสายไหม เขตสายไหม กรุงเทพฯ 10220 0-2563-5213-15,10220
T091B030B413G262,ธนาคารออมสิน,สาขาหนองบัว(G1) 51 หมู่ที่ 8 ถ.หนองบัว-ชุมแสง ต.หนองบัว อ.หนองบัว จ.นครสวรรค์ 60110,60110
T092B030B741G262,ธนาคารออมสิน,สาขาท่าลี่(G2) 233/4-5 หมู่ที่ 2 ถ.ทรงฆะศิริ ต.ท่าลี่ อ.ท่าลี่ จ.เลย 42140,42140
T092B030B676G262,ธนาคารออมสิน,สาขาภูเรือ(G2) 474 หมู่ที่ 7 ต.หนองบัว อ.ภูเรือ จ.เลย 42160,42160
T091B030B651G262,ธนาคารออมสิน,สาขาภูกระดึง(G1) 41/5 หมู่ที่ 8 ต.ห้วยส้ม อ.ภูกระดึง จ.เลย 42180,42180
T091B030B533G262,ธนาคารออมสิน,สาขาโซ่พิสัย(G1) 509 หมู่ที่ 3 ต.โซ่ อ.โซ่พิสัย จ.บึงกาฬ 38170,38170
T091B030B315G262,ธนาคารออมสิน,สาขาพรเจริญ(G1) 142 หมู่ที่ 7 ถ.พรเจริญ-โซ่พิสัย ต.พรเจริญ อ.พรเจริญ จ.บึงกาฬ 38180,38180
T092B030B098G262,ธนาคารออมสิน,สาขานครพนม(G2) 34 ถ.เฟื่องนคร ต.ในเมือง อ.เมือง จ.นครพนม 48000,48000
T092B030B199G262,ธนาคารออมสิน,สาขาศรีสัชนาลัย(G2) 690 หมู่ที่ 1 ถ.ศรีสัชนาลัย ต.หาดเสี้ยว อ.ศรีสัชนาลัย จ.สุโขทัย 64130,64130
T092B030B055G262,ธนาคารออมสิน,สาขาสวรรคโลก(G2) 66 ถ.จรดวิถีถ่อง ต.เมืองสวรรคโลก อ.สวรรคโลก จ.สุโขทัย 64110,64110
T092B030B410G262,ธนาคารออมสิน,สาขาคลองโพ(G2) 192 ถ.บรมอาสน์ ต.ท่าอิฐ อ.เมืองอุตรดิตถ์ จ.อุตรดิตถ์ 53000,53000
T091B030B634G262,ธนาคารออมสิน,สาขามุขศาลา(G1) 9 ถ.มุขศาลา ต.ท่าอิฐ อ.เมืองอุตรดิตถ์ จ.อุตรดิตถ์ 53000,53000
T091B030B427G262,ธนาคารออมสิน,สาขาเกษตรสมบูรณ์(G1) 736 หมู่ที่ 1 ถ.เจริญสิน ต.บ้านยาง อ.เกษตรสมบูรณ์ จ.ชัยภูมิ 36120,36120
T092B030B427G262,ธนาคารออมสิน,สาขาเกษตรสมบูรณ์(G2) 736 หมู่ที่ 1 ถ.เจริญสิน ต.บ้านยาง อ.เกษตรสมบูรณ์ จ.ชัยภูมิ 36120,36120
T092B030B882G262,ธนาคารออมสิน,สาขาเทพสถิต(G2) 997-998 หมู่ที่ 1 ต.วะตะแบก อ.เทพสถิต จ.ชัยภูมิ 36230,36230
T091B030B689G262,ธนาคารออมสิน,สาขาห้าแยกโนนไฮ(G1) 270/16-17 หมู่ที่ 6 ถ.ชัยภูมิ-สีคิ้ว ต.ในเมือง อ.เมืองชัยภูมิ จ.ชัยภูมิ 36000,36000
T091B030B698G262,ธนาคารออมสิน,สาขาคอนสวรรค์(G1) 44/8 หมู่ที่ 13 ถ.ลาดใหญ่-แก้งคร้อ ต.คอนสวรรค์ อ.คอนสวรรค์ จ.ชัยภูมิ 36140,36140
T092B030B819G262,ธนาคารออมสิน,สาขาปลาปาก(G2) 151 หมู่ที่ 2 ถ.ปลาปาก-โนนชมภู ต.ปลาปาก อ.ปลาปาก จ.นครพนม 48160,48160
T091B030B903G262,ธนาคารออมสิน,สาขาบิ๊กซี มุกดาหาร(G1) ห้างบิ๊กซี ซูเปอร์เซ็นเตอร์ (สาขามุกดาหาร) เลขที่ 77/11 ถ.ชยางกูร ต.มุกดาหาร อ.เมืองมุกดาหาร จ.มุกดาหาร 49000,49000
T091B030B204G262,ธนาคารออมสิน,สาขาวังทอง(G1) 517 หมู่ที่ 1 ต.วังทอง อ.วังทอง จ.พิษณุโลก 65130,65130
T092B030B903G262,ธนาคารออมสิน,สาขาบิ๊กซี มุกดาหาร(G2) ห้างบิ๊กซี ซูเปอร์เซ็นเตอร์ (สาขามุกดาหาร) เลขที่ 77/11 ถ.ชยางกูร ต.มุกดาหาร อ.เมืองมุกดาหาร จ.มุกดาหาร 49000,49000
T091B030B646G262,ธนาคารออมสิน,สาขาเทสโก้โลตัส เพชรบูรณ์(G1) ห้างสรรพสินค้า เทสโก้โลตัส เพชรบูรณ์ 929 หมู่ที่ 2 ต.สะเดียง อ.เมืองเพชรบูรณ์ จ.เพชรบูรณ์ 67000,67000
T092B030B286G262,ธนาคารออมสิน,สาขาโพนทอง(G2) 78 หมู่ที่ 2 ถ.นิคมดำริห์ ต.แวง อ.โพนทอง จ.ร้อยเอ็ด 45110,45110
T091B030B210G262,ธนาคารออมสิน,สาขาตะพานหิน(G1) 22-28 ถ.แดงทองดี ต.ตะพานหิน อ.ตะพานหิน จ.พิจิตร 66110,66110
T091B030B758G262,ธนาคารออมสิน,สาขาชุมพลบุรี(G1) 334/2-3 หมู่ที่ 1 ต.ชุมพลบุรี อ.ชุมพลบุรี จ.สุรินทร์ 32190,32190
T091B030B755G262,ธนาคารออมสิน,สาขามหาชนะชัย(G1) 260 หมู่ที่ 8 ถ.เรืองแสนกรรฐ์ ต.ฟ้าหยาด อ.มหาชนะชัย จ.ยโสธร 35130,35130
T092B030B092G262,ธนาคารออมสิน,สาขายโสธร(G2) 208 ถ.แจ้งสนิท ต.ในเมือง อ.เมืองยโสธร จ.ยโสธร 35000,35000
T091B030B384G262,ธนาคารออมสิน,สาขาโคกโพธิ์(G1) 120 หมู่ที่ 7 ถ.เพชรเกษม ต.โคกโพธิ์ อ.โคกโพธิ์ จ.ปัตตานี 94120,94120
T091B030B357G262,ธนาคารออมสิน,สาขาสายบุรี(G1) 4/1 ถ.สุริยะ ต.ตะลุบัน อ.สายบุรี จ.ปัตตานี 94110,94110
T091B030B933G262,ธนาคารออมสิน,สาขาสุริยะประดิษฐ์(G1) 153/4-5 ถ.สุริยะประดิษฐ์ ต.บางนาค อ.เมืองนราธิวาส จ.นราธิวาส 96000,96000
T092B030B104G262,ธนาคารออมสิน,สาขานราธิวาส(G2) 368 ถ.พิชิตบำรุง ต.บางนาค อ.เมืองนราธิวาส จ.นราธิวาส 96000,96000
T092B030B804G262,ธนาคารออมสิน,สาขาตลาดพรเพชร(G2) 70/32-33 ถ.มุกดาหาร-ดอนตาล ต.ศรีบุญเรือง อ.เมืองมุกดาหาร จ.มุกดาหาร 49000,49000
T092B030B811G262,ธนาคารออมสิน,สาขาเซ็นทรัล พิษณุโลก(G2) ชั้น 3 ห้องเลขที่ 328-329 ห้างสรรพสินค้าเซ็นทรัลพลาซา พิษณุโลก เลขที่ 9/99 หมู่ที่ 5 ต.พลายชุมพล อ.เมืองพิษณุโลก จ.พิษณุโลก 65000,65000
T091B030B094G262,ธนาคารออมสิน,สาขาชัยภูมิ(G1) 151/9 ถ.หฤทัย ต.ในเมือง อ.เมืองชัยภูมิ จ.ชัยภูมิ 36000,36000
T092B030B094G262,ธนาคารออมสิน,สาขาชัยภูมิ(G2) 151/9 ถ.หฤทัย ต.ในเมือง อ.เมืองชัยภูมิ จ.ชัยภูมิ 36000,36000
T091B030B706G262,ธนาคารออมสิน,สาขาตลาดท่าพล(G1) 38/1 หมู่ที่ 12 ต.ท่าพล อ.เมืองเพชรบูรณ์ จ.เพชรบูรณ์ 67250,67250
T091B030B207G262,ธนาคารออมสิน,สาขาหนองไผ่(G1) 194 หมู่ที่ 16 ถ.สระบุรี-หล่มสัก ต.หนองไผ่ อ.หนองไผ่ จ.เพชรบูรณ์ 67140,67140
T092B030B207G262,ธนาคารออมสิน,สาขาหนองไผ่(G2) 194 หมู่ที่ 16 ถ.สระบุรี-หล่มสัก ต.หนองไผ่ อ.หนองไผ่ จ.เพชรบูรณ์ 67140,67140
T091B030B690G262,ธนาคารออมสิน,สาขากุสุมาลย์(G1) 154 หมู่ที่ 1 ถ.นิตโย ต.กุสุมาลย์ อ.กุสุมาลย์ จ.สกลนคร 47210,47210
T092B030B767G262,ธนาคารออมสิน,สาขาคำตากล้า(G2) 27 หมู่ที่ 11 ถ.ทางหลวงหมายเลข 222 (พังโคน-บึงกาฬ) ต.คำตากล้า อ.คำตากล้า จ.สกลนคร 47250,47250
T092B030B116G262,ธนาคารออมสิน,สาขามุกดาหาร(G2) 122 ถ.พิทักษ์สันติราษฎร์ ต.มุกดาหาร อ.เมืองมุกดาหาร จ.มุกดาหาร 49000,49000
T091B030B490G262,ธนาคารออมสิน,สาขาท่ามะปราง(G1) 262/53 ถ.บรมไตรโลกนารถ ต.ในเมือง อ.เมืองพิษณุโลก จ.พิษณุโลก 65000,65000
T091B030B459G262,ธนาคารออมสิน,สาขาถนนจอมพล(G1) 525 ถ.จอมพล ต.ในเมือง อ.เมืองนครราชสีมา จ.นครราชสีมา 30000,30000
T092B030B252G262,ธนาคารออมสิน,สาขามุขมนตรี(G2) 164/9 ถ.มุขมนตรี ต.ในเมือง อ.เมืองนครราชสีมา จ.นครราชสีมา 30000,30000
T092B030B647G262,ธนาคารออมสิน,สาขาบิ๊กซี เคหะร่มเกล้า(G2) ห้องเลขที่ F1/4-5 ชั้น 1 ศูนย์การค้าบิ๊กซี เคหะร่มเกล้า เลขที่ 8/2 ถ.เคหะร่มเกล้า แขวงคลองสองต้นนุ่น เขตลาดกระบัง กรุงเทพฯ 10520,10520
T092B030B656G262,ธนาคารออมสิน,"สาขาเซ็นทรัล รัตนาธิเบศร์(G2) ห้องเลขที่ 264 ชั้น 2 ศูนย์การค้าเซ็นทรัลพลาซา รัตนาธิเบศร์ เลขที่ 68/100, 68/919 หมู่ที่ 8 ถ.รัตนาธิเบศร์ ต.บางกะสอ อ.เมืองนนทบุรี จ.นนทบุรี 11000",11000
T092B030B655G262,ธนาคารออมสิน,สาขาเซ็นทรัล แจ้งวัฒนะ(G2) ห้องเลขที่ 417 ชั้น 4 ศูนย์การค้าเซ็นทรัลพลาซา แจ้งวัฒนะ เลขที่ 99 หมู่ที่ 2 ถ.แจ้งวัฒนะ ต.บางตลาด อ.ปากเกร็ด จ.นนทบุรี 11120,11120
T091B030B411G262,ธนาคารออมสิน,สาขาโพศรี(G1) 559/25-27 ถ.โพศรี ต.หมากแข้ง อ.เมืองอุดรธานี  จ.อุดรธานี 41000,41000
T091B030B543G262,ธนาคารออมสิน,สาขาบงคำ(G1) 39 หมู่ที่ 1 ถ.มิตรภาพ (อุดร-หนองคาย) ต.หนองบัว อ.เมืองอุดรธานี จ.อุดรธานี 41000,41000
T091B030B311G262,ธนาคารออมสิน,สาขาบ้านดุง(G1) 261 หมู่ที่ 10 ถ.บริบาลดำริ ต.ศรีสุทโธ อ.บ้านดุง จ.อุดรธานี 41190,41190
T092B030B700G262,ธนาคารออมสิน,สาขากุดจับ(G2) 323 หมู่ที่ 1 ถ.อุดร-กุดจับ ต.เมืองเพีย อ.กุดจับ จ.อุดรธานี 41250,41250
T008B030BE51G262,ธนาคารออมสิน,ด้านหน้าตึกแถวตลาดป่ารกฟ้า 97/1 ต.น้ำดิบ อ.ป่าซาง จ.ลำพูน 51120,51120
T063B030BE50G262,ธนาคารออมสิน,ห้างหุ้นส่วนจำกัด เชียงใหม่วรพัฒน์ปิโตเลียม 15 ต.หางดง อ.ฮอด จ.เชียงใหม่,50240
T122B030BE30G262,ธนาคารออมสิน,R N market 1143/61 หมู่ 1 ถ.สุรนารายณ์ 1 ต.ในเมือง อ.เมือง จ.นครราชสีมา 30000,30000
T092B030B982G262,ธนาคารออมสิน,ธนาคารออมสิน สาขาเทสโก้โลตัส พระราม 4(G2) 3301 ชั้น 2 ถ.พระราม4 แขวงคลองตัน เขตคลองเตย กรุงเทพฯ โทร. 0-2350-3041-2,10110
T072B030BE32G262,ธนาคารออมสิน,ศูนย์การค้าแม็คโคร สาขาสุรินทร์ 4/3 ถนนหลัดเมือง ต.ในเมือง อ.เมือง จ.สุรินทร์ 32000,32000
T109B030BE30G262,ธนาคารออมสิน,องค์การบริหารส่วนตำบลโป่งตาลอง  444 หมู่4 ต.โป่งตาลอง อ.ปากช่อง จ.นครราชสีมา 30130,30130
T063B030BE30G262,ธนาคารออมสิน,ตลาดศิริพลาซ่า 236 หมู่ 15 ต.สูงเนิน อ.สูงเนิน จ.นครราชสีมา 30170,30170
T054B030BE36G262,ธนาคารออมสิน,เทสโก้ โลตัส เอ็กซ์เพรส สาขาสี่แยกช่อระกา ชัยภูมิ (2511) 237/1 หมู่ 17 ต.นาฝาย อ.เมืองชัยภูมิ จ.ชัยภูมิ 36000,36000
T044B030BE64G262,ธนาคารออมสิน,7-Eleven สาขาชุมชนเมืองเก่าสุโขทัย (6348) 1/11 5/2 หมู่ 3 ต.เมืองเก่า อ.เมือง จ.สุโขทัย 64210,64210
T047B030BE41G262,ธนาคารออมสิน,7-Eleven สาขาบายพาสบ้านจั่น (10753) 140 หมู่ 1 ต.บ้านจั่น อ.เมือง จ.อุดรธานี 41000,41000
T005B030BE41G262,ธนาคารออมสิน,ร้านวาวาซุปเปอร์ 244 หมู่ 15 ต.พันดอน อ.กุมภวาปี จ.อุดรธานี 41370,41370
T014B030BE48G262,ธนาคารออมสิน,ร้านขายของชำคุณธานี  83 หมู่ที่ 14 ต.หนองแวง อ. บ้านแพง จ.นครพนม,48140
T039B030BE66G262,ธนาคารออมสิน,ตลาดสดราชรถพอเพียง หมู่ 13 ต.บ้านนา อ.วชิรบารมี จ.พิจิตร 66140,66140
T087B030BE65G262,ธนาคารออมสิน,7-Eleven สาขา PTTOR แยกอินโดจีน (14830) ต.สมอแข อ.เมือง จ.พิษณุโลก 65000,65000
T006B030BE65G262,ธนาคารออมสิน,"เทสโก้ โลตัส เอ็กซ์เพรส สาขาตลาดรถไฟ พิษณุโลก 198,198/1,198/2 ถนนเอกาทศรฐ ต.ในเมือง อ.เมือง จ.พิษณุโลก 65000",65000
T054B030BE65G262,ธนาคารออมสิน,ร้านท๊อปมาร์ทบ้านแยงบน ถ.บ้านแยง-นครไทย ต.บ้านแยง อ.นครไทย จ.พิษณุโลก 65120,65120
T047B030BE65G262,ธนาคารออมสิน,7-Eleven สาขาชุมชนบ้านเสือลากหาง (9031) 466 ม.9 ต.วังทอง อ.วังทอง จ.พิษณุโลก 65130,65130
T037B030BE47G262,ธนาคารออมสิน,7-Eleven สาขาหอพักราชาวดี (4564)  ที่ดินเปล่า ถ.ทางเข้า ม.เกษตรฯ สกลนคร ต.เชียงเครือ อ.เมือง จ.สกลนคร 47000,47000
164002,BOC,สาขาเมกะบางนา เครื่อง 1  39 หมู่ 6 ศูนย์การค้าเมกะ บางนา ชั้น 1 ห้อง 1632/8 ถนนบางนา-ตราด ตำบลบางแก้ว อำเภอบางพลี จังหวัดสมุทรปราการ,10540
257732,BOC,ธนาคารจีน สาขารัชดา เครื่องที่ 1 9 อาคารภคินท์ ถ.รัชดาภิเษก แขวงดินแดง เขตดินแดง กทม. 10400,10400
257736,BOC,สาขาระยอง เครื่อง2 เลขที่ 9/21 หมุ่ที่ 4 นิคมอุตสาหกรรมอมตะซิตี้ ต.มาบยางพร อ.ปลวกแดง จ.ระยอง,21140
98251815653357,ธนาคารอาคารสงเคราะห์,สาขาถลาง  59/11-12 หมู่ที่ 5 ถนนเทพกษัตรีย์ ตำบลศรีสุนทร อำเภอถลาง จังหวัดภูเก็ต 83110,83110
T092B030B665G262,ธนาคารออมสิน,สาขาแยกหนองบัว(G2) 328/1-3 ถ.เทศบาล 1 ต.ในเมือง อ.เมืองสุรินทร์  จ.สุรินทร์ 31000,31000
T091B030B322G262,ธนาคารออมสิน,สาขาท่าฉาง(G1) 88/1หมู่ที่ 6 ต.เขาถ่าน อ.ท่าฉาง จ.สุราษฎร์ธานี 84150,84150
T091B030B334G262,ธนาคารออมสิน,สาขาท่าแซะ(G1) 224 ถ.เพชรเกษม ต.ท่าแซะ อ.ท่าแซะ จ.ชุมพร 86140,86140
T091B030B426G262,ธนาคารออมสิน,สาขาถนนราษฎร์อุทิศ(G1) 20 ถ.ราษฎร์อุทิศ ต.ตลาด อ.เมือง จ.สุราษฎร์ธานี 84000,84000
T091B030B407G262,ธนาคารออมสิน,สาขาลี้(G1) 481 หมู่ที่ 4 ถ.พหลโยธิน ต.ลี้ อ.ลี้ จ.ลำพูน 51110,51110
T091B030B273G262,ธนาคารออมสิน,สาขาโนนไทย(G1) 768 หมู่ 1 ถ.สุรนารายณ์ ต.โนนไทย อ.โนนไทย จ.นครราชสีมา 30220,30220
T091B030B760G262,ธนาคารออมสิน,สาขาแม่เมาะ(G1) 570 หมู่ 8 ต.แม่เมาะ อ.แม่เมาะ จ.ลำปาง 52220,52220
T091B030B659G262,ธนาคารออมสิน,สาขาธนะรัชต์ เขาใหญ่ (G1) อาคารพาณิชย์ 2 ชั้น 2 คูหา เลขที่ 341 หมู่ 4 ถนนธนะรัชต์ ต.หมูสี อ.ปากช่อง จ.นครราชสีมา 30130,30130
T091B030B232G262,ธนาคารออมสิน,สาขาพิชัย(G1) 190/1 หมู่ที่ 3 ถ.มหาธาตุ ต.ในเมือง อ.พิชัย จ.อุตรดิตถ์ 53120,53120
T092B030B659G262,ธนาคารออมสิน,สาขาธนะรัชต์ เขาใหญ่ (G2) อาคารพาณิชย์ 2 ชั้น 2 คูหา เลขที่ 341 หมู่ 4 ถนนธนะรัชต์ ต.หมูสี อ.ปากช่อง จ.นครราชสีมา 30130,30130
T091B030B255G262,ธนาคารออมสิน,สาขาด่านขุนทด(G1) 9/1หมู่ 14 ถ.สีคิ้ว-ชัยภูมิ ต.ด่านขุนทด อ.ด่านขุนทด จ.นครราชสีมา 90210,90210
T091B030B774G262,ธนาคารออมสิน,สาขาศรีนคร(G1) 81-3ศรีนคร-ปลายราง ต.ศรีนคร อ.ศรีนคร จ.สุโขทัย 64180,64180
T091B030B478G262,ธนาคารออมสิน,สาขาแม่ระมาด(G1) 205/1 ถ. โสภิตบรรณลักษณ์ ต. แม่ระมาด อ. แม่ระมาด จ.ตาก 63140,63140
T091B030B038G262,ธนาคารออมสิน,สาขามีนบุรี(G1) 41 ถนน สีหบุรานุกิจ แขวง มีนบุรี เขตมีนบุรี กรุงเทพมหานคร 10510,10510
T092B030B038G262,ธนาคารออมสิน,สาขามีนบุรี(G2) 212 ชั้น 2 ถ.สีหบุรานุกิจ แขวงมีนบุรี เขตมีนบุรี กรุงเทพฯ 10510,10510
T091B030B486G262,ธนาคารออมสิน,สาขาสามง่าม(G1) 190 หมู่ 13 ถ. พิจิตร-กำแพงเพชร ต. สามง่าม อ. สามง่าม จ.พิจิตร 66140,66140
T091B030B256G262,ธนาคารออมสิน,สาขาพิบูลมังสาหาร(G1) 5/5 ถ.หลวง ต.พิบูล อ.พิบูลมังสาหาร จ.อุบลราชธานี 34110,34110
T091B030B095G262,ธนาคารออมสิน,สาขาศรีสะเกษ(G1) 1042/9 ถ.อุบล ต.เมืองใต้ อ.เมืองศรีสะเกษ จ.ศรีสะเกษ 33000,33000
T092B030B715G262,ธนาคารออมสิน,สาขาถนนเทพา(G2) 444/2 ถ.เทพา ต.เมืองเหนือ อ.เมืองศรีสะเกษ จ.ศรีสะเกษ 33000,33000
T091B030B639G262,ธนาคารออมสิน,สาขาตลาดศรีนคร(G1) 558/68-69 หมู่ที่ 9 ต.นครสวรรค์ตก อ.เมืองนครสวรรค์ จ.นครสวรรค์ 60000,60000
T092B030B711G262,ธนาคารออมสิน,สาขาหนองปลิง(G2) 704-705 หมู่ที่ 2 ต.หนองปลิง อ.เมืองนครสวรรค์ จ.นครสวรรค์ 60000,60000
T091B030B212G262,ธนาคารออมสิน,สาขามโนรมย์(G1) 45/1 หมู่ที่ 3 ถ.มโนรมย์-อุทัยธานี ต.คุ้งสำเภา อ.มโนรมย์ จ.ชัยนาท 17110,17110
T092B030B264G262,ธนาคารออมสิน,สาขาท่าตูม(G2) 237 หมู่ที่ 7 ถ.ปัทมานนท์ ต.ท่ามะตูม อ.ท่าตูม จ.สุรินทร์ 32120,32120
T091B030B376G262,ธนาคารออมสิน,สาขาแก้งคร้อ(G1) 60 หมู่ 12 ต.หนองไผ่ อ.แก้งคร้อ จ.ชัยภูมิ 36150,36150
T091B030B617G262,ธนาคารออมสิน,สาขาอยุธยาพาร์ค(G1) 126  ต.ลองสวนพลู อ.พระนครศรีอยุธยา จ.พระนครศรีอยุธยา 13000,13000
T091B030B245G262,ธนาคารออมสิน,สาขาบัวใหญ่(G1) 153 ถ.วิเวศน์รัตน์ ต.บัวใหญ่ อ.บัวใหญ่ จ.นครราชสีมา 30120,30120
T092B030B249G262,ธนาคารออมสิน,สาขาสีคิ้ว(G2) 12/3 หมู่ที่ 2 ถ.เทศบาล 7 ต.สีคิ้ว อ.สีคิ้ว จ.นครราชสีมา 30140,30140
T008B030BE18G262,ธนาคารออมสิน,ตลาดบ้านเชี่ยน 228 ม.2 ต.บ้านเชี่ยน อ.หันคา จ.ชัยนาท 17130,17130
T020B030BE57G262,ธนาคารออมสิน,"7-Eleven สาขาเชียงรายเมืองใหม่ จุด 2  (7470)  132/14,15,16 ม.4 ต.บ้านดู่ อ.เมืองเชียงราย จ.เชียงราย 57100",57100
T012B030BE57G262,ธนาคารออมสิน,บ้านคุณจันทร์บาน 45/2 ต.หล่ายหงาว อ.เวียงแก่น เชียงราย 57310,57310
T028B030BE57G262,ธนาคารออมสิน,7-Eleven สาขาปตท.แม่สาย(2719) 129/3 ม.4 ต.เวียงพางคำ อ.แม่สาย จ.เชียงราย 57130,57130
T011B030BE57G262,ธนาคารออมสิน,7-Eleven สาขา ปตท.บ้านถ้ำ (6873) 490/1 ม.1 ต.โป่งงาม อ.แม่สาย จ.เชียงราย 57130,57130
T091B0301017G262,ธนาคารออมสิน,สาขาอเวนิว รัชโยธิน(G1) 234 ถ.รัชดาภิเษก แขวงจอมพล เขตจตุจักร กรุงเทพมหานคร 10900,10900
T060B030BE57G262,ธนาคารออมสิน,7-Eleven สาขาเทอดไทย (9167) 70 หมู่ 1 ต.เทอดไทย อ.แม่ฟ้าหลวง จ.เชียงราย 57110,57110
T092B030B664G262,ธนาคารออมสิน,สาขาเยาวราช(G2) 452 ถ.เยาวราช แขวงสัมพันธวงศ์ เขตสัมพันธวงศ์ กรุงเทพฯ 10100,10100
T091B030B070G262,ธนาคารออมสิน,สาขาเทเวศร์(G1) 250/7-9 ถ.สามเสน แขวงบางขุนพรหม เขตพระนคร กรุงเทพฯ 10200,10200
T091B030B223G262,ธนาคารออมสิน,สาขาแม่ริม(G1) 114 หมู่ที่ 1 ถ.เชียงใหม่-ฝาง ต.ริมใต้ อ.แม่ริม จ.เชียงใหม่ 50180,50180
T018B030BE19G262,ธนาคารออมสิน,บริษัท โตโต้ แมนูแฟคเจอริ่ง(ประเทศไทย) จำกัด  77 ม.5 ต.หนองปลาหมอ อ.หนองแค จ.สระบุรี 18140,18140
T024B030BE17G262,ธนาคารออมสิน,ร้านโทนี่ มินิมาร์ท 9/1 ม.9 ต.บางระจัน อ.ค่ายบางระจัน จ.สิงห์บุรี 16150,16150
T091B030B465G262,ธนาคารออมสิน,สาขาเชียงของ(G1) 142 หมู่ 8 ต. เวียง อ. เชียงของ จ.เชียงราย 57140,57140
T092B030B678G262,ธนาคารออมสิน,สาขามหาวิทยาลัยแม่ฟ้าหลวง(G2) 333 หมู่ที่ 1 ต.ท่าสุด อ.เมืองเชียงราย จ.เชียงราย 57100,57100
T091B030B498G262,ธนาคารออมสิน,สาขาเวียงป่าเป้า(G1) 17 หมู่ที่ 2 ต.เวียง อ.เวียงป่าเป้า จ.เชียงราย 57170,57170
T092B030B859G262,ธนาคารออมสิน,"สาขามหาวิทยาลัยพะเยา(G2) 211, 211/1 หมู่ที่ 16 ต.แม่กา อ.เมืองพะเยา จ.พะเยา 56000",56000
T091B0301033G262,ธนาคารออมสิน,สาขาแม่ใจ(G1) 134 หมู่ 1 ถ. ต.แม่ใจ อ.แม่ใจ จ.พะเยา 56130,56130
T091B0301028G262,ธนาคารออมสิน,สาขาโนนผึ้ง(G1) 343 หมู่ 9 ต.โนนผึ้ง อ.วารินชำราบ จ.อุบลราชธานี 34190,34190
T091B030B625G262,ธนาคารออมสิน,สาขาถนนยุทธภัณฑ์(G1) 101 ถ.ยุทธภัณฑ์ ต.ในเมือง อ.เมืองอุบลราชธานี จ.อุบลราชธานี 34000,34000
T092B030B625G262,ธนาคารออมสิน,สาขาถนนยุทธภัณฑ์(G2) 101 ถ.ยุทธภัณฑ์ ต.ในเมือง อ.เมืองอุบลราชธานี จ.อุบลราชธานี 34000,34000
T091B030B594G262,ธนาคารออมสิน,สาขาไทรใหญ่(G1) 101 ถ.กาญจนภิเษก ต.ไทรใหญ่ อ.ไทรน้อย จ.นนทบุรี 11150,11150
T016B030BE57G262,ธนาคารออมสิน,ตลาดสดปล้อง ตลาดสดปล้อง ต.ปล้อง อ.เทิง จ.เชียงราย 57230,57230
T091B030B226G262,ธนาคารออมสิน,สาขางาว(G1) 218 หมู่ที่ 4 ถ.พหลโยธิน ต.หลวงเหนือ อ.งาว จ.ลำปาง 52110,52110
T091B030B299G262,ธนาคารออมสิน,สาขาธาตุพนม(G1) 301 หมู่ที่ 13 ถ.ชยางกูร ต.ธาตุพนม อ.ธาตุพนม จ.นครพนม 48110,48110
T091B030B583G262,ธนาคารออมสิน,สาขาโพธิ์ไทร(G1) อาคารเฉลิมพระเกียรติกาญจนาภิเษก ต.โพธิ์ไทร อ.โพธิ์ไทร จ.อุบลราชธานี 34340,34340
T091B030B009G262,ธนาคารออมสิน,สาขาอุบลราชธานี(G1) 1 ชั้น 2 ถ.นพคุณ ต.ในเมือง อ.เมืองอุบลราชธานี จ.อุบลราชธานี 34000,34000
T091B030B248G262,ธนาคารออมสิน,สาขาสูงเนิน(G1) 867 หมู่ที่ 11 ถ.มิตรสัมพันธ์ ต.สูงเนิน อ.สูงเนิน จ.นครราชสีมา 30170,30170
T091B0301010G262,ธนาคารออมสิน,"สาขาเฉลิมพระเกียรติ(G1) 298,298/1 หมู่ที่ 1 ต.ห้วนโก๋น อ.เฉลิมพระเกียรติ จ.น่าน 55130",55130
T091B030B235G262,ธนาคารออมสิน,สาขาเด่นชัย(G1) 672 หมู่ที่ 7 ถ.ยันตรกิจโกศล ต.เด่นชัย อ.เด่นชัย จ.แพร่ 54110,54110
T017B030BE53G262,ธนาคารออมสิน,ร้านวิชิตวัฒนา 20 ม.1 ต.แสนตอ อ.น้ำปาด จ.อุตรดิตถ์ 53110,53110
T092B030B308G262,ธนาคารออมสิน,สาขาหนองบัวลำภู(G2) 89 หมู่ที่ 3 ถ.วิไสยอุดรกิจ ต.หนองบัว อ.เมืองหนองบัวลำภู จ.หนองบัวลำภู 39000,39000
T060B030BE50G262,ธนาคารออมสิน,7-Eleven สาขา ปตท.พร้าว (4765) 352 ม.4 ถ.ปิงโค้ง-เวียงป่าเป้า ต.เวียง อ.พร้าว จ.เชียงใหม่ 50190,50190
T091B030B438G262,ธนาคารออมสิน,สาขานางเลิ้ง(G1) 159 ถ.นครสวรรค์ แขวงวัดโสมนัส เขตป้อมปราบศัตรูพ่าย กรุงเทพฯ 10100,10100
T091B030B436G262,ธนาคารออมสิน,สาขาปากคลองตลาด(G1) 239 ถ.อัษฎางค์ แขวงวังบูรพาภิรมย์ เขตพระนคร กรุงเทพฯ 10200,10200
T091B030B535G262,ธนาคารออมสิน,สาขาหางดง(G1) 288 หมู่ที่ 3 ถ.เชียงใหม่-ฮอด ต.หางดง อ.หางดง จ.เชียงใหม่ 50230,50230
T091B030B312G262,ธนาคารออมสิน,สาขาศรีบุญเรือง(G1) 164/1 หมู่ที่ 13 ถ.สอนร่วมมิตร ต.เมืองใหม่ อ.ศรีบุญเรือง จ.หนองบัวลำภู 39180,39180
T195B030BE10G262,ธนาคารออมสิน,มหาวิทยาลัยกรุงเทพธนบุรี 16/10  ถ.เลียบคลองทวีวัฒนา  เขตทวีวัฒนา กรุงเทพฯ ภายในอาคารอธิการบดี 10170,10170
T722B030BE10G262,ธนาคารออมสิน,7-Eleven สาขาเฉลิมพระเกียรติ 28 (8494) ที่ดินเปล่า ถ.เฉลิมพระเกียรติ แขวงดอกไม้ เขตประเวศ กรุงเทพมหานคร 10250,10250
T020B030BE39G262,ธนาคารออมสิน,หจก.กิจเจริญปิโตรเลียม(ปตท.) 168 ม.2 ต.หนองบัว อ.เมือง จ.หนองบัวลำภู 39000,39000
T091B030B108G262,ธนาคารออมสิน,สาขามหาดไทย(G1) ภายในกระทรวงมหาดไทย ถ.เฟื่องนคร แขวงวัดราชบพิธ เขตพระนคร กรุงเทพฯ 10200,10200
T091B030B688G262,ธนาคารออมสิน,สาขาอัศวรรณ ช้อปปิ้ง  คอมเพล็กซ์ หนองคาย(G1) ห้องเลขที่ P6-A-3 ชั้น 1 ศูนย์การค้าอัศวรรณ ช้อปปิ้งคอมเพล็กซ์ 1 เลขที่ 308 หมู่ที่ 10 ถ.มิตรภาพ ต.โพธิ์ชัย อ.เมืองหนองคาย จ.หนองคาย 43000,43000
T091B030B284G262,ธนาคารออมสิน,สาขาพยัคฆภูมิพิสัย(G1) 370 ถ.วิชิตราษฎร์บำรุง ต.ปะหลาน อ.พยัคฆภูมิพิสัย จ.มหาสารคาม 44110,44110
T092B030B749G262,ธนาคารออมสิน,ธนาคารออมสิน สาขาเอนเนอร์ยี่ คอมเพล็กซ์(G2) 71 ถนนข้าวสาร แขวง ชนะสงคราม เขตพระนคร กรุงเทพมหานคร 10200 โทร. 0-2537-0369-71,10200
T075B030BE73G262,ธนาคารออมสิน,Mini Big C สาขาหมู่บ้านกิตติชัย 18 นครปฐม 14/3 ม.4 ต.มหาสวัสดิ์ อ.พุทธมณฑล จ.นครปฐม 73170,73170
T091B030B012G262,ธนาคารออมสิน,สาขาขอนแก่น(G1) 248 ถ.หน้าเมือง ต.ในเมือง อ.เมืองขอนแก่น จ.ขอนแก่น 40000,40000
T092B030B739G262,ธนาคารออมสิน,สาขาเทสโก้โลตัส กาฬสินธุ์(G2) ห้องเลขที่ 115 ห้างสรรพสินค้าเทสโก้โลตัส กาฬสินธุ์ เลขที่ 99/11 ถ.บายพาสสงเปลือย ต.กาฬสินธุ์ อ.เมืองกาฬสินธุ์  จ.กาฬสินธุ์ 46000,46000
T836B030BE10G262,ธนาคารออมสิน,สินเชื่อรายย่อย ธนาคารออมสินภาค 3  6/28-29 หมู่ 4 ซ.เอกชัย 31/1 ถ.เอกชัย แขวงบางขุนเทียน เขตจอมทอง กรุงเทพฯ 10150,10150
T054B030BE60G262,ธนาคารออมสิน,ร้านสายรุ้ง  479 หมู่ 1 ต.วังข่อย อ.ไพศาลี จ.นครสวรรค์,60220
T088B030BE40G262,ธนาคารออมสิน,7-Eleven สาขาบ้านหว้า (5413) 261 หมู่ 11 ต.บ้านหว้า อ.เมือง จ.ขอนแก่น 40000,40000
T091B030B781G262,ธนาคารออมสิน,สาขาเชียงกลาง(G1) 73-73/1 หมู่ที่ 11 ต.เชียงกลาง อ.เชียงกลาง จ.น่าน 55160,55160
T091B030B434G262,ธนาคารออมสิน,สาขาทุ่งมหาเมฆ(G1) 572/1-2 ถ.สาทรใต้ แขวงทุ่งมหาเมฆ เขตสาทร กรุงเทพฯ 10120,10120
T091B030B613G262,ธนาคารออมสิน,สาขาไอที สแควร์(G1) ห้องเลขที่ A18-20 ชั้น 1 ศูนย์การค้าไอที สแควร์ หลักสี่ เลขที่ 333/100 หมู่ที่ 4 ถ.แจ้งวัฒนะ แขวงตลาดบางเขน เขตหลักสี่ กรุงเทพฯ 10210,10210
T091B030B670G262,ธนาคารออมสิน,สาขาบิ๊กซี แจ้งวัฒนะ(G1) ชั้น 1 ศูนย์การค้าบิ๊กซีแจ้งวัฒนะ เลขที่ 96 หมู่ที่ 1 แขวงทุ่งสองห้อง เขตหลักสี่ กรุงเทพฯ 10210,10210
T091B030B809G262,ธนาคารออมสิน,สาขาเทสโก้โลตัส รังสิตคลอง 7(G1) ชั้น 1 ห้างสรรพสินค้าเทสโก้โลตัส สาขารังสิตคลอง 7 เลขที่ 41/2 หมู่ที่ 2 ถ.รังสิต-นครนายก ต.ลำผักกูด อ.ธัญบุรี จ.ปทุมธานี 12110,12110
T091B030B886G262,ธนาคารออมสิน,สาขาบิ๊กซี ลำลูกกา 2(G1) ห้างบิ๊กซี เอ๊กซ์ตร้า สาขาลำลูกกา 2 ชั้น 1 เลขที่ 3/83 หมู่ที่ 7 ต.ลาดสวาย อ.ลำลูกกา จ.ปทุมธานี 12150,12150
T092B030B608G262,ธนาคารออมสิน,สาขามหาชัย(G2) 822  ถ.สุคนธวิท ต.มหาชัย อ.เมืองสมุทรสาคร จ.สมุทรสาคร 74000,74000
T092B030B219G262,ธนาคารออมสิน,สาขาสันกำแพง(G2) 8 หมู่ที่ 8 ถ.เชียงใหม่-สันกำแพง ต.สันกำแพง อ.สันกำแพง จ.เชียงใหม่ 50130,50130
T092B030B183G262,ธนาคารออมสิน,ธนาคารออมสิน สาขาพานทอง(G2) 85/10 หมู่ที่ 4 ถ.พานทอง-หัวไผ่ อ.พานทอง จ.ชลบุรี 20160,20160
T009B030BE74G262,ธนาคารออมสิน,ร้านท๊อปเทห์  ม.2  ซ.คลองแค  ถ.สุขาภิบาล 1 ต.อ้อมน้อย อ.กระทุ่งแบน จ.สมุทรสาคร 74110,74110
T092B030B514G262,ธนาคารออมสิน,สาขาพงษ์เพชร(G2) 205/84-85 ถ.งามวงศ์วาน แขวงทุ่งสองห้อง เขตหลักสี่ กรุงเทพฯ 10210,10210
T027B030BE73G262,ธนาคารออมสิน,สถานีบริการน้ำมัน ปตท. บจก.วีพีคิว ปิโตรเลียม (ปตท.มหาสวัสดิ์) 74 หมู่ 3 ถ.ศาลายา-นครชัยศรี ต.มหาสวัสดิ์ อ.พุทธมณฑล จ.นครปฐม 73170,73170
T092B030B205G262,ธนาคารออมสิน,สาขาแม่สอด(G2) 299/4 ถ.อินทรคีรี ต.แม่สอด อ.แม่สอด จ.ตาก 63110,63110
T091B030B152G262,ธนาคารออมสิน,สาขาพนมทวน(G1) 248 หมู่ที่ 3 ถ.อู่ทอง-กาญจนบุรี ต.พนมทวน อ.พนมทวน จ.กาญจนบุรี 71140,71140
T091B030B818G262,ธนาคารออมสิน,สาขาลานสกา(G1)  17 หมู่ที่ 1 ถ.กะโรม ต.เขาแก้ว อ.ลานสกา จ.นครศรีธรรมราช 80230,80230
T091B030B336G262,ธนาคารออมสิน,สาขากระบุรี(G1)  151 หมู่ที่ 2  ถ.สถาพร ต.น้ำจืด อ.กระบุรี จ.ระนอง 85110,85110
T091B030B068G262,ธนาคารออมสิน,สาขาระนอง(G1)  256/4 ถ.ท่าเมือง ต.เขานิเวศน์ อ.เมืองระนอง จ.ระนอง 85000,85000
T001B030BE10G262,ธนาคารออมสิน,สถานีขนส่งสายเหนือ (หมอชิต 2) ชั้น1 สถานีขนส่งหมอชิต2 ถ.กำแพงเพชร2 อ.เขตจตุจักร จ.กรุงเทพฯ ,10900
T091B030B953G262,ธนาคารออมสิน,สาขาชุมตาบง(G1)  139/4-5 หมู่ที่ 5 ต.ชุมตาบง อ.ชุมตาบง จ.นครสวรรค์ 60150,60150
T004B030BE85G262,ธนาคารออมสิน,หจก.ถาวรธุรกิจ 2 ม.2 ถ.เพชรเกษม ต.กะเปอร์ อ.กะเปอร์ จ.ระนอง 85120,85120
T091B030B736G262,ธนาคารออมสิน,สาขาย่านยาว(G1) 2/21-23 หมู่ที่ 2 ถ.เพชรเกษม ต.บางนายสี อ.ตะกั่วป่า จ.พังงา 82220,82220
T002B030BE83G262,ธนาคารออมสิน,บริษัท ซุปเปอร์ชีป จำกัด สำนักงานใหญ่  46/5 ถนนเทพกษัตรี อ.เมือง จ.ภูเก็ต 83000,83000
T092B030B842G262,ธนาคารออมสิน,สาขาถนนเทพกระษัตรี(G2)  5/21-22 หมู่ที่ 3 ถ.เทพกระษัตรี ต.รัษฎา อ.เมืองภูเก็ต จ.ภูเก็ต 83000,83000
T092B030B017G262,ธนาคารออมสิน,สาขาฉะเชิงเทรา(G2) 1-5 ถ.สันติราษฎร์ ต.หน้าเมือง อ.เมืองฉะเชิงเทรา จ.ฉะเชิงเทรา 24000,24000
T271B030BE10G262,ธนาคารออมสิน,CP Fresh Mart สาขาประชาราษฎร์บำเพ็ญ 24 44/46 ถ.ประชาราษฎร์บำเพ็ญ ซ.รัชดานิเวศน์ แขวงสามเสนนอก เขตห้วยขวาง จ.กรุงเทพฯ 10310,10310
T508B030BE10G262,ธนาคารออมสิน,พื้นที่ควบคุมในพระองค์ 904 ถนนราชวิถี แขวงดุสิต เขตดุสิต กรุงเทพฯ 10300,10300
T016B030BE25G262,ธนาคารออมสิน,ร้าน 108 Shop สาขา ตลาดไทยประคอง 88 หมู่ 2 ต.กบินทร์ อ.กบินทร์บุรี จ.ปราจีนบุรี  25110,25110
T091B030B638G262,ธนาคารออมสิน,สาขาเขตอุตสาหกรรม 304(G1) 335-336 หมู่ที่ 10 ต.ท่าตูม อ.ศรีมหาโพธิ จ.ปราจีนบุรี 25140,25140
T091B030B042G262,ธนาคารออมสิน,สาขาศรีย่าน(G1) 785-787 ถ.สามเสน แขวงถนนนครไชยศรี เขตดุสิต กรุงเทพฯ 10300,10300
T192B030BE10G262,ธนาคารออมสิน,สถานีขนส่งสายใต้ใหม่ (โซนขายตั๋ว ชั้นที่ 1) 24/6 หมู่ 8 สถานีขนส่งผู้โดยสาร ถ.บรมราชชนนี แขวงฉิมพลี เขตตลิ่งชัน กรุงเทพฯ 10170,10170
T091B030B820G262,ธนาคารออมสิน,สาขาทุ่งยาว(G1) 24-25 ถ.ปะเหลียน-ทุ่งหว้า ต.ทุ่งยาว อ.ปะเหลียน จ.ตรัง 92180,92180
T024B030BE92G262,ธนาคารออมสิน,ร้านคลองมวนเทเลคอม 32/2  ม.1 ต.หนองปรือ อ.รัษฎา จ.ตรัง 92160,92160
T036B030BE92G262,ธนาคารออมสิน,ร้านบรรณกิจรัษฎา 52/2 หมู่ 12 ต.ควนเมา อ.รัษฎา จ.ตรัง 92160,92160
T136B030BE90G262,ธนาคารออมสิน,บ้านเลขที่ 79 79 ถ.ชัยมงคล ต.บ่อยาง อ.เมือง จ.สงขลา 90000,90000
T091B030B899G262,ธนาคารออมสิน,สาขาสามโคก(G1) 111/241-243 หมู่ที่ 2 โครงการภัทรไพรเวท 2 ต.สามโคก อ.สามโคก จ.ปทุมธานี 12160,12160
T091B030B657G262,ธนาคารออมสิน,สาขาถนนประดิพัทธ์(G1) 96/5 อาคารบางกอกลิฟวิ่ง ถ.ประดิพัทธ์ แขวงพญาไท เขตพญาไท กรุงเทพฯ 10400,10400
T091B030B800G262,ธนาคารออมสิน,สาขาสวนผัก(G1) 105/2 หมู่ที่ 11 แขวงตลิ่งชัน เขตตลิ่งชัน กรุงเทพฯ 10170,10170
T428B030BE10G262,ธนาคารออมสิน,ศูนย์กลางตลาดดอกไม้ ปากคลองตลาดใหม่ (Flower Market) 499/1 ถ.พรานนก-พุทธมณฑล สาย4 แขวงบางพรม เขตตลิ่งชัน จ.กรุงเทพฯ 10170,10170
T092B030B192G262,ธนาคารออมสิน,สาขาชุมแสง(G2) 19-21 ถ.แสงสันติสุข ต.ชุมแสง อ.ชุมแสง จ.นครสวรรค์ 60120,60120
T091B0301008G262,ธนาคารออมสิน,สาขาเทสโก้โลตัส สงขลา(G1) ชั่น 1 ห้องเลขที่ 110 เทสโก้โลตัสเอ็กซ์ตร้า สงขลา เลขที่ 64 หมู่ที่ 2 ถ.กาญจนวนิช ต.เขารูปช้าง อ.เมืองสงขลา จ.สงขลา 90000,90000
T092B0301008G262,ธนาคารออมสิน,สาขาเทสโก้โลตัส สงขลา(G2) ชั่น 1 ห้องเลขที่ 110 เทสโก้โลตัสเอ็กซ์ตร้า สงขลา เลขที่ 64 หมู่ที่ 2 ถ.กาญจนวนิช ต.เขารูปช้าง อ.เมืองสงขลา จ.สงขลา 90000,90000
T091B030B645G262,ธนาคารออมสิน,สาขาถนนกาญจนวณิช(G1) 90/177-178 หมู่ที่ 10 ถ.กาญจนวนิช ต.เขารูปช้าง อ.เมืองสงขลา จ.สงขลา 90000,90000
T092B030B045G262,ธนาคารออมสิน,หน่วยให้บริการ EXIM BANK แหลมฉบัง(G2)  53/71-74 หมู่ที่ 9 ถ.สุขุมวิท ต.ทุ่งสุขขลา อ.ศรีราชา จ.ชลบุรี 20230,20230
T091B030B190G262,ธนาคารออมสิน,สาขาวังน้ำเย็น(G1) 802 หมู่ที่ 1 ต.วังน้ำเย็น อ.วังน้ำเย็น จ.สระแก้ว 27210,27210
T091B030B185G262,ธนาคารออมสิน,สาขาแกลง(G1) 16 ถ.สุนทรโวหาร ต.ทางเกวียน อ.แกลง จ.ระยอง 21110,21110
T006B030BE21G262,ธนาคารออมสิน,วัฒนานุกิจ ซุปเปอร์สโตร์   142/13-16 ถ.เทศบาล 2 ต.ทางเกวียน อ.แกลง จ.ระยอง 21110,21110
T091B030B540G262,ธนาคารออมสิน,สาขาทุ่งตะโก(G1) 77/32 หมู่ที่ 6 ถ.ชุมพร-เขาทะลุ ต.ทุ่งตะไคร อ.ทุ่งตะโก จ.ชุมพร 86220,86220
T092B030B693G262,ธนาคารออมสิน,สาขาปากน้ำปราณ(G2) 9/92-93 หมู่ที่ 2 ต.ปากน้ำปราณ อ.ปราณบุรี จ.ประจวบคีรีขันธ์ 77220 (ย้ายมาเมื่อ วันที่ 13 มีนาคม 2559),77220
T091B030B377G262,ธนาคารออมสิน,สาขากุยบุรี(G1) 603 หมู่ที่ 1  ถ.เพชรเกษม ต.กุยบุรี อ.กุยบุรี จ.ประจวบคีรีขันธ์ 77150,77150
T091B030B165G262,ธนาคารออมสิน,สาขาบ้านหมอ(G1) 2 หมู่ที่ 5 ต.บ้านหมอ อ.บ้านหมอ จ.สระบุรี 18130,18130
T808B030BE10G262,ธนาคารออมสิน,ตลาดไทยพันธ์แท้สะแกงาม 386 ม.1 ซ.สะแกงาม แขวงแสมดำ เขตบางขุนเทียน กทม. 10150,10150
T091B030B332G262,ธนาคารออมสิน,สาขาหลังสวน(G1) 16-18 ถ.หลังสวน ต.หลังสวน อ.หลังสวน จ.ชุมพร 86110,86110
T091B030B172G262,ธนาคารออมสิน,สาขาบางระจัน(G1) 126/1 หมู่ที่ 4 ต.สิงห์ อ.บางระจัน จ.สิงห์บุรี 16130,16130
T091B030B622G262,ธนาคารออมสิน,สาขาเกาะช้าง(G1) 23/10 หมู่ที่ 4 บ้านคลองพร้าว ต.เกาะช้าง อ.เกาะช้าง จ.ตราด 23170,23170
T011B030BE23G262,ธนาคารออมสิน,อบต.เกาะช้างใต้ ที่ทำการอบต.เกาะช้างใต้ อ.เกาะช้าง จ. ตราด 23170,23170
T091B030B171G262,ธนาคารออมสิน,สาขาอินทร์บุรี(G1) 533/11 หมู่ที่ 6 ต.อินทร์บุรี อ.อินทร์บุรี จ.สิงห์บุรี 16110,16110
T091B030B674G262,ธนาคารออมสิน,สาขาทรี ออน ธรี(G1) ห้องเลขที่ TR 5/1-2 ชั้น 2 ศูนย์การค้าทรี ออน ธรี เลขที่ 295 แขวงบางคอแหลม เขตบางคอแหลม กรุงเทพฯ 10200,10200
T091B030B884G262,ธนาคารออมสิน,"สาขาเจริญกรุง 107 (แฉล้มนิมิตร)(G1) 458, 460 ซ.เจริญกรุง 107 แขวงบางโคล่ เขตบางคอแหลม กรุงเทพฯ 10120",10120
T091B030B435G262,ธนาคารออมสิน,สาขาบางคอแหลม(G1) 2350/22 ถ.เจริญกรุง แขวงบางคอแหลม เขตบางคอแหลม กรุงเทพฯ 10120,10120
T091B030B065G262,ธนาคารออมสิน,สาขาตราด(G1) 81-82 ถ.สุขุมวิท ต.บางพระ อ.เมืองตราด  จ.ตราด 23000,23000
T092B030B828G262,ธนาคารออมสิน,สาขาคลองใหญ่(G2) 170/5 หมู่ที่ 2 ต.คลองใหญ่ อ.คลองใหญ่ จ.ตราด 23110,23110
T392B030BE10G262,ธนาคารออมสิน,ปิ่นทองพลาซ่า 556/3-5 ถนนบรมราชชนนี แขวงบางบำหรุ เขตบางพลัด กรุงเทพฯ 10700,10700
T335B030BE10G262,ธนาคารออมสิน,บ้านเลขที่ 35 ซ.จรัญฯ 65 35 ซ.จรัญสนิทวงศ์ 65 แขวงบางบำหรุ เขตบางพลัด กทม. 10700,10700
T091B030B033G262,ธนาคารออมสิน,สาขาบางรัก(G1) 1231 ถ.เจริญกรุง แขวงสุริยวงศ์ เขตบางรัก กรุงเทพฯ 10500,10500
T092B030B114G262,ธนาคารออมสิน,สาขาบางนา(G2) 3040-42 ถ.สุขุมวิท แขวงบางนา เขตบางนา  กรุงเทพฯ 10260,10260
T091B030B138G262,ธนาคารออมสิน,สาขาสามชุก(G1) 890 หมู่ที่ 2 ถ.มิตรสัมพันธ์ ต.สามชุก อ.สามชุก จ.สุพรรณบุรี 72130,72130
T091B030B139G262,ธนาคารออมสิน,สาขาศรีประจันต์(G1) ติดแทนเครื่อง ADM เดิม 552-553 หมู่ที่ 3 ถ.สุพรรณบุรี-ชัยนาท ต.ศรีประจันต์ อ.ศรีประจันต์ จ.สุพรรณบุรี 72140,72140
T522B030BE10G262,ธนาคารออมสิน,สถานีบริการน้ำมันเอสโซ่ เจ้าคุณทหาร  8/1 ถ.เจ้าคุณทหาร แขวงลำปลาทิว เขตลาดกระบัง จ.กรุงเทพฯ 10520,10520
T091B030B043G262,ธนาคารออมสิน,"สาขาสามย่าน(G1) 1529, 1531 ถ.พระราม 4 แขวงวังใหม่ เขตปทุมวัน กรุงเทพฯ 10330",10330
T092B030B043G262,ธนาคารออมสิน,"สาขาสามย่าน(G2) 1529, 1531 ถ.พระราม 4 แขวงวังใหม่ เขตปทุมวัน กรุงเทพฯ 10330",10330
T091B030B627G262,ธนาคารออมสิน,สาขาจามจุรีสแควร์ เครื่องที่ 1(G1) อาคารจตุรัสจามจุรี ชั้น G 319 ห้องที่ 124-125 ถ.พญาไท แขวงปทุมวัน เขตปทุมวัน กรุงเทพฯ 10330,10330
T091B030B481G262,ธนาคารออมสิน,สาขาห้วยสะท้อน(G1) 249 หมู่ 3 ต. ทุ่งเบญจา อ. ท่าใหม่ จ.จันทบุรี 22170,22170
T091B030B364G262,ธนาคารออมสิน,สาขาราชประสงค์(G1) 492/1 ถ.พระราม 1 แขวงปทุมวัน เขตปทุมวัน กรุงเทพฯ 10330,10330
T091B030B032G262,ธนาคารออมสิน,สาขาหัวลำโพง(G1) 405 ถ.พระราม 4 แขวงรองเมือง เขตปทุมวัน กรุงเทพฯ 10330,10330
T091B0301030G262,ธนาคารออมสิน,สาขาบ้านลาด(G1) 42/29 หมู่ 6 ถ. ต.บ้านลาด อ.บ้านลาด จ.เพชรบุรี 76150,76150
T091B030B052G262,ธนาคารออมสิน,สาขาสำโรง(G1) 407 หมู่ที่ 8 ถ.สุขุมวิท (เชิงสะพานสำโรง) ต.สำโรงเหนือ อ.เมืองสมุทรปราการ จ.สมุทรปราการ 10270,10270
T091B030B521G262,ธนาคารออมสิน,สาขาสุขสวัสดิ์(G1) 119/25-6หมู่ 14 ต.บางพึ่ง อ.พระประแดง จ.สมุทรปราการ 10130,10130
T091B030B577G262,ธนาคารออมสิน,สาขาองครักษ์(G1) 148-150หมู่ 2 ต.องครักษ์ อ.องครักษ์ จ.นครนายก 26120,26120
T092B030B061G262,ธนาคารออมสิน,สาขาบ้านไผ่(G2) 713 ถ.เจนจบทิศ ต.ในเมือง อ.บ้านไผ่ จ.ขอนแก่น 40110,40110
T091B030B667G262,ธนาคารออมสิน,สาขาลำไทร(G1) 146/1-2(ตรงข้ามตลาดคลอง 12) ต.ลำไทร อ.ลำลูกกา จ.ปทุมธานี 12150,12150
T092B030B667G262,ธนาคารออมสิน,สาขาลำไทร(G2) 146/1-2(ตรงข้ามตลาดคลอง 12) ต.ลำไทร อ.ลำลูกกา จ.ปทุมธานี 12150,12150
T091B030B122G262,ธนาคารออมสิน,สาขามหาราช(G1) 3/1 หมู่ 4 ถ.ชาญวิวัฒน์ ต.บ้านเลน อ.มหาราช จ.พระนครศรีอยุธยา 13160,13160
T092B030B601G262,ธนาคารออมสิน,สาขาหนองม่วง(G2) 535 หมู่ที่ 1 ต.หนองม่วง อ.หนองม่วง จ.ลพบุรี 15170,15170
T091B030B072G262,ธนาคารออมสิน,สาขาอุรุพงษ์(G1) 133 ซอย 3 ถ.เพชรบุรี แขวงทุ่งพญาไท เขตราชเทวี กรุงเทพฯ 10400,10400
T091B030B309G262,ธนาคารออมสิน,สาขาบ้านผือ(G1) 190 หมู่ 10 ถ.ชนบทบำรุง ต.บ้านผือ อ.บ้านผือ จ.อุดรธานี 41160,41160
T091B030B416G262,ธนาคารออมสิน,สาขากระทรวงการคลัง(G1) ภายในอาคารสำนักงานตรวจเงินแผ่นดิน บริเวณกระทรวงการคลัง ถ.พระราม 6 แขวงสามเสนใน เขตพญาไท กรุงเทพฯ 10400,10400
T091B030B456G262,ธนาคารออมสิน,สาขาลานสัก(G1) 53/4 ถ. หนองฉาง-ลานสัก ต.ลานสัก อ. ลานสัก จ.อุทัยธานี 61160,61160
T091B030B713G262,ธนาคารออมสิน,สาขาไพศาลี(G1) 399/1-3 หมู่ที่ 5 ต.ไพศาลี อ.ไพศาลี จ.นครสวรรค์ 60220,60220
T092B030B713G262,ธนาคารออมสิน,สาขาไพศาลี(G2) 399/1-3 หมู่ที่ 5 ต.ไพศาลี อ.ไพศาลี จ.นครสวรรค์ 60220,60220
T091B030B175G262,ธนาคารออมสิน,สาขาประจันตคาม(G1) 376/2 หมู่ที่ 2  ถ.เจ้าพระยาบดินทร์ ต.ประจันตคาม อ.ประจันตคาม จ.ปราจีนบุรี 25130,25130
T091B030B176G262,ธนาคารออมสิน,สาขาศรีมหาโพธิ์(G1) 5 หมู่ที่ 3 ต.ศรีมหาโพธิ อ.ศรีมหาโพธิ จ.ปราจีนบุรี 25140,25140
T092B030B441G262,ธนาคารออมสิน,สาขาห้วยขวาง(G2) 2000/2 ถ.ประชาสงเคราะห์ แขวงดินแดง เขตดินแดง กรุงเทพฯ 10400,10400
T091B030B448G262,ธนาคารออมสิน,สาขาประชาชื่น(G1) 83 ปากทางเข้าหมู่บ้านซิเมนต์ไทย ถ.ประชาชื่น แขวงลาดยาว เขตจตุจักร กรุงเทพฯ 10900,10900
T092B030B448G262,ธนาคารออมสิน,สาขาประชาชื่น(G2) 83 ปากทางเข้าหมู่บ้านซิเมนต์ไทย ถ.ประชาชื่น แขวงลาดยาว เขตจตุจักร กรุงเทพฯ 10900,10900
T091B030B557G262,ธนาคารออมสิน,สาขาครบุรี(G1) 833 หมู่ที่ 4 ถ.ราษฎร์พัฒนา ต.แชะ อ.ครบุรี จ.นครราชสีมา 30250,30250
T029B030BE30G262,ธนาคารออมสิน,บริษัท ปากช่อง คอมเพล็กซ์ 2014 ถนน เทศบาล 36 ตำบล หนองสาหร่าย อำเภอ ปากช่อง จ.นครราชสีมา 30130,30130
T091B030B059G262,ธนาคารออมสิน,สาขารังสิต(G1) 265/42-43 หมู่ที่ 2 ถ.รังสิต-ปทุมธานี ต.ประชาธิปัตย์ อ.ธัญบุรี จ.ปทุมธานี 12130,12130
T091B030B394G262,ธนาคารออมสิน,สาขาจันดี(G1) 73 หมู่ 3 ถ.จันดี-สวนขัน ต.จันดี อ.ฉวาง จ.นครศรีธรรมราช 80250,80250
T091B030B745G262,ธนาคารออมสิน,สาขาเซ็นทรัล ปิ่นเกล้า เครื่องที่ 1(G1) ชั้น 4 ห้องเลขที่ 405 ศูนย์การค้าเซ็นทรัลพลาซา ปิ่นเกล้า  เลขที่ 7/222 ถนนบรมราชชนนี แขวงอรุณอมรินทร์ เขตบางกอกน้อย กรุงเทพฯ 10700,10700
T091B030B598G262,ธนาคารออมสิน,สาขาเซ็นทรัล เชียงใหม่ แอร์พอร์ต(G1) ชั้น G และชั้น 3 เลขที่ 194/2 ถ.มหิดล ต.หายยา อ.เมืองเชียงใหม่ จ.เชียงใหม่ 50100,50100
T091B0301060G262,ธนาคารออมสิน,สาขาบิ๊กซี ลำพูน(G1) ชั้น 1 เลขที่ 200 หมู่ 4 ต.บ้านกลาง อ.เมือง จ.ลำพูน 51000,51000
T091B030B572G262,ธนาคารออมสิน,สาขาภูผาม่าน(G1) 22 หมู่ที่ 1 ถ.หนองเขียด-วังสวาบ ต.ภูผาม่าน อ.ภูผาม่าน จ.ขอนแก่น 40350,40350
T066B030BE90G262,ธนาคารออมสิน,ร้านธรรมชาติ(ดอยคำ) 1139/2-3  ถ.เพชรเกษม ต.หาดใหญ่ อ.หาดใหญ่ จ.สงขลา 90110,90110
T053B030BE90G262,ธนาคารออมสิน,ร้านมินิมาร์ท เค แอนด์ เค ซุปเปอร์ค้าส่ง 58/10 หมู่ที่ 4  ต.คลองแห  อ.หาดใหญ่  จ.สงขลา 90110,90110
T009B030BE90G262,ธนาคารออมสิน,โรงพยาบาลหาดใหญ่   182  ถ.รัถการ ต.หาดใหญ่ จ.สงขลา 90110,90110
T037B030BE90G262,ธนาคารออมสิน,7-Eleven สาขาราษฎร์อุทิศเขต 8 (11680) 548 ต.หาดใหญ่ อ.หาดใหญ่ จ.สงขลา 90110,90110
T091B030B123G262,ธนาคารออมสิน,สาขาบางปะอิน(G1) 58  หมู่ที่ 6 ถ.ปราสาททอง ต.บ้านเลน อ.บางปะอิน จ.พระนครศรีอยุธยา 13160,13160
T334B030BE10G262,ธนาคารออมสิน,Lawson 108 สาขาประชาอุทิศ 76 1/1 ซ.ประชาอุทิศ 76 แขวงทุ่งครุ เขตทุ่งครุ จ.กรุงเทพฯ 10140,10140
T092B030B718G262,ธนาคารออมสิน,สาขาการไฟฟ้าฝ่ายผลิตบางกรวย(G2) 6/6-7 หมู่ที่ 1 ถ.บางกรวย-ไทรน้อย ต.บางกรวย อ.บางกรวย จ.นนทบุรี 11130,11130
T033B030BE93G262,ธนาคารออมสิน,สี่แยกศาลาเชื้อ 190/2  ม.13  ต.พนางตุง  อ.ควนขนุน จ.พัทลุง 93150,93150
T003B030BE93G262,ธนาคารออมสิน,ร้านค้าบริเวณสถานีรถไฟหารเทา 119 หมู่ 7 ต.หารเทา อ.ปากพะยูน จ.พัทลุง 93120,93120
T004B030BE49G262,ธนาคารออมสิน,ร้านมินิมาร์ท Good Morning  42/145 หมู่ 3 ต.โชคชัย อ.นิคมคำสร้อย จ.มุกดาหาร 49130,49130
T017B030BE21G262,ธนาคารออมสิน,ตลาดนัดลุงหนู 222/45 หมู่ 2 ต.เชิงเนิน อ.เมือง จ.ระยอง 21000,21000
T091B030B808G262,ธนาคารออมสิน,สาขาแพชชั่น ช้อปปิ้ง เดสติเนชั่น(G1) ชั้น 2 ห้องเลขที่ 2S09 ศูนย์การค้าแพชชั่น ช้อปปิ้ง เดสติเนชั่น เลขที่ 554 ถ.สุขุมวิท ต.เนินพระ อ.เมืองระยอง จ.ระยอง 21000,21000
T091B030B570G262,ธนาคารออมสิน,สาขาคลองสวนพลู(G1) 129 หมู่ที่ 3 ต.คลองสวนพลู อ.พระนครศรีอยุธยา จ.พระนครศรีอยุธยา 13000,13000
T244B030BE10G262,ธนาคารออมสิน,โรงพยาบาลเพชรเกษม 2 675 ถ.เพชรเกษม แขวงบางหว้า เขตภาษีเจริญ จ.กรุงเทพฯ  10160,10160
T006B030BE94G262,ธนาคารออมสิน,ร้านซุปเปอร์มาร์เก็ต หจก.ซูสารอปิโตรเลียม ปาลัส 7/6  ม.1  ต.ควน  อ.ปานาเระ  จ.ปัตตานี 94190,94190
T091B030B387G262,ธนาคารออมสิน,สาขาบางแค(G1) 709 หมู่ที่ 15 ถ.เพชรเกษม  บางหว้า  เขตภาษีเจริญ กรุงเทพฯ 10160   โทร 0-2413-1519,10160
T092B030B387G262,ธนาคารออมสิน,สาขาบางแค(G2) 709 ถ.เพชรเกษม แขวงบางหว้า เขตภาษีเจริญ กรุงเทพฯ 10160,10160
T091B030B708G262,ธนาคารออมสิน,สาขาป่าพะยอม(G1) 424 - 425 หมู่ที่ 1 ถ.เพชรเกษม ต.บ้านพร้าว อ.ป่าพะยอม จ.พัทลุง 93210,93210
T020B030BE91G262,ธนาคารออมสิน,อาคารสำนักงานหน่วยจัดการและบริการตลาด ชายแดนไทย-มาเลเซีย (ด่านวังประจัน) หมู่ 4 ต.วังประจัน อ.ควนโดน จ.สตูล 91160,91160
T091B030B515G262,ธนาคารออมสิน,สาขาบางบัวทอง(G1) 26/1 หมู่ที่ 2 ถ.บางกรวย-ไทรน้อย ต.โสนลอย อ.บางบัวทอง จ.นนทบุรี 11110,11110
T092B030B515G262,ธนาคารออมสิน,สาขาบางบัวทอง(G2) 26/1 หมู่ที่ 2 ถ.บางกรวย-ไทรน้อย ต.โสนลอย อ.บางบัวทอง จ.นนทบุรี 11110,11110
T091B030B429G262,ธนาคารออมสิน,สาขาลาดบัวหลวง(G1) 196/1 หมู่ที่ 3 ต.ลาดบัวหลวง อ.ลาดบัวหลวง จ.พระนครศรีอยุธยา 13230,13230
T091B030B079G262,ธนาคารออมสิน,สาขาอ่างทอง(G1) 50/2 หมู่ที่ 2 ต.ตลาดหลวง อ.เมือง จ.อ่างทอง 14000,14000
T091B030B153G262,ธนาคารออมสิน,สาขาวิเศษชัยชาญ(G1) 202/1 หมู่ 7 ถ.แม่น้ำน้อย ต.ศาลเจ้าโรงทอง อ.วิเศษชัยชาญ จ.อ่างทอง 14110,14110
T091B030B187G262,ธนาคารออมสิน,สาขาบ้านฉาง(G1) 48/31 ถ.สุขุมวิท ต.บ้านฉาง อ.บ้านฉาง จ.ระยอง 21130,21130
T091B030B564G262,ธนาคารออมสิน,สาขาเนินพระ(G1) 307/37 ถ.สุขุมวิท ต.เนินพระ อ.เมืองระยอง จ.ระยอง 21000,21000
T040B030BE35G262,ธนาคารออมสิน,ศูนย์การค้าแม็คโคร สาขายโสธร  324 หมู่ 2 ต.ตาดทอง อ.เมือง จ.ยโสธร 35000,35000
T091B030B777G262,ธนาคารออมสิน,สาขามาร์เก็ต เพลส วงศ์สว่าง(G1) โครงการวงศ์สว่างทาวน์เซ็นเตอร์ ชั้น 2 ห้องเลขที่ A207 อาคาร A ห้างสรรพสินค้าบิ๊กซี วงศ์สว่าง เลขที่ 888 ถ.วงศ์สว่าง แขวงวงศ์สว่าง เขตบางซื่อ กรุงเทพฯ 10800,10800
T300B030BE10G262,ธนาคารออมสิน,เทสโก้ โลตัส เอ็กซ์เพรส สาขารามอินทรา 67 2 ซ.รามอินทรา 67 แขวงท่าแร้ง เขตบางเขน กรุงเทพฯ 10230,10230
T092B030B777G262,ธนาคารออมสิน,สาขามาร์เก็ต เพลส วงศ์สว่าง(G2) โครงการวงศ์สว่างทาวน์เซ็นเตอร์ ชั้น 2 ห้องเลขที่ A207 อาคาร A ห้างสรรพสินค้าบิ๊กซี วงศ์สว่าง เลขที่ 888 ถ.วงศ์สว่าง แขวงวงศ์สว่าง เขตบางซื่อ กรุงเทพฯ 10800,10800
T510B030BE10G262,ธนาคารออมสิน,7-Eleven สาขาเด่นนครเรสซิเดนท์ เพชรเกษม 63 (13474) แขวงหลักสอง เขตบางแค จ.กรุงเทพฯ 10160,10160
T696B030BE10G262,ธนาคารออมสิน,ร้านอัมพร เภสัช 20 ซ.เพชรเกษม 69 แยก 9 ถ.เพชรเกษม แขวงหลักสอง เขตบางแค กรุงเทพฯ 10160,10160
T091B030B786G262,ธนาคารออมสิน,สาขาสี่แยกทศกัณฐ์(G1) 612/5 ถ.พุทธมณฑลสาย 2 แขวงบางไผ่ เขตบางแค กรุงเทพฯ 10160,10160
T014B030BE95G262,ธนาคารออมสิน,7-Eleven สาขาหน้าคุรุ(2485) 24/5-6 ถ.อาคารสงเคราะห์ ต.สะเตง อ.เมืองยะลา จ.ยะลา 95000,95000
T091B030B120G262,ธนาคารออมสิน,สาขาผักไห่(G1) 112/12 หมู่ที่ 4 ต.ผักไห่ อ.ผักไห่ จ.พระนครศรีอยุธยา 13120,13120
T091B030B720G262,ธนาคารออมสิน,สาขาถนนนางพิม(G1) 170/9 ถ.นางพิม ต.ท่าพี่เลี้ยง อ.เมืองสุพรรณบุรี จ.สุพรรณบุรี 72000,72000
T779B030BE10G262,ธนาคารออมสิน,ร้านสมบูรณ์เครื่องเขียน 419-151 ซ.อัสสัมชัญ13 แขวงบางไผ่ เขตบางแค กทม. 10160,10160
T091B030B453G262,ธนาคารออมสิน,สาขาเจริญพาศน์(G1) 379/20 ถ.อิสรภาพ แขวงวัดอรุณ เขตบางกอกใหญ่ กรุงเทพฯ 10600,10600
T092B030B076G262,ธนาคารออมสิน,สาขาสุพรรณบุรี(G2) 24/15 ถ.เณรแก้ว ต.ท่าพี่เลี้ยง อ.เมืองสุพรรณบุรี จ.สุพรรณบุรี 72000,72000
T091B030B051G262,ธนาคารออมสิน,สาขาสระบุรี(G1) 509 ถ.พิชัยรณรงค์สงคราม ต.ปากเพรียว อ.เมืองสระบุรี  จ.สระบุรี 18000,18000
T364B030BE10G262,ธนาคารออมสิน,ร้านสวัสดิการกองทัพเรือ(นันทอุทยาน) 2 ถ.อิสรภาพ แขวงบ้านช่างหล่อ เขตบางกอกน้อย กทม. 10700,10700
T091B030B058G262,ธนาคารออมสิน,สาขาศิริราช(G1) 87 ถ.พรานนก แขวงศิริราช เขตบางกอกน้อย กรุงเทพฯ 10700,10700
T091B030B077G262,ธนาคารออมสิน,สาขาประจวบคีรีขันธ์(G1) 5 ชั้น 2  ถ.ก้องเกียรติ ต.ประจวบคีรีขันธ์ อ.เมืองประจวบคีรีขันธ์  จ.ประจวบคีรีขันธ์ 77000,77000
T021B030BE77G262,ธนาคารออมสิน,7-Eleven สาขาไร่ใหม่ (13280) ต.ไร่ใหม่ อ.สามร้อยยอด จ.ประจวบคีรีขันธ์ 77180,77180
T091B030B158G262,ธนาคารออมสิน,สาขาปราณบุรี(G1) 26/2 หมู่ที่ 2 ถ.เพชรเกษม ต.เขาน้อย อ.ปราณบุรี จ.ประจวบคีรีขันธ์ 77120,77120
T091B030B531G262,ธนาคารออมสิน,สาขาเสาไห้(G1) 108 หมู่ที่ 5 ต.เสาไห้ อ.เสาไห้ จ.สระบุรี 18160,18160
T091B030B492G262,ธนาคารออมสิน,สาขาหัวหมาก(G1) อาคารจิตต์อุทัย ชั้น 1 เลขที่ 615 ถ.รามคำแหง แขวงหัวหมาก เขตบางกะปิ กรุงเทพฯ 10240,10240
T519B030BE10G262,ธนาคารออมสิน,แผง 23/90-91 23/90-91 ซ.นวมินทร์ 6 ถ.นวมินทร์ แขวงคลองจั่น เขตบางกะปิ จ.กรุงเทพฯ 10240,10240
T092B030B400G262,ธนาคารออมสิน,"สาขาราษฎร์บูรณะ(G2)  1771, 1773, 1775 ถ.สุขสวัสดิ์ แขวงบางปะกอก เขตราษฎร์บูรณะ กรุงเทพฯ 10140",10140
T445B030BE10G262,ธนาคารออมสิน,ตลาดโกสุมรวมใจ ถ.โกสุมรวมใจ แขวงดอนเมือง เขตดอนเมือง กทม. 10210,10210
T091B030B180G262,ธนาคารออมสิน,สาขาบางละมุง(G1)   460 หมู่ที่ 4 ถ.พัทยา-นาเกลือ ต.นาเกลือ อ.บางละมุง จ.ชลบุรี 20150,20150
T092B030B725G262,ธนาคารออมสิน,สาขาเซ็นทรัลภูเก็ต เฟสติวัล(G2)   ห้องเลขที่ 437 ชั้น 4 ห้างสรรพสินค้าเซ็นทรัล ภูเก็ต เฟสติวัล  เลขที่ 74-75 หมู่ที่ 5 ถ.เฉลิมพระเกียรติ ต.วิชิต อ.เมืองภูเก็ต จ.ภูเก็ต 83000,83000
T091B030B919G262,ธนาคารออมสิน,สาขาถนนพูนผล(G1)  32/168-169 ถ.พูนผล ต.ตลาดเหนือ อ.เมืองภูเก็ต จ.ภูเก็ต 83000,83000
T091B030B680G262,ธนาคารออมสิน,สาขาสามกอง(G1)  371/51-54 ถ.เยาวราช ต.ตลาดใหญ่ อ.เมืองภูเก็ต จ.ภูเก็ต 83000,83000
T005B030BE11G262,ธนาคารออมสิน,7-Eleven สาขาพีเคการ์เด้นท์ จุด 2 (8936) ที่ดินเปล่า ต.บ้านคลองสวน อ.พระสมุทรเจดีย์ จ.สมุทรปราการ 10290,10290
T024B030BE80G262,ธนาคารออมสิน,7-Eleven  สาขา ปตท.สดศรี (3980)      143 ม.7 ต. แม่เจ้าอยู่หัว อ.เชียรใหญ่ จ.นครศรีธรรมราช 80190,80190
T092B030B631G262,ธนาคารออมสิน,สาขาพัทยาใต้(G2)   205/23-24 หมู่ที่ 10 ถ.พัทยาสาย 2  ต.หนองปรือ อ.บางละมุง จ.ชลบุรี 20150,20150
T091B030B482G262,ธนาคารออมสิน,สาขาป่าตอง(G1) 132-138 ถ.พระบารมี ต.ป่าตอง อ.กะทู้ จ.ภูเก็ต 83150,83150
T091B030B885G262,ธนาคารออมสิน,สาขากะทู้(G1)  17/103-104 หมู่ที่ 6 ต.กะทู้ อ.กะทู้ จ.ภูเก็ต 83120,83120
T091B030B782G262,ธนาคารออมสิน,สาขาเซ็นทรัล ลาดพร้าว(G1)  ศูนย์การค้าเซ็นทรัลพลาซา ลาดพร้าว ชั้น 2 ห้องเลขที่ 230 เลขที่ 1691 ถ.พหลโยธิน แขวงลาดยาว เขตจตุจักร กรุงเทพฯ 10900,10900
T091B030B947G262,ธนาคารออมสิน,สาขาห้วยกระเจา(G1)  54 หมู่ที่ 6 ต.ห้วยกระเจา อ.ห้วยกระเจา จ.กาญจนบุรี 71170,71170
T091B0301013G262,ธนาคารออมสิน,สาขาช่องสะเดา(G1)   79/2 หมู่ที่ 3 ริม ถ.สาย 3199 (ถ.ลาดหญ้า - เอราวัณ กิโลเมตรที่ 36) ต.ช่องสะเดา อ.เมืองกาญจนบุรี จ.กาญจนบุรี 71190,71190
T092B0301013G262,ธนาคารออมสิน,สาขาช่องสะเดา(G2)  79/2 หมู่ที่ 3 ริมถ.สาย 3199 (ถ.ลาดหญ้า - เอราวัณ กิโลเมตรที่ 36) ต.ช่องสะเดา อ.เมืองกาญจนบุรี จ.กาญจนบุรี 71190,71190
T032B030BE71G262,ธนาคารออมสิน,ตลาดนัดหินดาด ต.หินดาด  อ.ทองผาภูมิ  จ.กาญจนบุรี 71180,71180
T091B030B150G262,ธนาคารออมสิน,สาขาท่าม่วง(G1)   241/1 หมู่ที่ 3 ถ.แสงชูโต ต.ท่าม่วง อ.ท่าม่วง จ.กาญจนบุรี 71110,71110
T091B030B950G262,ธนาคารออมสิน,สาขานิคมอุตสาหกรรมบางพลี(G1) 200/16-18 หมู่ที่ 1 ถ.เทพารักษ์ ต.บางเสาธง อ.บางเสาธง จ.สมุทรปราการ 10570,10570
T091B030B994G262,ธนาคารออมสิน,สาขาบิ๊กซี ศรีนครินทร์(G1)  ห้องเลขที่ GCR103 ชั้น 1 บิ๊กซี สาขาศรีนครินทร์  เลขที่ 425 หมู่ที่ 5 ถ.ศรีนครินทร์ ต.สำโรงเหนือ อ.เมืองสมุทรปราการ จ.สมุทรปราการ 10270,10270
T002B030BE11G262,ธนาคารออมสิน,7-Eleven สาขาสาขลา (7917)     ที่ดินเปล่า ต.นาเกลือ อ.พระสมุทรเจดีย์ จ.สมุทรปราการ 10290,10290
T129B030BE20G262,ธนาคารออมสิน,กลุ่มออมทรัพย์เพื่อการผลิตบ้านป่าแดง  59 หมู่ 1 ต.ห้างสูง อ.หนองใหญ่ จ.ชลบุรี,20190
T091B030B905G262,ธนาคารออมสิน,สาขาพิปูน(G1)  182/1 หมู่ที่ 1 ต.พิปูน อ.พิปูน จ.นครศรีธรรมราช 80270,80270
T091B030B633G262,ธนาคารออมสิน,"สาขาเชิงทะเล(G1) 141,143 หมู่ที่ 1 ถ.ศรีสุนทร ต.เชิงทะเล อ.ถลาง จ.ภูเก็ต 83110",83110
T092B030BE80G262,ธนาคารออมสิน,ร้านชลชนก 34/1 หมู่ 4 ต.เขาน้อย อ.สิชล จ.นครศรีธรรมราช 80120,80120
T092B030B404G262,ธนาคารออมสิน,สาขาตลาดหัวอิฐ(G2)  137 หมู่ที่ 1 ถ.กระโรม  ต.โพธิ์เสด็จ อ.เมืองนครศรีธรรมราช จ.นครศรีธรรมราช 80000,80000
T500B030BE10G262,ธนาคารออมสิน,7-Eleven สาขาประชาร่วมใจ ซ.35 (13358)       ถ.ประชาร่วมใจ แขวงทรายกองดิน เขตคลองสามวา จ.กรุงเทพฯ 10510,10510
T725B030BE10G262,ธนาคารออมสิน,7-Eleven สาขาหมู่บ้านไลโอ (ถนนกาญจนาภิเษก) (11529)         แขวงคันนายาว เขตคันนายาว กรุงเทพฯ 10230,10230
T092B030B889G262,ธนาคารออมสิน,"สาขาแฟชั่นไอส์แลนด์ 2(G2)  ภายในศูนย์การค้าแฟชั่นไอแลนด์  ห้องเลขที่ B004 ชั้น B เลขที่ 587, 589, 589/7-9 ถ.รามอินทรา  แขวงคันนายาว เขตคันนายาว กรุงเทพฯ 10230",10230
T066B030BE70G262,ธนาคารออมสิน,เครื่องอยู่โกดัง บริษัท กรีน คอนแทร็คท์ จำกัด 25/35 ม.3 ซ.เทพฤกษ์ ถ.เลียบคลองราษฎร์พัฒนา1 ต.คอกกระบือ อ.เมืองสมุทรสาคร จ.สมุทรสาคร 74000,74000
T091B030B912G262,ธนาคารออมสิน,สาขาลำทับ(G1) 231/1 หมู่ที่ 10 ต.ลำทับ อ.ลำทับ จ.กระบี่ 81190,81190
T020B030BE81G262,ธนาคารออมสิน,7-Eleven สาขา ปตท.ลำทับ (กระบี่) (compact) (13447) 795 หมู่ 5 ต.ลำทับ อ.ลำทับ จ.กระบี่ 81120,81120
T051B030BE80G262,ธนาคารออมสิน,ห้างสรรพสินค้าเทสโก้ โลตัส สาขา นครศรีธรรมราช     15 พัฒนาการ คูขวาง เมือง นครศรีธรรมราช 80000,80000
T092B030B106G262,ธนาคารออมสิน,สาขามหาวิทยาลัยเกษตรศาสตร์(G2) 50 มหาวิทยาลัยเกษตรศาสตร์  ถ.พหลโยธิน แขวงลาดยาว  เขตจตุจักร กรุงเทพฯ 10900,10900
T091B030B071G262,ธนาคารออมสิน,สาขาดินแดง(G1)    53/32 ถ.ดินแดง แขวงดินแดง  เขตดินแดง กรุงเทพฯ 10400,10400
T092B030B071G262,ธนาคารออมสิน,สาขาดินแดง(G2)  53/32 ถ.ดินแดง แขวงดินแดง  เขตดินแดง กรุงเทพฯ 10400,10400
T091B030B949G262,ธนาคารออมสิน,สาขาคอลัมน์ทาวเวอร์(G1)  ชั้น G อาคารคอลัมน์ ทาวเวอร์  เลขที่ 199 ถ.รัชดาภิเษก  แขวงคลองเตย เขตคลองเตย กรุงเทพฯ 10110,10110
T092B030B751G262,ธนาคารออมสิน,สาขาอีสท์วอเตอร์(G2)  ชั้น 1 อาคารอีสท์วอเตอร์  เลขที่ 1 ซอยวิภาวดีรังสิต 5 ถ.วิภาวดีรังสิต แขวงจอมพล เขตจตุจักร กรุงเทพฯ 10900,10900
T092B030BE20G262,ธนาคารออมสิน,ชุมชนบ้านแหลมฉบัง ซอย 2 69/5 ม.3 ซ.แหลมฉบัง 2 ต.ทุ่งสุขลา อ.ศรีราชา จ.ชลบุรี,20230
T092B030B799G262,ธนาคารออมสิน,สาขาบ่อพลอย(G2)  256/2 หมู่ที่ 1 ต.บ่อพลอย อ.บ่อพลอย จ.กาญจนบุรี 71160,71160
T031B030BE71G262,ธนาคารออมสิน,ร้านสุกิจการค้า 393/4 หมู่ 5 ต.หลุมรัง อ.บ่อพลอย จ.กาญจนบุรี 71160,71160
T091B030B001G262,ธนาคารออมสิน,สำนักงานใหญ่ อาคาร เรือนกระจก(G1) 470 ถนน พหลโยธิน แขวง สามเสนใน เขตพญาไท กรุงเทพมหานคร 10400,10400
T413B030BE10G262,ธนาคารออมสิน,อาคารชุดลุมพินี เพลส พหล-สะพานควาย  171 ถ.ประดิพัทธ์ แขวงสามเสนใน เขตพญาไท กรุงเทพฯ 10400,10400
T025B030BE66G262,ธนาคารออมสิน,เทสโก้ โลตัส เอ็กซ์เพรส สาขาไผ่ท่าโพ พิจิตร 133/9-11 หมู่ที่ 1 ต.ไผ่ท่าโพ อ.โพธิ์ประทับช้าง จ.พิจิตร 66190,66190
T040B030BE65G262,ธนาคารออมสิน,ร้านวิทยา คงมั่น 7 หมู่ 1 ต.ปลักแรด อ.บางระกำจ.พิษณุโลก 65140,65140
T091B030B960G262,ธนาคารออมสิน,สาขาคลองลาน(G1) 225/4-6 หมู่ที่ 4 ต.คลองน้ำไหล อ.คลองลาน จ.กำแพงเพชร 62180,62180
T091B030B928G262,ธนาคารออมสิน,สาขาเซ็นทรัล ลำปาง(G1) ห้องเลขที่ 225 ชั้น 2 โซนธนาคาร ศูนย์การค้าเซ็นทรัลพลาซา ลำปาง เลขที่ 319 ถ.ไฮเวย์-ลำปาง-งาว ต.สวนดอก อ.เมืองลำปาง จ.ลำปาง 52100,52100
T091B030B013G262,ธนาคารออมสิน,สาขาลำปาง(G1)15 ถ.บุญวาทย์ ต.หัวเวียง อ.เมืองลำปาง จ.ลำปาง 52000,52000
T027B030BE51G262,ธนาคารออมสิน,ตลาดแจ๋วจริง 231 ม.4 ต.บ้านกลาง อ.เมือง จ.ลำพูน 51000,51000
T057B030BE12G262,ธนาคารออมสิน,ร้านทุกอย่าง 20 บาท  2/294 หมู่ 12 ถ.กาญจนาภิเษก ต.บารักพัฒนา อ.บางบัวทอง จ.นนทบุรี 11110,11110
T023B030BE58G262,ธนาคารออมสิน,ร้านปวีณาพาณิชย์ 118 ม.1 ซ.บ้านปางอุ๋ง ต.แม่ศึก อ.แม่แจ่ม จ.เชียงใหม่ 50270,50270
T130B030BE50G262,ธนาคารออมสิน,7-Eleven สาขาบ้านท่าตอน (9309) 9 หมู่ 3 ต.ท่าตอน อ.แม่อาย จ.เชียงใหม่ 50280,50280
T132B030BE50G262,ธนาคารออมสิน,7-Eleven สาขาบ้านแม่ข่า (ฝาง) (9350) 272/3-5 ม.5 ต.แม่ข่า อ.ฝาง จ.เชียงใหม่ 50320,50320
T091B030B966G262,ธนาคารออมสิน,สาขาขุนตาล(G1) 81 หมู่ที่ 2 ต.ต้า อ.ขุนตาล จ.เชียงราย 57340,57340
T092B030B526G262,ธนาคารออมสิน,ธนาคารออมสิน สาขาเทิง(G2) 38/2หมู่ที่ 1  ถ.เทิง-เชี ต.เวียง อ.เทิงเชียงราย57160 0-5379-5503,57160
T024B030BE53G262,ธนาคารออมสิน,ร้านน้องแอนท์ 1/5  ม.2  ต.ห้วยมุ่น อ.น้ำปาด จ.อุตรดิตถ์ 53110,53110
T091B030B026G262,ธนาคารออมสิน,สาขาอุตรดิตถ์(G1)  212/9 ถ.สำราญรื่น ต.ท่าอิฐ อ.เมืองอุตรดิตถ์ จ.อุตรดิตถ์ 53000,53000
T091B030B957G262,ธนาคารออมสิน,สาขาวังชิ้น(G1) 267 หมู่ที่ 1 ตำบลวังชิ้น อำเภอวังชิ้น จังหวัดแพร่ 54160,54160
T091B030B997G262,ธนาคารออมสิน,สาขาสองแคว(G1) 130/1-3 หมู่ที่ 5 ต.นาไร่หลวง อ.สองแคว จ.น่าน 55160,55160
T092B030B970G262,ธนาคารออมสิน,สาขาวังน้ำเขียว(G2) หมู่ที่ 6 สถานีบริการน้ำมัน ปตท. บริษัท มุ่งปั้นดี จำกัด ถ.ทางหลวงแผ่นดินหมายเลข 304 ต.ไทยสามัคคี อ.วังน้ำเขียว จ.นครราชสีมา 30370,30370
T091B0301047G262,ธนาคารออมสิน,สาขาโรบินสัน บุรีรัมย์(G1)   ชั้น 2 ห้องเลขที่ 222 ห้างสรรพสินค้า โรบินสัน ไลฟ์สไตล์เซ็นเตอร์ บุรีรัมย์ เลขที่ 125 หมู่ที่ 6 ถ.บุรีรัมย์-นางรอง ต.กระสัง อ.เมืองบุรีรัมย์ จ.บุรีรัมย์ 31000,31000
T091B0301002G262,ธนาคารออมสิน,สาขาโรบินสัน สุรินทร์(G1)   ห้องเลขที่ 212/2 ชั้น 2 ศูนย์การค้าโรบินสัน สุรินทร์ เลขที่ 338 หมู่ที่ 16 ต.สลักได อ.เมืองสุรินทร์ จ.สุรินทร์ 32000,32000
T091B030B944G262,ธนาคารออมสิน,สาขาลืออำนาจ(G1)  107 หมู่ที่ 2 ต.อำนาจ อ.ลืออำนาจ จ.อำนาจเจริญ 37000,37000
T077B030BE34G262,ธนาคารออมสิน,ที่ว่าการอำเภอน้ำขุ่น ม. 9 ถ.เดช-น้ำยืน ต.ตาเกา อ.น้ำขุ่น จ.อุบลราชธานี,34260
T091B030B457G262,ธนาคารออมสิน,สาขาหนองบัวแดง(G1)     304/2 ถ.พาณิชย์จำรูญ ต.หนองบัวแดง อ.หนองบัวแดง จ.ชัยภูมิ 36210,36210
T091B030B954G262,ธนาคารออมสิน,สาขาตลาดพุเตย(G1)  199-199/2 หมู่ที่ 3 ต.พุเตย อ.วิเชียรบุรี จ.เพชรบูรณ์ 67180,67180
T091B030B993G262,ธนาคารออมสิน,สาขาเสริมไทยคอมเพล็กซ์(G1)  ห้างสรรพสินค้าเสริมไทยคอมเพล็กซ์ ชั้น 1 เลขที่ 76/1-7 ถ.นครสวรรค์ ต.ตลาด อ.เมืองมหาสารคาม จ.มหาสารคาม 44000,44000
T050B030BE41G262,ธนาคารออมสิน,ร้านญาดาพานิชย์ มินิมาร์ท     43 ม. 12 ต.หายโศก อ.บ้านผือ จ.อุดรธานี 41160,41160
T091B030B975G262,ธนาคารออมสิน,สาขาวัดเพลง(G1) 129/14 ตลาดลุงเพิ่ม หมู่ที่ 5 ต.วัดเพลง อ.วัดเพลง จ.ราชบุรี 70170,70170
T039B030BE45G262,ธนาคารออมสิน,สถานีบริการน้ำมันไทยเพิ่มพูล เหนือเมือง    210 ม.23 ถ.ร้อยเอ็ด-โพนทอง ต.เหนือเมือง อ.เมือง จ.ร้อยเอ็ด 45000,45000
T091B030B995G262,ธนาคารออมสิน,สาขาบิ๊กซี กระบี่(G1)  ตั้งอยู่ชั้น 1 ห้องเลขที่ GCR102/2 ศูนย์การค้าบิ๊กซี กระบี่ เลขที่ 349 หมู่ที่ 11 ถ.เพชรเกษม ต.กระบี่น้อย อ.เมืองกระบี่ จ.กระบี่ 81000,81000
T091B030B323G262,ธนาคารออมสิน,สาขาเวียงสระ(G1)  209 หมู่ที่ 4 ต.บ้านส้อง อ.เวียงสระ จ.สุราษฎร์ธานี 84190,84190
T091B030B902G262,ธนาคารออมสิน,สาขาละไม(G1)  108/10 หมู่ที่ 6 ต.มะเร็ต อ.เกาะสมุย จ.สุราษฎร์ธานี 84310,84310
T091B030B319G262,ธนาคารออมสิน,สาขาเกาะสมุย(G1)   12/1 หมู่ที่ 3 ถ.ทวีราษฎร์ภักดี ต.อ่างทอง อ.เกาะสมุย จ.สุราษฎร์ธานี 84140,84140
T005B030BE76G262,ธนาคารออมสิน,บ้านคุณเช้า โพธิ์ทอง 44 ม.6 ต.ท่าไม้รวก อ.ท่ายาง จ.เพชรบุรี 76130,76130
T091B030B812G262,ธนาคารออมสิน,สาขาแก่งกระจาน(G1) 444/5 หมู่ที่ 1 ต.แก่งกระจาน อ.แก่งกระจาน จ.เพชรบุรี 76170,76170
T092B030B812G262,ธนาคารออมสิน,สาขาแก่งกระจาน(G2)  444/5 หมู่ที่ 1 ต.แก่งกระจาน อ.แก่งกระจาน จ.เพชรบุรี 76170,76170
T088B030BE10G262,ธนาคารออมสิน,ตลาดคลองเตย (ตลาด 4)     25 ถนนพระราม 4 แขวงคลองเตย เขตคลองเตย กรุงเทพฯ 10110,10110
T091B030B931G262,ธนาคารออมสิน,สาขาเกทเวย์ เอกมัย(G1)  ห้องเลขที่ 3127 ชั้น 3 ศูนย์การค้าเกทเวย์ เอกมัย  เลขที่ 982/22 ถ.สุขุมวิท แขวงพระโขนง เขตคลองเตย กรุงเทพฯ  10110,10110
T091B030B048G262,ธนาคารออมสิน,สาขาพระโขนง(G1) 1176 ถ.สุขุมวิท 48 แขวงพระโขนง เขตคลองเตย กรุงเทพฯ 10110,10110
T091B030B189G262,ธนาคารออมสิน,สาขาลำนารายณ์(G1)  23 หมู่ที่ 5 ถ.สุรนารายณ์ ต.ลำนารายณ์ อ.ชัยบาดาล จ.ลพบุรี 15130,15130
T481B030BE10G262,ธนาคารออมสิน,เทสโก้ โลตัส เอ็กซ์เพรส สาขาซอยเสือใหญ่อุทิศ    15/124 ซอยเสือใหญ่อุทิศ แขวงจันทรเกษม  เขตจตุจักร กรุงเทพฯ  10900,10900
T091B030B759G262,ธนาคารออมสิน,สาขาเคียนซา(G1) 76/3 หมู่ที่ 2 ต.เคียนซา อ.เคียนซา จ.สุราษฎร์ธานี 84260,84260
T091B030B321G262,ธนาคารออมสิน,สาขากาญจนดิษฐ์(G1)   102/2 หมู่ 1 ถ.หน้าอำเภอ ต.กะแดะ อ.กาญจนดิษฐ์ จ.สุราษฎร์ธานี 84160,84160
T028B030BE84G262,ธนาคารออมสิน,โรงพยาบาลสุราษฎร์ธานี 56 หมู่2 ต.มะขามเตี้ย อ.เมือง จ.สุราษฎร์ธานี 84000,84000
T029B030BE84G262,ธนาคารออมสิน,7-Eleven สาขา มอ.สุราษฎร์ธานี (8450)    61/75  ต.มะขามเตี้ย อ.เมือง จ.สุราษฎร์ธานี 84000,84000
T002B030BE76G262,ธนาคารออมสิน,หอพักสตรีทวีทรัพย์ 42/3 ม.4 ต.โพไร่หวาน อ.เมือง จ.เพชรบุรี 76000,76000
T091B030B547G262,ธนาคารออมสิน,สาขาสะพานจอมเกล้า(G1)    1  ถ.พงษ์สุริยา ต.ท่าราบ อ.เมืองเพชรบุรี  จ.เพชรบุรี 76000,76000
T091B030B450G262,ธนาคารออมสิน,สาขาสมเด็จเจ้าพระยา(G1)     291-293 ถ.สมเด็จเจ้าพระยา แขวงคลองสาน เขตคลองสาน กรุงเทพฯ 10600,10600
T091B030B991G262,ธนาคารออมสิน,สาขาสนามชัยเขต(G1) 7/5-/6 หมู่ที่ 4 ต.คู้ยายหมี อ.สนามชัยเขต จ.ฉะเชิงเทรา 24160,24160
T091B030B524G262,ธนาคารออมสิน,ถนนมหาจักรพรรดิ์ 106/3 ถ.มหาจักรพรรดิ์ ต.หน้าเมือง  อ.เมืองฉะเชิงเทรา จ.ฉะเชิงเทรา 24000,24000
T091B030B316G262,ธนาคารออมสิน,สาขาไชยา(G1)   465 ถ.รักษ์นรกิจ ต.ตลาดไชยา อ.ไชยา จ.สุราษฎร์ธานี 84110,84110
T037B030BE71G262,ธนาคารออมสิน,บริเวณหน้าโรงเรียนมัธยมบ้านเก่า       116/1 หมู่ที่ 1 ต.บ้านเก่า อ.เมือง จ.กาญจนบุรี 71000,71000
T091B030B078G262,ธนาคารออมสิน,สาขากาญจนบุรี(G1)   210 ชั้น 2 ถ.แสงชูโต  ต.บ้านเหนือ อ.เมืองกาญจนบุรี  จ.กาญจนบุรี 71000,71000
T091B030B788G262,ธนาคารออมสิน,สาขาบัวทองสแควร์(G1) ชั้น 1 ห้องเลขที่ 5/62-63 และชั้น 2 ห้องเลขที่ 5/76 หมู่ที่ 1 โครงการบัวทองสแควร์ ถ.บางกรวย-ไทรน้อย ต.บางบัวทอง อ.บางบัวทอง จ.นนทบุรี 11110,11110
T091B030B146G262,ธนาคารออมสิน,สาขาหัวหิน(G1)  21/2 ถ.ดำเนินเกษม ต.หัวหิน อ.หัวหิน จ.ประจวบคีรีขันธ์ 77110,77110
T024B030BE75G262,ธนาคารออมสิน,7-Eleven  สาขาปตท. แม่กลอง-อัมพวา (10573)      159/5 ต.แม่กลอง อ.เมือง จ.สมุทรสงคราม 75000,75000
T092B030B036G262,ธนาคารออมสิน,สาขาสมุทรสงคราม(G2)  330/38 ถ.ไกรชนะ ต.แม่กลอง อ.เมืองสมุทรสงคราม จ.สมุทรสงคราม 75000,75000
T091B030B552G262,ธนาคารออมสิน,สาขาเพชรสมุทร(G1)      592  ถ.เพชรสมุทร ต.แม่กลอง อ.เมืองสมุทรสงคราม จ.สมุทรสงคราม 75000,75000
T091B030B128G262,ธนาคารออมสิน,สาขาบางคนที(G1)   44/2 หมู่ที่ 6 ต.กระดังงา อ.บางคนที จ.สมุทรสงคราม 75120,75120
T092B030B701G262,ธนาคารออมสิน,สาขาศรีสุริยวงศ์(G2)   143/15-16 ถ.ศรีสุริยวงศ์ ต.หน้าเมือง อ.เมืองราชบุรี  จ.ราชบุรี 70000,70000
T092B030B833G262,ธนาคารออมสิน,สาขาบ้านนาเดิม(G2)  92/17-18 หมู่ที่ 2 ต.บ้านนา อ.บ้านนาเดิม จ.สุราษฎร์ธานี 84240,84240
T092B030B105G262,ธนาคารออมสิน,สาขากระบี่(G2) 27 ถ.อุตรกิจ ต.ปากน้ำ อ.เมืองกระบี่ จ.กระบี่ 81000,81000
T091B030B182G262,ธนาคารออมสิน,สาขาหนองมน(G1)  55 ถ.สุขุมวิท ต.แสนสุข อ.เมืองชลบุรี จ.ชลบุรี 20130,20130
T021B030BE25G262,ธนาคารออมสิน,ร้านแสงสว่างเภสัช 239-243  ถ.ปราจีนธานี   ต.หน้าเมือง  อ.เมือง  จ.ปราจีนบุรี 25000,25000
T091B030B134G262,ธนาคารออมสิน,สาขาโพธาราม(G1)  105  ถ.โพธาราม ต.โพธาราม อ.โพธาราม จ.ราชบุรี 70120,70120
T092B030B134G262,ธนาคารออมสิน,สาขาโพธาราม(G2)  105  ถ.โพธาราม ต.โพธาราม อ.โพธาราม จ.ราชบุรี 70120,70120
T092B030B829G262,ธนาคารออมสิน,สาขาบางทราย(G2)  137 หมู่ที่ 3 ต.บางทราย อ.เมืองชลบุรี จ.ชลบุรี 20000,20000
T091B030B864G262,ธนาคารออมสิน,สาขาตลาดผาสุก(G1) 160/179-180 ต.บ้านเหนือ อ.เมืองกาญจนบุรี จ.กาญจนบุรี 71000,71000
T091B030B929G262,ธนาคารออมสิน,สาขาวิภาวดี(G1)  40/34 หมู่ที่ 4 ต.ตะกุกเหนือ อ.วิภาวดี จ.สุราษฎร์ธานี 84180,84180
T091B030B943G262,ธนาคารออมสิน,สาขาชัยบุรี(G1)  7/22-23 หมู่ที่ 3 ต.สองแพรก อ.ชัยบุรี จ.สุราษฎร์ธานี 84350,84350
T092B030B864G262,ธนาคารออมสิน,สาขาตลาดผาสุก(G2)  160/179-180 ต.บ้านเหนือ อ.เมืองกาญจนบุรี จ.กาญจนบุรี 71000,71000
T092B0301000G262,ธนาคารออมสิน,"สาขาเซ็นทรัล บางนา(G2) ห้องเลขที่ 426 ชั้น 4 ศูนย์การค้าเซ็นทรัลพลาซา บางนา เลขที่ 587,589 ถ.เทพรัตน์ แขวงบางนาเหนือ เขตบางนา กรุงเทพฯ 10260",10260
T091B030B318G262,ธนาคารออมสิน,สาขาพุนพิน(G1)  103 ถ.ธราธิบดี ต.ท่าข้าม อ.พุนพิน จ.สุราษฎร์ธานี 84130,84130
T091B0301000G262,ธนาคารออมสิน,"สาขาเซ็นทรัล บางนา(G1)ห้องเลขที่ 426 ชั้น 4 ศูนย์การค้าเซ็นทรัลพลาซา บางนา เลขที่ 587,589 ถ.เทพรัตน์ แขวงบางนาเหนือ เขตบางนา กรุงเทพฯ 10260",10260
T091B030B865G262,ธนาคารออมสิน,สาขาบิ๊กซี บ้านโป่ง(G1)  ชั้น 1 ห้องเลขที่ GCR 102-103 ศูนย์การค้าบิ๊กซี ซูเปอร์เซ็นเตอร์ สาขาบ้านโป่ง  เลขที่ 58 หมู่ที่ 5 ต.หนองอ้อ อ.บ้านโป่ง จ.ราชบุรี 70110,70110
T092B030B865G262,ธนาคารออมสิน,สาขาบิ๊กซี บ้านโป่ง(G2)  ชั้น 1 ห้องเลขที่ GCR 102-103 ศูนย์การค้าบิ๊กซี ซูเปอร์เซ็นเตอร์ สาขาบ้านโป่ง  เลขที่ 58 หมู่ที่ 5 ต.หนองอ้อ อ.บ้านโป่ง จ.ราชบุรี 70110,70110
T024B030BE70G262,ธนาคารออมสิน,7-Eleven  สาขาเบิกไพร(7770)        ต. เบิกไพร อ.บ้านโป่ง ราชบุรี 70110,70110
T091B030B843G262,ธนาคารออมสิน,สาขาศูนย์การค้าไทยสมบูรณ์ทุ่งสง(G1)  ชั้น 2 ศูนย์การค้าไทยสมบูรณ์ทุ่งสง  เลขที่ 303/2 ถ.ทุ่งสง-สุราษฎร์ ต.ปากแพรก อ.ทุ่งสง จ.นครศรีธรรมราช 80110,80110
T092B030B843G262,ธนาคารออมสิน,สาขาศูนย์การค้าไทยสมบูรณ์ทุ่งสง(G2)  ชั้น 2 ศูนย์การค้าไทยสมบูรณ์ทุ่งสง  เลขที่ 303/2 ถ.ทุ่งสง-สุราษฎร์ ต.ปากแพรก อ.ทุ่งสง จ.นครศรีธรรมราช 80110,80110
T091B030B412G262,ธนาคารออมสิน,สาขาศรีภูวนารถ(G1) 54-54/1 ถ.ศรีภูวนารถ ต.หาดใหญ่ อ.หาดใหญ่ จ.สงขลา 90110,90110
T092B030B412G262,ธนาคารออมสิน,สาขาศรีภูวนารถ(G2) 54-54/1 ถ.ศรีภูวนารถ ต.หาดใหญ่ อ.หาดใหญ่ จ.สงขลา 90110,90110
T092B030B636G262,ธนาคารออมสิน,สาขาโพธิสัมพันธ์(G2) 285/200-202 หมู่ที่ 5 ซ.นาเกลือ 16 ถ.พัทยา-นาเกลือ ต.นาเกลือ อ.บางละมุง จ.ชลบุรี 20150,20150
T091B030B112G262,ธนาคารออมสิน,สาขาสัตหีบ(G1) 359 หมู่ที่ 1 ถ.เทศบาล 7 ต.สัตหีบ อ.สัตหีบ จ.ชลบุรี 20180,20180
T092B030B873G262,ธนาคารออมสิน,สาขาทียูโดม รังสิต(G2) ทียูโดม พลาซ่า ห้องเลขที่ B1-20 และ B1-21 พื้นที่โซน B ชั้น 1 เลขที่ 98/16 หมู่ที่ 18 ถ.เชียงราก ต.คลองหนึ่ง อ.คลองหลวง จ.ปทุมธานี 12120,12120
T091B030B783G262,ธนาคารออมสิน,สาขาเดอะพาซิโอ ทาวน์(G1) ชั้น 2 ห้องเลขที่ F-204 ศูนย์การค้าเดอะพาซิโอ ทาวน์ เลขที่ 7/2-7 ถ.รามคำแหง แขวงสะพานสูง เขตสะพานสูง กรุงเทพฯ 10240,10240
T092B030B707G262,ธนาคารออมสิน,สาขามีโชคพลาซ่า(G2) ห้อง F1 TS1-F1 TS2 ชั้น 1 โครงการมีโชคพลาซ่า เลขที่ 206 หมู่ที่ 6 ถ.เชียงใหม่-พร้าว ต.ฟ้าฮ่าม อ.เมืองเชียงใหม่ จ.เชียงใหม่ 50000,50000
T091B030B277G262,ธนาคารออมสิน,สาขาน้ำพอง(G1) 309-312 ถ.แก้วพรรณา ต.หนองกุง อ.น้ำพอง จ.ขอนแก่น 40140,40140
T091B0301003G262,ธนาคารออมสิน,สาขาเวียงแหง(G1) 123 หมู่ที่ 3 ถ.เมืองงาย-เปียงหลวง ต.เมืองแหง อ.เวียงแหง จ.เชียงใหม่ 50350,50350
T091B030B027G262,ธนาคารออมสิน,สาขาแพร่(G1) 76 ถ.เจริญเมือง ต.ในเวียง อ.เมืองแพร่ จ.แพร่ 54000,54000
T091B030B230G262,ธนาคารออมสิน,สาขาสบตุ๋ย เครื่องที่ 2(G1) 71 ถ.ประสานไมตรี ต.สบตุ๋ย อ.เมืองลำปาง จ.ลำปาง 52100,52100
T092B030B260G262,ธนาคารออมสิน,สาขาเขื่องใน(G2) 661 หมู่ที่ 4 ถ.แจ้งสนิท ต.เขื่องใน อ.เขื่องใน จ.อุบลราชธานี 34150,34150
T091B030B258G262,ธนาคารออมสิน,สาขาวารินชำราบ(G1) 140 ถ.สถิตย์นิมานกาล ต.วารินชำราบ อ.วารินชำราบ จ.อุบลราชธานี 34190,34190
T091B030B661G262,ธนาคารออมสิน,สาขาศรีเมืองใหม่(G1) 133 หมู่ที่ 2 ต.นาคำ อ.ศรีเมืองใหม่ จ.อุบลราชธานี 34250,34250
T004B030BE33G262,ธนาคารออมสิน,ห้างสรรพสินค้าเทสโก้โลตัส กันทรลักษณ์  229 หมู่ 3 ต.หนองหญ้าลาด อ.กันทรลักษณ์ จ.ศรีสะเกษ 33110,33110
T060B030BE30G262,ธนาคารออมสิน,ร้านขายของชำเลขที่ 249/3  249/3 ม.2 ต.ด่านเกวียน อ.โชคชัย จ.นครราชสีมา 30190,30190
T091B030B568G262,ธนาคารออมสิน,สาขาพบพระ(G1) 99/5 หมู่ที่ 15 บ้านดอนเจดีย์ ต.ช่องแคบ อ.พบพระ จ.ตาก 63160,63160
T091B0301004G262,ธนาคารออมสิน,"สาขาบ้านเขว้า(G1) 147, 147/1 ถ.เทพนิมิตร ต.บ้านเขว้า อ.บ้านเขว้า จ.ชัยภูมิ 36170",36170
T091B030B581G262,ธนาคารออมสิน,สาขาติวานนท์(G1) 145 ถ.ติวานนท์ ต.ท่าทราย อ.เมืองนนทบุรี จ.นนทบุรี 11000,11000
T091B030B362G262,ธนาคารออมสิน,สาขาปากเกร็ด(G1) 100/19-21 ถ.แจ้งวัฒนะ ต.ปากเกร็ด อ.ปากเกร็ด จ.นนทบุรี 11120,11120
T091B030B866G262,ธนาคารออมสิน,สาขาโฮมโปร นครปฐม(G1) ชั้น 1 อาคาร A ห้องเลขที่ RT-3 ศูนย์การค้าโฮมโปร นครปฐม ถ.เพชรเกษม ต.ห้วยจระเข้ อ.เมืองนครปฐม จ.นครปฐม 73000,73000
T092B030B668G262,ธนาคารออมสิน,"สาขาหมู่บ้านเมืองเอก(G2) 51/085-1, 51/085-2, 51/085-3 หมู่บ้านเมืองเอก ต.หลักหก อ.เมืองปทุมธานี จ.ปทุมธานี 12000",12000
T091B030B630G262,ธนาคารออมสิน,"สาขาศาลายา(G1) 26/24, 26/25 หมู่ที่ 5 ถ.ศาลายา-นครชัยศรี ต.ศาลายา อ.พุทธมณฑล จ.นครปฐม 73170",73170
T092B030B562G262,ธนาคารออมสิน,สาขาฮอด(G2) 479 หมู่ที่ 9 ต.หางดง อ.ฮอด จ.เชียงใหม่ 50240,50240
T008B030BE81G262,ธนาคารออมสิน,ตลาดสดมหาราช เทศบาลเมืองกระบี่ เทศบาลเมืองกระบี่ ถ.มหาราช ต.ปากน้ำ อ.เมือง จ.กระบี่ 81000,81000
T008B030BE14G262,ธนาคารออมสิน,วัดสะตือ 140 ม.6 ต.ท่าหลวง อ.ท่าเรือ อยุธยา,18270
T091B030B174G262,ธนาคารออมสิน,สาขาอรัญประเทศ(G1) 56 ถ.ราษฎร์อุทิศ ต.อรัญประเทศ อ.อรัญประเทศ จ.สระแก้ว 27120,27120
T092B030B663G262,ธนาคารออมสิน,สาขาตลาดโรงเกลือ(G2) 555/29 และ 555/31 หมู่ที่ 7 ต.ป่าไร่ อ.อรัญประเทศ จ.สระแก้ว 27120,27120
T091B030B791G262,ธนาคารออมสิน,สาขาพระสมุทรเจดีย์(G1) 9/7 หมู่ที่ 3 ต.ปากคลองบางปลากด อ.พระสมุทรเจดีย์ จ.สมุทรปราการ 10290,10290
T091B030B621G262,ธนาคารออมสิน,สาขาดอนหัวฬ่อ(G1) 117/5 หมู่ที่ 5 ต.ดอนหัวฬ่อ อ.เมืองชลบุรี จ.ชลบุรี 20000,20000
T092B030B732G262,ธนาคารออมสิน,สาขาบิ๊กซี พัทยาใต้(G2) ชั้น 1 ห้างสรรพสินค้าบิ๊กซี พัทยาใต้ ห้องเลขที่ GCR122 เลขที่ 565/41 หมู่ที่ 10 ต.หนองปรือ อ.บางละมุง จ.ชลบุรี 20150,20150
T091B030B852G262,ธนาคารออมสิน,"สาขาแยกพิชัย(G1) 316, 318, 320 ถ.อำนวยสงคราม แขวงถ.นครไชยศรี เขตดุสิต กรุงเทพฯ 10300",10300
T092B030B797G262,ธนาคารออมสิน,สาขาสุพรีม คอมเพล็กซ์ สามเสน(G2) ชั้น L1 ห้องเลขที่ L1-L3 ศูนย์การค้าสุพรีม คอมเพล็กซ์ สามเสน เลขที่ 1024 ถ.สามเสน แขวงถนนนครไชยศรี เขตดุสิต กรุงเทพฯ 10300,10300
T091B030B292G262,ธนาคารออมสิน,สาขาท่าบ่อ(G1) 382 หมู่ที่ 3  ถ.สันติสุข ต.ท่าบ่อ อ.ท่าบ่อ จ.หนองคาย 43110,43110
T091B030B916G262,ธนาคารออมสิน,สาขาเซ็นทรัล พระราม 2(G1) ห้องเลขที่ 326 ชั้น 3 ศูนย์การค้าเซ็นทรัลพลาซา พระราม 2 เลขที่ 160 ถ.พระราม 2 แขวงแสมดำ เขตบางขุนเทียน กรุงเทพฯ 10150,10150
T092B030B916G262,ธนาคารออมสิน,สาขาเซ็นทรัล พระราม 2(G2) ห้องเลขที่ 326 ชั้น 3 ศูนย์การค้าเซ็นทรัลพลาซา พระราม 2 เลขที่ 160 ถ.พระราม 2 แขวงแสมดำ เขตบางขุนเทียน กรุงเทพฯ 10150,10150
T091B030B021G262,ธนาคารออมสิน,สาขาตรัง(G1) 121 ถ.พระราม 6 ต.ทับเที่ยง อ.เมืองตรัง จ.ตรัง 92000,92000
T055B030BE90G262,ธนาคารออมสิน,ร้านขายยาม่วงงามเภสัช 71/2 หมู่ 4 ถ.สงขลา-ระโนด ต.ม่วงงาม อ.สิงหนคร จ.สงขลา 90280,90280
T091B030B722G262,ธนาคารออมสิน,"สาขาบ้านไทย-จังโหลน(G1) 999/9,11 หมู่ที่ 7 ถ.กาญจนวนิช  ต.สำนักขาม อ.สะเดา จ.สงขลา 90320",90320
T092B030B722G262,ธนาคารออมสิน,"สาขาบ้านไทย-จังโหลน(G2) 999/9,11 หมู่ที่ 7 ถ.กาญจนวนิช  ต.สำนักขาม อ.สะเดา จ.สงขลา 90320",90320
T092B030B551G262,ธนาคารออมสิน,สาขาสวนอุตสาหกรรมศรีราชา(G2) 664/25-27 หมู่ที่ 11 ถ.สุขาภิบาล 8 ต.หนองขาม อ.ศรีราชา จ.ชลบุรี 20230,20230
T091B030B117G262,ธนาคารออมสิน,สาขาเสนา(G1) 402 ถ.วิไลเสนา ต.เสนา  อ.เสนา จ.พระนครศรีอยุธยา 13110,13110
T004B030BE14G262,ธนาคารออมสิน,ห้างสรรพสินค้าเทสโก้ โลตัส สาขาเสนา ถ.อยุธยา-สุพรรณบุรี ต.บางนมโค อ.เสนา จ.พระนครศรีอยุธยา 13110 ,13110
T091B030B595G262,ธนาคารออมสิน,สาขาถนนกิ่งแก้ว-สุวรรณภูมิ(G1) 9/69 หมู่ที่ 6 ซอยกิ่งแก้ว 46/2 ถ.กิ่งแก้ว ต.ราชาเทวะ อ.บางพลี จ.สมุทรปราการ 10540,10540
T091B030B118G262,ธนาคารออมสิน,สาขาภาชี(G1) 154 หมู่ที่ 5 ต.ภาชี อ.ภาชี จ.พระนครศรีอยุธยา 13140,13140
T034B030BE86G262,ธนาคารออมสิน,สามแยกน้ำฉา  7/1  ม.5  ต.ครน  อ.สวี  จ.ชุมพร 86130,86130
T092B030B156G262,ธนาคารออมสิน,สาขานครหลวง(G2) 126/3 หมู่ที่ 1 ถ.นครหลวง-ภาชี ต.นครหลวง อ.นครหลวง จ.พระนครศรีอยุธยา 13260,13260
T091B0301046G262,ธนาคารออมสิน,สาขาฮาร์เบอร์ มอลล์ แหลมฉบัง(G1) ชั้น B ห้องเลขที่ BS13 ศูนย์การค้าฮาร์เบอร์ มอลล์ แหลมฉบัง เลขที่ 4/222 หมู่ที่ 10 ถ.สุขุมวิท ต.ทุ่งสุขลา อ.ศรีราชา จ.ชลบุรี 20230,20230
T091B030B846G262,ธนาคารออมสิน,สาขาวัชรพล(G1) 12/8-9 ซ.รามอินทรา 55/8 ถ.วัชรพล แขวงท่าแร้ง เขตบางเขน กรุงเทพฯ 10230,10230
T091B030B719G262,ธนาคารออมสิน,สาขาดอนตูม(G1) 33/1 หมู่ที่ 5 ต.สามง่าม อ.ดอนตูม จ.นครปฐม 73150,73150
T091B030B393G262,ธนาคารออมสิน,สาขาอ้อมใหญ่(G1) 11/4 หมู่ที่ 8 ถ.เพชรเกษม ต.อ้อมใหญ่ อ.สามพราน จ.นครปฐม 73160,73160
T091B0301026G262,ธนาคารออมสิน,สาขาถนนพระยาสัจจา(G1) 178/17 หมู่3 ถ. ต.เสม็ด อ.เมือง จ.ชลบุรี 20000,20000
T091B030B437G262,ธนาคารออมสิน,สาขาวรจักร(G1) 90-92 ถ.วรจักร แขวงบ้านบาตร เขตป้อมปราบศัตรูพ่าย กรุงเทพฯ 10100,10100
T091B030B151G262,ธนาคารออมสิน,สาขาท่ามะกา(G1) 1/22-23 ถ.แสงชูโต ต.ท่ามะกา อ.ท่ามะกา จ.กาญจนบุรี 71130,71130
T091B030B148G262,ธนาคารออมสิน,สาขาค่ายธนะรัชต์(G1) 125 หมู่ 3 ถ.ค่ายธนะรัขต์ ต.เขาน้อย อ.ปราณบุรี จ.ประจวบคีรีขันธ์ 77120,77120
T091B030B620G262,ธนาคารออมสิน,สาขาเนินพลับหวาน(G1) 13/234 หมู่ที่ 5 ต.หนองปรือ อ.บางละมุง จ.ชลบุรี 20150,20150
T092B030B648G262,ธนาคารออมสิน,สาขาพาราไดซ์ พาร์ค(G2) ศูนย์การค้าพาราไดซ์ พาร์ค ชั้น 2 61 ถ.ศรีนครินทร์ แขวงหนองบอน เขตประเวศ กรุงเทพฯ 10250,10250
T091B030B748G262,ธนาคารออมสิน,สาขาศูนย์ราชการเฉลิมพระเกียรติ แจ้งวัฒนะ อาคาร A(G1) 126-128 ถ.แจ้งวัฒนะ แขวงทุ่งสองห้อง เขตหลักสี่ กรุงเทพมหานคร 10210,10210
T091B030B140G262,ธนาคารออมสิน,สาขาเดิมบางนางบวช(G1) 350 หมู่ที่ 5 ต.เขาพระ อ.เดิมบางนางบวช จ.สุพรรณบุรี 72120,72120
T092B030B640G262,ธนาคารออมสิน,สาขาบ้านไร่(G2) 45/6-8 หมู่ที่ 1 ต.บ้านไร่ อ.บ้านไร่ จ.อุทัยธานี 61140,61140
T091B030B640G262,ธนาคารออมสิน,สาขาบ้านไร่(G1) 45/6-8 หมู่ที่ 1 ต.บ้านไร่ อ.บ้านไร่ จ.อุทัยธานี 61140,61140
T091B030B383G262,ธนาคารออมสิน,สาขาศูนย์ราชการเฉลิมพระเกียรติ แจ้งวัฒนะ อาคาร B(G1) 126-128 ชั้น BC1 อาคาร B ถ.แจ้งวัฒนะ แขวงทุ่งสองห้อง เขตหลักสี่ กรุงเทพฯ 10210,10210
T092B030B395G262,ธนาคารออมสิน,สาขานครชัยศรี(G2) 136/13-15 หมู่ที่ 1 ต.นครชัยศรี อ.นครชัยศรี จ.นครปฐม 73120,73120
T091B030B588G262,ธนาคารออมสิน,สาขาหนองหญ้าปล้อง(G1) 130 ม.4 ต.หนองหญ้าปล้อง อ.หนองหญ้าปล้อง จ.เพชรบุรี 76160,76160
T091B030B037G262,ธนาคารออมสิน,สาขาถนนเพชรบุรี (G1)  ชั้น2 1089/2-3 ถ.เพชรบุรีตัดใหม่ แขวงมักกะสัน เขตราชเทวี กรุงเทพฯ 10400,10400
T091B030B558G262,ธนาคารออมสิน,สาขาจักราช(G1) 299 หมู่ 1 ถ. เพชรมาตุคลา ต. จักราช อ. จักราช จ.นครราชสีมา 30230,30230
T091B030B757G262,ธนาคารออมสิน,สาขาท่าน้ำนนทบุรี(G1) 137 หมู่ที่ 4 ถ.ประชาราษฎร์ ต.สวนใหญ่ อ.เมืองนนทบุรี จ.นนทบุรี 11000,11000
T091B030B911G262,ธนาคารออมสิน,สาขาสัมมากร เพลส ราชพฤกษ์(G1) ศูนย์การค้าสัมมากร เพลส ราชพฤกษ์ เลขที่ 63/32 ต.อ้อมเกร็ด อ.ปากเกร็ด จ.นนทบุรี 11120,11120
T091B030B063G262,ธนาคารออมสิน,สาขาลาดพร้าว(G1) 593/5-6 ถ.ลาดพร้าว แขวงจอมพล เขตจตุจักร กรุงเทพฯ 10900,10900
T091B030B624G262,ธนาคารออมสิน,สาขาสัมมากร เพลส รังสิต คลอง 2(G1) 819/1-3 ถ.รังสิต-นครนายก ต.ประชาธิปัตย์ อ.ธัญบุรี จ.ปทุมธานี 12130,12130
T091B0301016G262,ธนาคารออมสิน,สาขาเซ็นทรัล ศาลายา(G1) ถ.บรมราชชนนี ต.บางเตย อ.สามพราน จ.นครปฐม 73210,73210
T091B030B213G262,ธนาคารออมสิน,สาขาวัดสิงห์(G1) 51 ถ.ภูวสุวรรณวิถี ต.วัดสิงห์ อ.วัดสิงห์ จ.ชัยนาท 17120,17120
T091B0301024G262,ธนาคารออมสิน,สาขาบิ๊กซี (วี - สแควร์)(G1) 320/11 ถ.สวรรค์วิถี ต.ปากน้ำโพ อ.เมือง จ.นครสวรรค์ 60000,60000
T091B030B483G262,ธนาคารออมสิน,สาขาสุไหงปาดี(G1) 258 ถ.จารุเสถียร ต.ปะลุรู อ.สุไหงปาดี จ.นราธิวาส 96140,96140
T091B030B354G262,ธนาคารออมสิน,สาขาเขาชัยสน(G1) 598 ถ.เขาชัยสน-จงเก ต.เขาชัยสน อ.เขาชัยสน จ.พัทลุง 93130,93130
T093B030B090G262,ธนาคารออมสิน,หน่วยให้บริการขุนยวม(G1) 481/1 หมู่1 ต.ขุนยวม อ.ขุนยวม จ.แม่ฮ่องสอน 58141,58141
T091B030B030G262,ธนาคารออมสิน,สาขามหาวิทยาลัยเชียงใหม่ เครื่องที่ 1(G1) 239 อาคารจอดรถ S1 ถ.ห้วยแก้ว ต.สุเทพ อ.เมืองเชียงใหม่ จ.เชียงใหม่ 50200,50200
T091B030B590G262,ธนาคารออมสิน,สาขาดอยเต่า(G1) 178/1 หมู่ที่ 3 ต.ท่าเดื่อ อ.ดอยเต่า จ.เชียงใหม่ 50260,50260
T091B030B283G262,ธนาคารออมสิน,สาขาวาปีปทุม(G1) 69 ถ.กฤษมานิต ต.หนองแสง อ.วาปีปทุม จ.มหาสารคาม 44120,44120
T091B030B305G262,ธนาคารออมสิน,สาขากุฉินารายณ์(G1) 342 หมู่ 13 ถ.สมเด็จ-มุกดาหาร ต.บัวขาว อ.กุฉินารายณ์ จ.กาฬสินธุ์ 46110,46110
T091B030B740G262,ธนาคารออมสิน,สาขาเซ็นทรัล พระราม 3(G1) ห้องเลขที่ 436 ชั้น 4 ศูนย์การค้าเซ็นทรัลพลาซา พระราม 3 เลขที่ 79 ถ.สาธุประดิษฐ์ แขวงช่องนนทรี เขตยานนาวา กรุงเทพฯ 10120,10120
T091B030B329G262,ธนาคารออมสิน,สาขาชะอวด(G1) 31 หมู่ 1 ถ.ประชาบำรุง ต.ชะอวด อ.ชะอวด จ.นครศรีธรรมราช 80180,80180
T091B030B330G262,ธนาคารออมสิน,สาขาเชียรใหญ่(G1) 56/1หมู่ที่3  ถ.เกียรติดำ ต.เชียรใหญ่ อ.เชียรใหญ่ จ.นครศรีธรรมราช 80190,80190
T091B030B532G262,ธนาคารออมสิน,สาขาควนเนียง(G1) 93 หมู่ที่ 2 ต. รัตภูมิ อ. ควนเนียง จ.สงขลา 90220,90220
T091B030B455G262,ธนาคารออมสิน,สาขาปาดังเบซาร์(G1) 139 ถ.ศิริมงคล ต.ปาดังเบซาร์ อ.สะเดา จ.สงขลา 90240,90240
T091B0301009G262,ธนาคารออมสิน,สาขาเม-ญ่า เชียงใหม่(G1) ห้องเลขที่ 325 ชั้น 3 โครงการเม-ญ่า ไลฟ์สไตล์ ช้อปปิ้ง เซ็นเตอร์ เชียงใหม่ เลขที่ 55 หมู่ที่ 5 ต.ช้างเผือก อ.เมืองเชียงใหม่ จ.เชียงใหม่ 50300,50300
T091B030B389G262,ธนาคารออมสิน,สาขารามคำแหง 2(G1) ภายในบริเวณมหาวิทยาลัยรามคำแหง 2 ถ.บางนา-ตราด กม. 8 แขวงดอกไม้ เขตประเวศ กรุงเทพฯ 10250,10250
T091B030B339G262,ธนาคารออมสิน,สาขาท้ายเหมือง(G1) 72 หมู่ที่ 4 ต.ท้ายเหมือง อ.ท้ายเหมือง จ.พังงา 82120,82120
T091B030B350G262,ธนาคารออมสิน,สาขาย่านตาขาว(G1) 1 ถ.ตรัง-ปะเหลียน ต.ย่านตาขาว อ.ย่านตาขาว จ.ตรัง 92140,92140
T091B0301056G262,ธนาคารออมสิน,สาขาสนามกีฬา ตรัง(G1) 74/19-20 ถ.รัษฎา ต.เที่ยง อ.เมือง จ.ตรัง 92000,92000
T092B030B756G262,ธนาคารออมสิน,สาขาบิ๊กซี หางดง(G2) ภายในศูนย์การค้าบิ๊กซีซูปเปอร์เซ็นเตอร์ บริเวณชั้น 1 ห้องเลขที่ GCR129/1 เลขที่ 433/4-5 หมู่ที่ 7 ต.แม่เหียะ อ.เมืองเชียงใหม่ จ.เชียงใหม่ 50100,50100
T040B030BE50G262,ธนาคารออมสิน,ห้างสรรพสินค้า Big C สาขาดอนจั่น 208 ม.3 ต.ท่าศาลา อ.เมือง จ.เชียงใหม่ 50000,50000
T091B030B422G262,ธนาคารออมสิน,สาขาสังขะ(G1) 213/1 หมู่ 1 ถ.อภิสาร ต.สังขะ อ.สังขะ จ.สุรินทร์ 32150,32150
T091B030B665G262,ธนาคารออมสิน,สาขาแยกหนองบัว(G1) 328/1-3 ถ.เทศบาล 1 ต.ในเมือง อ.เมืองสุรินทร์ จ.สุรินทร์ 31000,31000
T092B030B212G262,ธนาคารออมสิน,สาขามโนรมย์(G2) 45/1 หมู่ที่ 3 ถ.มโนรมย์-อุทัยธานี ต.คุ้งสำเภา อ.มโนรมย์ จ.ชัยนาท 17110,17110
T091B030B264G262,ธนาคารออมสิน,สาขาท่าตูม(G1) 237 หมู่ที่ 7 ถ.ปัทมานนท์ ต.ท่ามะตูม อ.ท่าตูม จ.สุรินทร์ 32120,32120
T091B030B028G262,ธนาคารออมสิน,สาขาลพบุรี(G1) 26/1 ถ.วิชาเยนทร์ ต.ท่าหิน อ.เมืองลพบุรี จ.ลพบุรี 15000,15000
T091B030B710G262,ธนาคารออมสิน,สาขาทวีกิจ(G1) 274 หมู่ที่ 8 ถ.บุรีรัมย์-นางรอง ต.อิสาณ อ.เมืองบุรีรัมย์ จ.บุรีรัมย์ 31000,31000
T092B030B710G262,ธนาคารออมสิน,สาขาทวีกิจ(G2) 274 หมู่ที่ 8 ถ.บุรีรัมย์-นางรอง ต.อิสาณ อ.เมืองบุรีรัมย์ จ.บุรีรัมย์ 31000,31000
T092B030B268G262,ธนาคารออมสิน,สาขานางรอง(G2)  371 ถ.โชคชัย-เดชอุดม ต.นางรอง อ.นางรอง จ.บุรีรัมย์ 31110,31110
T091B030B458G262,ธนาคารออมสิน,สาขากระสัง(G1) 192 หมู่ที ถ.สุขาภิบาล 1 ต.กระสัง อ.กระสัง จ.บุรีรัมย์ 31160,31160
T092B030B245G262,ธนาคารออมสิน,สาขาบัวใหญ่(G2) 153 ถ.วิเวศน์รัตน์ ต.บัวใหญ่ อ.บัวใหญ่ จ.นครราชสีมา 30120,30120
T091B030B249G262,ธนาคารออมสิน,สาขาสีคิ้ว(G1) 12/3 หมู่ที่ 2 ถ.เทศบาล 7 ต.สีคิ้ว อ.สีคิ้ว จ.นครราชสีมา 30140,30140
T091B030B167G262,ธนาคารออมสิน,สาขาโคกกระเทียม(G1) 75/1 หมู่ที่ 7 ถ.พหลโยธิน ต.เขาพระงาม อ. เมือง จ.ลพบุรี 15160,15160
T092B030B167G262,ธนาคารออมสิน,สาขาโคกกระเทียม(G2) 75/1 หมู่ที่ 7 ถ.พหลโยธิน ต.เขาพระงาม อ. เมือง จ.ลพบุรี 15160,15160
T091B030B469G262,ธนาคารออมสิน,สาขาเจริญนคร(G1) 1411 ถ.เจริญนคร แขวงบางลำภูล่าง เขตคลองสาน กรุงเทพฯ 10600,10600
T092B030B511G262,ธนาคารออมสิน,สาขาถนนจันทน์(G2) 226-228 ถ.จันทน์ แขวงทุ่งวัดดอน เขตสาทร กรุงเทพฯ 10120,10120
T092B030B070G262,ธนาคารออมสิน,สาขาเทเวศร์(G2) 250/7-9 ถ.สามเสน แขวงบางขุนพรหม เขตพระนคร กรุงเทพฯ 10200,10200
T091B030B035G262,ธนาคารออมสิน,สาขาสมุทรสาคร(G1) 927/16 ชั้น 2  ถ.เศรษฐกิจ 1 ต.มหาชัย อ.เมืองสมุทรสาคร จ.สมุทรสาคร 74000,74000
T092B030B035G262,ธนาคารออมสิน,สาขาสมุทรสาคร(G2) 927/16 ชั้น 2  ถ.เศรษฐกิจ 1 ต.มหาชัย อ.เมืองสมุทรสาคร จ.สมุทรสาคร 74000,74000
T091B030B703G262,ธนาคารออมสิน,สาขาเมืองสมุทร(G1) 369/1 ถ.สุขุมวิท ต.ปากน้ำ อ.เมืองสมุทรปราการ จ.สมุทรปราการ 10270,10270
T092B030B223G262,ธนาคารออมสิน,สาขาแม่ริม(G2) 114 หมู่ที่ 1 ถ.เชียงใหม่-ฝาง ต.ริมใต้ อ.แม่ริม จ.เชียงใหม่ 50180,50180
T091B030B986G262,ธนาคารออมสิน,สาขาแม่วาง(G1) 4/10-12 หมู่ที่ 5 ต.บ้านกาด อ.แม่วาง จ.เชียงใหม่ 50360,50360
T092B030B986G262,ธนาคารออมสิน,สาขาแม่วาง(G2) 4/10-12 หมู่ที่ 5 ต.บ้านกาด อ.แม่วาง จ.เชียงใหม่ 50360,50360
T091B030B856G262,ธนาคารออมสิน,สาขาแม่อาย(G1) 2 หมู่ที่ 7 ต.แม่อาย อ.แม่อาย จ.เชียงใหม่ 50280,50280
T021B030BE19G262,ธนาคารออมสิน,บริษัท สยามซานิทารีแวร์ อินดัสทรี่ส์(หนองแค) จำกัด  22 ม.1 ต.บัวลอย อ.หนองแค จ.สระบุรี 18230,18230
T016B030BE16G262,ธนาคารออมสิน,ห้างสรรพสินค้าเทสโก้ โลตัส สาขาสิงห์บุรี โซนการติดตั้งเครื่อง ATM ช.1   189 ม. 7 ต.บางงา อ.ท่าวุ้ง  จ.ลพบุรี 15150,15150
T020B030BE16G262,ธนาคารออมสิน,ร้าน Permpoom 24 หมู่ 4 ต.ซอนม่วง อ.บ้านหมี่ จ.ลพบุรี 15110,15110
T091B030B908G262,ธนาคารออมสิน,สาขาปตท.ประเวศ(G1) 953/4 สถานีบริการน้ำมัน ปตท. บริษัท เอสซีจี ประเวศ จำกัด เลขที่ 953 ถ.อ่อนนุช แขวงประเวศ เขตประเวศ กรุงเทพฯ 10250,10250
T092B030B452G262,ธนาคารออมสิน,สาขาจรัญสนิทวงศ์(G2) 180/13-15 ถนนจรัญสนิทวงศ์ แขวงบ้านช่องหล่อ เขตบางกอกน้อย กรุงเทพฯ 10700,10700
T092B030B240G262,ธนาคารออมสิน,สาขาแม่สาย(G2) 80 หมู่ที่ 1 ต.เวียงพางคำ อ.แม่สาย จ.เชียงราย 57130,57130
T091B030B841G262,ธนาคารออมสิน,สาขาเวียงเชียงรุ้ง(G1) 236 หมู่ที่ 12 ต.ทุ่งก่อ อ.เวียงเชียงรุ้ง จ.เชียงราย 57350,57350
T091B030B859G262,ธนาคารออมสิน,"สาขามหาวิทยาลัยพะเยา(G1) 211, 211/1 หมู่ที่ 16 ต.แม่กา อ.เมืองพะเยา จ.พะเยา 56000",56000
T091B030B462G262,ธนาคารออมสิน,สาขาปง(G1) 200 หมู่ 1 ถ.ขุนยม ต.นาปรัง อ.ปง จ.พะเยา 56140,56140
T091B030B575G262,ธนาคารออมสิน,สาขาด่านซ้าย(G1) 157 หมู่ 14 ถ.เลย-หล่มสัก ต.ด่านซ้าย อ.ด่านซ้าย จ.เลย 42120,42120
T091B030B415G262,ธนาคารออมสิน,สาขาปากชม(G1) 460 ม.1 ถ.ปากชม-ศรีเมืองใหม่ ต.ปากชม อ.ปากชม จ.เลย 42150,42150
T091B0301020G262,ธนาคารออมสิน,สาขาดอนมดแดง(G1) ที่ว่าการอำเภอดอนมดแดง หมู่ 12 ต.เหล่าแดง อ.ดอนมดแดง จ.อุบลราชธานี 34000,34000
T091B030B854G262,ธนาคารออมสิน,สาขาต้นซุง แอฟเวนิว(G1) บริเวณโซน A ห้องเลขที่ BK103 ชั้น 1 โครงการต้นซุง แอฟเวนิว เลขที่ 226/3 ถ.ประดิษฐ์มนูธรรม แขวงพลับพลา เขตวังทองหลาง กรุงเทพมหานคร 10310,10310
T091B0301015G262,ธนาคารออมสิน,สาขาสยามสแควร์ วัน(G1) 388 ถ.พระราม 1 แขวงปทุมวัน เขตปทุมวัน กรุงเทพมหานคร 10330,10330
T091B030B589G262,ธนาคารออมสิน,สาขาเมเจอร์ซีนีเพล็กซ์ รังสิต เครื่องที่ 1(G1) ภายในบริเวณเมเจอร์ซีนิเพล็กซ์ รังสิต 439 หมู่ที่ 2 ถ.พหลโยธิน ต.ประชาธิปัตย์ อ.ธัญบุรี จ.ปทุมธานี 12130,12130
T045B030BE57G262,ธนาคารออมสิน,เทศบาลตำบลจันจว้า 49 ม.2  ถ.แม่จัน-เชียงแสน ต.จันจว้า  อ.แม่จัน จ.เชียงราย 57270,57270
T036B030BE57G262,ธนาคารออมสิน,หน้าที่ทำการเทศบาลป่างิ้ว หน้าที่ทำการเทศบาลป่างิ้ว ม.1 ต.ป่างิ้ว อ.เวียงป่าเป้า จ.เชียงราย 57170,57170
T091B030B301G262,ธนาคารออมสิน,สาขาบ้านแพง(G1) 16 หมู่ที่ 4 ถ.เจริญยงค์ ต.บ้านแพง อ.บ้านแพง จ.นครพนม 48140,48140
T012B030BE48G262,ธนาคารออมสิน,ร้านเพาล์ซูเปอร์สโตร์ 208 ม.3 ต.พะซอง อ.นาแก จ.นครพนม,48130
T091B0301040G262,ธนาคารออมสิน,สาขากุดข้าวปุ้น(G1) 286 หมู่ 1 ต.ข้าวปุ้น อ.กุดข้าวปุ้น จ.อุบลราชธานี 34270,34270
T091B030B215G262,ธนาคารออมสิน,สาขาสรรคบุรี(G1) 4/13 หมู่ที่ 8 ถ.เจ้ายี่พระยา ต.แพรกศรีราชา อ.สรรคบุรี จ.ชัยนาท 17140,17140
T091B030B246G262,ธนาคารออมสิน,สาขาปักธงชัย(G1) 320/8-9 หมู่ที่ 2 ถ.สืบศิริ ต.เมืองปัก อ.ปักธงชัย จ.นครราชสีมา 30150,30150
T091B030B420G262,ธนาคารออมสิน,สาขานาน้อย(G1) 316 หมู่ที่ 1 ถ.เจ้าฟ้า ต.นาน้อย อ.นาน้อย จ.น่าน 55150,55150
T091B030B697G262,ธนาคารออมสิน,สาขาท่าปลา 141/16-18 หมู่ที่ 1 ถ.สายอุตรดิตถ์-เขื่อนสิริกิติ์ ต.ร่วมจิต อ.ท่าปลา จ.อุตรดิตถ์ 53190,53190
T091B030B962G262,ธนาคารออมสิน,"สาขาทองแสนขัน(G1) 154,154/1 หมู่ที่ 2 ต.บ่อทอง อ.ทองแสนขัน จ.อุตรดิตถ์ 53230",53230
T091B030B266G262,ธนาคารออมสิน,สาขากันทรลักษณ์(G1) 59 หมู่ที่ 8 ถ.สินประดิษฐ์ ต.น้ำอ้อม อ.กันทรลักษ์ จ.ศรีสะเกษ 33110,33110
T092B030B654G262,ธนาคารออมสิน,สาขาเทสโก้โลตัส นาดี อุดรธานี(G2) 118 หมู่ที่ 2 ถ.อุดร-หนองบัวลำภู ต.นาดี อ.เมืองอุดรธานี จ.อุดรธานี 41000,41000
T092B030B132G262,ธนาคารออมสิน,"ธนาคารออมสิน สาขาบางเลน(G2) 45/3 หมู่ที่ 8 ถ.พลดำริห์ ต.บางเลน อ.บางเลน จ.นครปฐม 73130 0-3439-1123, 0-3439-1047",73130
T091B030B683G262,ธนาคารออมสิน,สาขาท่าขอนยาง(G1) 337/1-2 หมู่ที่ 1 ต.ท่าขอนยาง อ.กันทรวิชัย จ.มหาสารคาม 44150,44150
T091B030B220G262,ธนาคารออมสิน,สาขาสารภี(G1) 21/1 หมู่ที่ 3 ต.ยางเนิ้ง อ.สารภี จ.เชียงใหม่ 50140,50140
T092B030B218G262,ธนาคารออมสิน,สาขาสันป่าตอง(G2) 515 หมู่ที่ 10 ต.ยุหว่า อ.สันป่าตอง จ.เชียงใหม่ 50120,50120
T091B030B506G262,ธนาคารออมสิน,สาขาเชียงดาว(G1) 399 หมู่ที่ 7 ต.เชียงดาว อ.เชียงดาว จ.เชียงใหม่ 50170,50170
T091B030B306G262,ธนาคารออมสิน,สาขากุมภวาปี(G1) 93 หมู่ที่ 9 ถ.ศุภอรรถวินิจ ต.กุมภวาปี อ.กุมภวาปี จ.อุดรธานี 41110,41110
T006B030BE39G262,ธนาคารออมสิน,ร้านสิทธิโชค หน้าตลาดสดณัฐพงษ์ 351/3 ม.13 ต.เมืองใหม่ อ.ศรีบุญเรือง จ.หนองบัวลำภู,39180
T091B030B090G262,ธนาคารออมสิน,สาขาแม่ฮ่องสอน(G1) 28 ถ.ประดิษฐ์จองคำ ต.จองคำ อ.เมืองแม่ฮ่องสอน จ.แม่ฮ่องสอน 58000,58000
T091B030B242G262,ธนาคารออมสิน,สาขาแม่สะเรียง(G1) 164 หมู่ที่ 2 ถ.เวียงใหม่ ต.แม่สะเรียง อ.แม่สะเรียง จ.แม่ฮ่องสอน 58110,58110
T091B030B062G262,ธนาคารออมสิน,สาขาหนองคาย(G1) 736-738  ถ.มีชัย ต.ในเมือง อ.เมืองหนองคาย จ.หนองคาย 43000,43000
T092B030B798G262,ธนาคารออมสิน,สาขานาเชือก(G2) 65/18 ถ.นาเชือก-นาดูน ต.นาเชือก อ.นาเชือก จ.มหาสารคาม 44170,44170
T092B030B784G262,ธนาคารออมสิน,สาขาท่าคันโท(G2) 158 หมู่ที่ 1 ต.ท่าคันโท อ.ท่าคันโท จ.กาฬสินธุ์ 46190,46190
T092B0301039G262,ธนาคารออมสิน,ธนาคารออมสิน สาขาเดอะไนน์ พระราม 9(G2) 999/1-4 ถ.พระราม 9 แขวงสวนหลวง เขตสวนหลวง กรุงเทพมหานคร 10250 โทร. 0-27167882-3,10250
T092B030B585G262,ธนาคารออมสิน,"ธนาคารออมสิน สาขาแม่จริม(G2) 243หมู่ 4 ต.หนองแดง อ.แม่จริม จ.น่าน 55170 0-5476-9077,0-5476-9079",55170
T013B030BE62G262,ธนาคารออมสิน,บ้านเล็กเจริญ 88 ต.ปางมะค่า อ.ขาณุวรลักษบุรี จ.กำแพงเพชร,62140
T092B030B637G262,ธนาคารออมสิน,สาขาเดอะมอลล์ งามวงศ์วาน(G2) ห้องเลขที่ 528 ชั้น 5 ภายในศูนย์การค้าเดอะมอลล์ งามวงศ์วาน เลขที่ 30/39-50 ถ.งามวงศ์วาน ต.บางเขน อ.เมืองนนทบุรี จ.นนทบุรี 11000,11000
T091B030B503G262,ธนาคารออมสิน,สาขาถีนานนท์(G1) 20/47 ถ.ถีนานนท์ ต.กาฬสินธุ์ อ.เมืองกาฬสินธุ์  จ.กาฬสินธุ์ 46000,46000
T482B030BE10G262,ธนาคารออมสิน,วัดทุ่งเศรษฐี 144 ซ.ทุ่งเศรษฐี แยก 28-1 แขวงดอกไม้ เขตประเวศ กรุงเทพฯ 10263,10263
T092B0301068G262,ธนาคารออมสิน,ธนาคารออมสิน สาขาตลาดเจ้าพระยา(G2) เจ้าพระยาพลาซ่า ชั้น1 ห้อง1B 67/12 หมู่10 ถ.บางกรวย-ไทรน้อย ต.บางเลน อ.บางใหญ่ จ.นนทบุรี 02-1174113,10210
T027B030BE60G262,ธนาคารออมสิน,ตลาดโรงสี 65 ม.15 ถ.นครสวรรค์ - กำแพงเพชร ต.หนองกระโดน อ.เมือง จ.นครสวรรค์ 60240,60240
T055B030BE60G262,ธนาคารออมสิน,ร้านลูกแม่เจริญ 7/1 ม.4 ถ.พนมรอก คลองบอน พนมเศษ  ต.พนมรอก อ.ท่าตะโก จ.นครสวรรค์ 60160,60160
T017B030BE46G262,ธนาคารออมสิน,ห้างกาฬสินธุ์พลาซ่า อ.เมือง 4/14 ถ.ถีนานนท์ อ.เมือง จ.กาฬสินธุ์,46000
T091B030B906G262,ธนาคารออมสิน,สาขาบิ๊กซี สุโขทัย(G1) ห้องเลขที่ GCR149 ชั้น 1 ศูนย์การค้าบิ๊กซี ซูเปอร์เซ็นเตอร์ สาขาสุโขทัย เลขที่ 68 หมู่ที่ 2 ต.บ้านกล้วย อ.เมืองสุโขทัย จ.สุโขทัย 64000,64000
T091B030B200G262,ธนาคารออมสิน,สาขาทุ่งเสลี่ยม(G1) 187/3 หมู่ที่ 8 ถ.เข้าอำเภอ ต.ทุ่งเสลี่ยม อ.ทุ่งเสลี่ยม จ.สุโขทัย 64150,64150
T092B030B781G262,ธนาคารออมสิน,สาขาเชียงกลาง(G2) 73-73/1 หมู่ที่ 11 ต.เชียงกลาง อ.เชียงกลาง จ.น่าน 55160,55160
T092B030B854G262,ธนาคารออมสิน,สาขาต้นซุง แอฟเวนิว(G2) บริเวณโซน A ห้องเลขที่ BK103 ชั้น 1 โครงการต้นซุง แอฟเวนิว เลขที่ 226/3 ถ.ประดิษฐ์มนูธรรม แขวงพลับพลา เขตวังทองหลาง กรุงเทพมหานคร 10310,10310
T092B030B613G262,ธนาคารออมสิน,เครื่องอยู่โกดัง บริษัท กรีน คอนแทร็คท์ จำกัด  25/35 ม.3 ซ.เทพฤกษ์  ถ.เลียบคลองราษฎร์พัฒนา1 ต.คอกกระบือ อ.เมืองสมุทรสาคร จ.สมุทรสาคร 74000 ,74000
T091B030B608G262,ธนาคารออมสิน,สาขามหาชัย(G1) 822  ถ.สุคนธวิท ต.มหาชัย อ.เมืองสมุทรสาคร จ.สมุทรสาคร 74000,74000
T091B030B914G262,ธนาคารออมสิน,สาขาบิ๊กซี สำโรง 2(G1) ห้องเลขที่ 2CR214 ชั้น 2 ห้างบิ๊กซี สำโรง 2 เลขที่ 1293 หมู่ที่ 4 ถ.สุขุมวิท ต.เทพารักษ์ อ.เมืองสมุทรปราการ จ.สมุทรปราการ 10270,10270
T091B030B863G262,ธนาคารออมสิน,สาขาโรบินสัน ลพบุรี(G1) ชั้น 2 ห้องเลขที่ RLB-2F-RR-TBC ห้างสรรพสินค้าโรบินสัน เลขที่ 555/5 หมู่ที่ 4 ถ.พหลโยธิน ต.กกโก อ.เมืองลพบุรี จ.ลพบุรี 15000,15000
T091B030B772G262,ธนาคารออมสิน,สาขาบ่อสร้าง(G1) 276-276/1 หมู่ที่ 3 ต.ต้นเปา อ.สันกำแพง จ.เชียงใหม่ 50130,50130
T091B030B294G262,ธนาคารออมสิน,สาขาศรีเชียงใหม่(G1) 440 หมู่ที่ 1 ถ.ประชาอุทิศ ต.พรานพร้าว อ.ศรีเชียงใหม่ จ.หนองคาย 43130,43130
T091B030B816G262,ธนาคารออมสิน,สาขาสามแยกสันทราย(G1) 225/5-6 หมู่ที่ 2 ต.สันพระเนตร อ.สันทราย จ.เชียงใหม่ 50210,50210
T091B030B514G262,ธนาคารออมสิน,สาขาพงษ์เพชร(G1) 205/84-85 ถ.งามวงศ์วาน แขวงทุ่งสองห้อง เขตหลักสี่ กรุงเทพฯ 10210,10210
T091B030B002G262,ธนาคารออมสิน,สาขาสำนักราชดำเนิน(G1) 40 อาคาร ง. ถ.ราชดำเนินกลาง แขวงบวรนิเวศ เขตพระนคร กรุงเทพฯ 10200,10200
T092B030B002G262,ธนาคารออมสิน,สาขาสำนักราชดำเนิน(G2) 40 อาคาร ง. ถ.ราชดำเนินกลาง แขวงบวรนิเวศ เขตพระนคร กรุงเทพฯ 10200,10200
T092B0301041G262,ธนาคารออมสิน,"ธนาคารออมสิน สาขาเซ็นทรัล เวสท์เกต(G2) ชั้น 3 ห้องเลขที่ 340  ศูนย์การค้าเซ็นทรัล เวสท์เกต เลขที่ 199,199/1,199/2 ม. 6 ต.เสาธงหิน อ.บางใหญ่ จ.นนทบุรี 11140 โทร. 0-2194-2986-7",11140
T092B030B046G262,ธนาคารออมสิน,สาขาระยอง(G2) 3 ถ.ตากสินมหาราช ต.ท่าประดู่ อ.เมืองระยอง จ.ระยอง 21000,21000
T091B030B776G262,ธนาคารออมสิน,สาขาบิ๊กซี ตาก(G1) บริเวณชั้น 1 ห้องเลขที่ GCR 112 ห้างสรรพสินค้าบิ๊กซี ตาก เลขที่ 18/3 ถ.พหลโยธิน ต.ระแหง อ.เมืองตาก จ.ตาก 63000,63000
T092B030B776G262,ธนาคารออมสิน,สาขาบิ๊กซี ตาก(G2) บริเวณชั้น 1 ห้องเลขที่ GCR 112 ห้างสรรพสินค้าบิ๊กซี ตาก เลขที่ 18/3 ถ.พหลโยธิน ต.ระแหง อ.เมืองตาก จ.ตาก 63000,63000
T092B030B913G262,ธนาคารออมสิน,สาขาตลาดพาเจริญ(G2) 7/9 ถ.ชิดลม ต.แม่สอด อ.แม่สอด จ.ตาก 63110,63110
T092B030B770G262,ธนาคารออมสิน,สาขามหาวิทยาลัยขอนแก่น(G2) ห้องเลขที่ 1222-1225 ศูนย์อาหารและบริการ 2 (คอมเพล็กซ์) บริเวณชั้น 2 ภายในมหาวิทยาลัยขอนแก่น ต.ในเมือง อ.เมืองขอนแก่น จ.ขอนแก่น 40002,40002
T092B030B868G262,ธนาคารออมสิน,สาขาสีชมพู(G2) 202/15-16 หมู่ที่ 10 ถ.ชุมแพ-อุดรญานี ต.วังเพิ่ม อ.สีชมพู จ.ขอนแก่น 40220,40220
T449B030BE10G262,ธนาคารออมสิน,เทสโก้ โลตัส เอ็กซ์เพรส สาขาหมู่บ้านเครือวัลย์ ถนนสุวิทวงศ์ หนองจอก กรุงเทพฯ 10530,10530
T020B030BE43G262,ธนาคารออมสิน,ร้านค้าคำมิ่ง มินิมาร์ท 67 หมู่ 1 ต.โพนทอง อ.โพธิ์ตาก จ.หนองคาย,43130
T092B030B085G262,ธนาคารออมสิน,สาขากำแพงเพชร(G2) 30 ถ.เทศา 1 ต.ในเมือง อ.เมืองกำแพงเพชร จ.กำแพงเพชร 62000,62000
T091B030B801G262,ธนาคารออมสิน,สาขาหนองกุงศรี(G1) 201 หมู่ที่ 6 ต.หนองกุงศรี อ.หนองกุงศรี จ.กาฬสินธุ์ 46220,46220
T091B030B796G262,ธนาคารออมสิน,สาขาเขาวง(G1) 292 หมู่ที่ 18 ถ.เขาวง-นาคู ต.คุ้มเก่า อ.เขาวง จ.กาฬสินธุ์ 46160,46160
T091B030B845G262,ธนาคารออมสิน,สาขาสหัสขันธ์(G1) 21 หมู่ที่ 1 ต.โนนบุรี อ.สหัสขันธ์ จ.กาฬสินธุ์ 46140,46140
T342B030BE10G262,ธนาคารออมสิน,Tops Market สาขา Vanilla Moon 265 ถ.จันทน์ แขวงทุ่งวัดดอน เขตสาทร กรุงเทพฯ 10120,10120
T091B030B281G262,ธนาคารออมสิน,สาขาโกสุมพิสัย(G1) 136 ถ.ผดุงประชากร ต.หัวขวาง อ.โกสุมพิสัย จ.มหาสารคาม 44140,44140
T091B030B303G262,ธนาคารออมสิน,สาขาเชียงคาน(G1) 371/1 หมู่ที่ 1 ถ.มลิวรรณ ต.เชียงคาน อ.เชียงคาน จ.เลย 42110,42110
T092B030B099G262,ธนาคารออมสิน,สาขาเลย(G2) 119 ถ.เจริญรัฐ ต.กุดป่อง อ.เมืองเลย จ.เลย 42000,42000
T091B030B676G262,ธนาคารออมสิน,สาขาภูเรือ(G1) 474 หมู่ที่ 7 ต.หนองบัว อ.ภูเรือ จ.เลย 42160,42160
T092B030B651G262,ธนาคารออมสิน,สาขาภูกระดึง(G2) 41/5 หมู่ที่ 8 ต.ห้วยส้ม อ.ภูกระดึง จ.เลย 42180,42180
T092B030B295G262,ธนาคารออมสิน,สาขาบึงกาฬ(G2) 45 หมู่ที่ 1 ถ.บำรุงราษฎร์ ต.บึงกาฬ อ.เมืองบึงกาฬ จ.บึงกาฬ 38000,38000
T092B030B530G262,ธนาคารออมสิน,สาขาเรณูนคร(G2) 81 หมู่ที่ 2 ถ.ธาตุน้อย-นาเหนือ ต.โพนทอง อ.เรณูนคร จ.นครพนม 48170,48170
T092B030B768G262,ธนาคารออมสิน,สาขาโพนสวรรค์(G2) 575 หมู่ 12 ต.โพนสวรรค์ อ.โพนสวรรค์ จ.นครพนม 48190,48190
T091B030B410G262,ธนาคารออมสิน,สาขาคลองโพ(G1) 192 ถ.บรมอาสน์ ต.ท่าอิฐ อ.เมืองอุตรดิตถ์ จ.อุตรดิตถ์ 53000,53000
T092B030B634G262,ธนาคารออมสิน,สาขามุขศาลา(G2) 9 ถ.มุขศาลา ต.ท่าอิฐ อ.เมืองอุตรดิตถ์ จ.อุตรดิตถ์ 53000,53000
T092B030B233G262,ธนาคารออมสิน,สาขาลับแล(G2) 180 ถ.ศรีพนมมาศ ต.ศรีพนมมาศ อ.ลับแล จ.อุตรดิตถ์ 53130,53130
T092B030B825G262,ธนาคารออมสิน,สาขาหนองบัวระเหว(G2) 567/1-2 หมู่ที่ 6 ถ.จัตุรัส-หนองบัวระเหว ต.หนองบัวระเหว อ.หนองบัวระเหว จ.ชัยภูมิ 36250,36250
T091B030B705G262,ธนาคารออมสิน,สาขานาหว้า(G1) 191 หมู่ที่ 1 ถ.นาหว้า-ดอนเชียงบาน ต.นาหว้า อ.นาหว้า จ.นครพนม 48180,48180
T091B030B378G262,ธนาคารออมสิน,สาขาศรีสงคราม(G1) 403 หมู่ที่ 1 ถ.ศรีสงคราม-ท่าดอกแก้ว ต.ศรีสงคราม อ.ศรีสงคราม จ.นครพนม 48150,48150
T092B030B378G262,ธนาคารออมสิน,สาขาศรีสงคราม(G2) 403 หมู่ที่ 1 ถ.ศรีสงคราม-ท่าดอกแก้ว ต.ศรีสงคราม อ.ศรีสงคราม จ.นครพนม 48150,48150
T092B030B646G262,ธนาคารออมสิน,สาขาเทสโก้โลตัส เพชรบูรณ์(G2) ห้างสรรพสินค้า เทสโก้โลตัส เพชรบูรณ์ 929 หมู่ที่ 2 ต.สะเดียง อ.เมืองเพชรบูรณ์ จ.เพชรบูรณ์ 67000,67000
T091B030B792G262,ธนาคารออมสิน,สาขาบิ๊กซี หล่มสัก(G1) ศูนย์การค้าบิ๊กซี ซูเปอร์เซ็นเตอร์ สาขาหล่มสัก เลขที่ 70 ถ.สามัคคีชัย ต.หล่มสัก อ.หล่มสัก จ.เพชรบูรณ์ 67110,67110
T091B030B874G262,ธนาคารออมสิน,สาขาสี่แยกโรงพยาบาลร้อยเอ็ด(G1) 166-166/1-2 ถ.สุริยเดชบำรุง ต.ในเมือง อ.เมืองร้อยเอ็ด จ.ร้อยเอ็ด 45000,45000
T092B030B874G262,ธนาคารออมสิน,สาขาสี่แยกโรงพยาบาลร้อยเอ็ด(G2) 166-166/1-2 ถ.สุริยเดชบำรุง ต.ในเมือง อ.เมืองร้อยเอ็ด จ.ร้อยเอ็ด 45000,45000
T091B030B765G262,ธนาคารออมสิน,สาขาบ้านม่วง(G1) 5 หมู่ที่ 1 ถ.ราษฎร์พัฒนา ต.ม่วง อ.บ้านม่วง จ.สกลนคร 47140,47140
T092B030B765G262,ธนาคารออมสิน,สาขาบ้านม่วง(G2) 5 หมู่ที่ 1 ถ.ราษฎร์พัฒนา ต.ม่วง อ.บ้านม่วง จ.สกลนคร 47140,47140
T092B030B296G262,ธนาคารออมสิน,สาขาสว่างแดนดิน(G2) 374 หมู่ที่ 11 ถ.นิตโย ต.สว่างแดนดิน อ.สว่างแดนดิน จ.สกลนคร 47110,47110
T015B030BE47G262,ธนาคารออมสิน,7-Eleven สาขา ปตท.พังโคน2 (7114) 1/7 ม.8 ต.พังโคน อ.พังโคน จ.สกลนคร 47160,47160
T092B030B210G262,ธนาคารออมสิน,สาขาตะพานหิน(G2) 22-28 ถ.แดงทองดี ต.ตะพานหิน อ.ตะพานหิน จ.พิจิตร 66110,66110
T091B030B696G262,ธนาคารออมสิน,สาขาวัดโบสถ์(G1) 289-289/1 หมู่ 4 ถ.วัดโบสถ์-แควน้อย ต.วัดโบสถ์ อ.วัดโบสถ์ จ.พิษณุโลก 65160,65160
T091B030B573G262,ธนาคารออมสิน,สาขาชาติตระการ(G1) 116 หมู่ที่ 6 ถ.ศรีสงคราม ต.ป่าแดง อ.ชาติตระการ จ.พิษณุโลก 65170,65170
T091B030B735G262,ธนาคารออมสิน,สาขาโพธิ์ชัย(G1) 258 หมู่ที่ 2 ต.ขามเปี้ย อ.โพธิ์ชัย จ.ร้อยเอ็ด 45230,45230
T091B030B288G262,ธนาคารออมสิน,สาขาจตุรพักตรพิมาน(G1) 203 หมู่ที่ 1 ถ.ปัทมานนท์ ต.หัวช้าง อ.จตุรพักตรพิมาน จ.ร้อยเอ็ด 45180,45180
T091B030B261G262,ธนาคารออมสิน,สาขาเลิงนกทา(G1) 24 หมู่ที่ 1 ถ.ชยางกูร  ต.สามแยก อ.เลิงนกทา จ.ยโสธร 35120,35120
T091B030B257G262,ธนาคารออมสิน,สาขาอำนาจเจริญ(G1) 640 หมู่ที่ 19 ถ.เจริญผล ต.บุ่ง อ.เมืองอำนาจเจริญ จ.อำนาจเจริญ 37000,37000
T092B030B257G262,ธนาคารออมสิน,สาขาอำนาจเจริญ(G2) 640 หมู่ที่ 19 ถ.เจริญผล ต.บุ่ง อ.เมืองอำนาจเจริญ จ.อำนาจเจริญ 37000,37000
T091B030B024G262,ธนาคารออมสิน,สาขายะลา(G1) 435 ถ.สิโรรส-กรุงแสง ต.สะเตง อ.เมืองยะลา จ.ยะลา 95000,95000
T091B030B347G262,ธนาคารออมสิน,สาขาจะนะ(G1) 1 หมู่ที่ 2 ถ.ดำรงพัฒนา ต.บ้านนา อ.จะนะ จ.สงขลา 90130,90130
T092B030B933G262,ธนาคารออมสิน,สาขาสุริยะประดิษฐ์(G2) 153/4-5 ถ.สุริยะประดิษฐ์ ต.บางนาค อ.เมืองนราธิวาส จ.นราธิวาส 96000,96000
T091B030B104G262,ธนาคารออมสิน,สาขานราธิวาส(G1) 368 ถ.พิชิตบำรุง ต.บางนาค อ.เมืองนราธิวาส จ.นราธิวาส 96000,96000
T091B030B811G262,ธนาคารออมสิน,สาขาเซ็นทรัล พิษณุโลก(G1) ชั้น 3 ห้องเลขที่ 328-329 ห้างสรรพสินค้าเซ็นทรัลพลาซา พิษณุโลก เลขที่ 9/99 หมู่ที่ 5 ต.พลายชุมพล อ.เมืองพิษณุโลก จ.พิษณุโลก 65000,65000
T091B030B754G262,ธนาคารออมสิน,สาขาบิ๊กซี พิษณุโลก(G1) บิ๊กซี พิษณุโลก ชั้น 2 ห้องเลขที่ 2CR204/1A-1B เลขที่ 939 ถ.พิชัยสงคราม ต.ในเมือง อ.เมืองพิษณุโลก จ.พิษณุโลก 65000,65000
T091B0301071G262,ธนาคารออมสิน,สาขาเขาค้อ(G1) 98/1-2 หมู่ที่ 8 ต.แคมป์สน อ.เขาค้อ จ.เพชรบูรณ์ 67280,67280
T092B030B684G262,ธนาคารออมสิน,สาขาเดอะมอลล์ ท่าพระ(G2) ห้องเลขที่ BS-C5A ชั้น B ศูนย์การค้าเดอะมอลล์ ท่าพระ เลขที่ 129 ถ.รัชดาภิเษก(ท่าพระ-ตากสิน) แขวงบุคคโล เขตธนบุรี กรุงเทพฯ 10600,10600
T091B030B097G262,ธนาคารออมสิน,สาขาสกลนคร(G1) 1707 หมู่ที่ 10 ถ.ใจผาสุก ต.ธาตุเชิงชุม อ.เมืองสกลนคร จ.สกลนคร 47000,47000
T092B030B097G262,ธนาคารออมสิน,สาขาสกลนคร(G2) 1707 หมู่ที่ 10 ถ.ใจผาสุก ต.ธาตุเชิงชุม อ.เมืองสกลนคร จ.สกลนคร 47000,47000
T091B030B252G262,ธนาคารออมสิน,สาขามุขมนตรี(G1) 164/9 ถ.มุขมนตรี ต.ในเมือง อ.เมืองนครราชสีมา จ.นครราชสีมา 30000,30000
T092B030B860G262,ธนาคารออมสิน,สาขาหัวทะเล(G2) 1108/5 หมู่ที่ 1 ต.หัวทะเล อ.เมืองนครราชสีมา จ.นครราชสีมา 30000,30000
T091B030B647G262,ธนาคารออมสิน,สาขาบิ๊กซี เคหะร่มเกล้า(G1) ห้องเลขที่ F1/4-5 ชั้น 1 ศูนย์การค้าบิ๊กซี เคหะร่มเกล้า เลขที่ 8/2 ถ.เคหะร่มเกล้า แขวงคลองสองต้นนุ่น เขตลาดกระบัง กรุงเทพฯ 10520,10520
T091B030B699G262,ธนาคารออมสิน,สาขาสัมมากร เพลส รามคำแหง 110(G1) ห้องเลขที่ B207 ชั้น 2 โซนสถาบัน ศูนย์การค้าสัมมากร เพลส รามคำแหง เลขที่ 86/1 ซ.รามคำแหง 110 ถ.รามคำแหง แขวงสะพานสูง เขตสะพานสูง กรุงเทพฯ 10240,10240
T017B030BE51G262,ธนาคารออมสิน,ร้านผึ้งน้อย เบเกอรี่  105 หมู่ที่ 6 ต.บ้านกลาง อ.เมือง จ.ลำพูน 51000,51000
T083B030BE50G262,ธนาคารออมสิน,สวนพฤกษศาสตร์ทวีชล 200 หมู่ 7 ต.เชิงดอย อ.ดอยสะเก็ด จ.เชียงใหม่ 50220,50220
T012B030BE50G262,ธนาคารออมสิน,โรงพยาบาลสารภี 147 ม.3 ต.สารภี อ.สารภี จ.เชียงใหม่ 50140,50140
T053B030BE41G262,ธนาคารออมสิน,ตลาดโพศรี 345/22 หมู่ 2 ซ.โพธิ์สว่าง ถ.โพศรี ต.หมากแข้ง อ.เมือง จ.อุดรธานี 41000,41000
T039B030BE40G262,ธนาคารออมสิน,เทสโก้ โลตัส เอ็กซ์เพรส สาขาบ้านกอก  202/2-4 หมู่ที่ 7 ต.บ้านเป็ด อ.เมืองขอนแก่น จ.ขอนแก่น 40000,40000
T056B030BE40G262,ธนาคารออมสิน,อพปร. อบต.ดูนสาด ต.ดูนสาด อ.กระนวน จ.ขอนแก่น 40170,40170
T027B030BE74G262,ธนาคารออมสิน,สถาบันการเงินธนาคารหมู่บ้านบ้านท่าเสา  1/2 หมู่ที่ 1 ต.ท่าเสา อ.กระทุ่มแบน จ.สมุทรสาคร 74110,74110
T088B030BE30G262,ธนาคารออมสิน,บ้านคุณชัยญา ตาลพุดซา 72 หมู่ 9 ถ.ขามทะเลสอ-โคกสูง ต.พุดซา อ.เมือง จ.นครราชสีมา 30000,30000
T081B030BE30G262,ธนาคารออมสิน,7-Eleven สาขาแฟลตปาริชาติ (0971)  802/691-694 ต.ในเมือง อ.เมืองนครราชสีมา จ.นครราชสีมา 30000,30000
T042B030BE31G262,ธนาคารออมสิน,7-Eleven สาขากระสัง (8463)  ที่ดินเปล่า ถ.เทศบาล 1 ต.กระสัง อ.กระสัง จ.บุรีรัมย์ 31160,31160
T023B030BE31G262,ธนาคารออมสิน,ร้านรักบ้านเกิด 14 หมู่ 2 ต.ทุ่งกระเต็น อ.หนองกี่ จ.บุรีรัมย์ 31210,31210
T011B030BE13G262,ธนาคารออมสิน,ตลาดมารวย หทัยราษฎร์ 54 ซ.หทัยราษฎร์ 54 ถ.หทัยราษฎร์ ต.บึงคำพร้อย อ.ลำลูกกา จ.ปทุมธานี 12150,12150
T092B030B531G262,ธนาคารออมสิน,ธนาคารออมสิน สาขาเสาไห้(G2) 108 หมู่ที่ 5 ต.เสาไห้ อ.เสาไห้ จ.สระบุรี 18160 0-3639-1109 ,18160
T057B030BE30G262,ธนาคารออมสิน,ห้างสรรพสินค้าบิ๊กซี สาขาสีคิ้ว หมู่ 9 ต.สีคิ้ว ต.สีคิ้ว จ.นครราชสีมา 30140,30140
T006B030BE67G262,ธนาคารออมสิน,บ้านบอยบ้านติ้ว 222/3 ม.3 ต.บ้านติ้ว อ.หล่มสัก จ.เพชรบูรณ์ 67110,67110
T028B030BE36G262,ธนาคารออมสิน,ห้างหุ้นส่วนจำกัด ชลพัทธ์การเกษตร 299 หมู่ 10 ต.นางแดด อ.หนองบัวแดง จ.ชัยภูมิ 36210,36210
T033B030BE64G262,ธนาคารออมสิน,7-Eleven สาขาบ้านสวนสุโขทัย (8993)  ที่ดินเปล่า ต.บ้านสวน อ.เมือง จ.สุโขทัย 64000,64000
T021B030BE64G262,ธนาคารออมสิน,สี่แยกดอนโก 84/3 หมู่ 5 ต.ราวต้นจันทร์ อ.ศรีสำโรง จ.สุโขทัย 64120,64120
T003B030BE38G262,ธนาคารออมสิน,สำนักงานเทศบาลตำบลศรีวิไล  เลขที่ 600 ถ.บึงกาฬ - พังโคน ต. หนองหลวง อ.ศรีวิไล  จ.หนองคาย 43120,43120
T023B030BE48G262,ธนาคารออมสิน,7-Eleven สาขาปตท.พระธาตุเรณูนคร (11087) ที่ดินเปล่า ต.เรณู อ.เรณูนคร จ.นครพนม 48170,48170
T023B030BE65G262,ธนาคารออมสิน,ท๊อปมาร์ท สาขา 34 (หัวรอ) 99/4 ต.หัวรอ อ.เมือง จ.พิษณุโลก 65000,65000
T077B030BE65G262,ธนาคารออมสิน,7-Eleven สาขาชาติตระการ (8196)  53/4-5 ม.5 ต.ป่าแดง อ.ชาติตระการ จ.พิษณุโลก 65170,65170
T029B030BE47G262,ธนาคารออมสิน,ที่ว่าการอำเภอโพนนาแก้ว  บ้านพักข้าราชการปกครอง อ.โพนนาแก้ว จ.สกลนคร 47230,47230
T092B0301073G262,ธนาคารออมสิน,หน่วยให้บริการหมื่นไวย(G2) 517/137 ถ.มิตรภาพ-หนองคาย ต.ในเมือง อ.เมืองนครราชสีมา จ.นครราชสีมา 30000,30000
214536,BOC,สาขาขอนแก่น เครื่อง 1 ตลาดจอมพล 555/1-2 ห้อง A1-A2-A3 หมู่ 13 ถนนกสิกรทุ่งสร้าง ตำบลในเมือง อำเภอเมือง จังหวัดขอนแก่น,40000
257726,BOC,ธนาคารจีน สาขานครราชสีมา เครื่อง 1  440/9-11 ถ.มิตรภาพ-หนองคาย ต.ในเมือง อ.เมืองนครราชสีมา จ.นครราชสีมา,30000
98251815653360,ธนาคารอาคารสงเคราะห์,สาขาภูเก็ต 59/45-47  ถนนบางกอก ตำบลตลาดเหนือ  อำเภอเมือง จังหวัดภูเก็ต 83000,83000
98251819673658,ธนาคารอาคารสงเคราะห์,"สาขาสตูล  24,26 ถนนบุรีวานิช ตำบลพิมาน อำเภอเมือง จังหวัดสตูล 91000",91000
98251819673660,ธนาคารอาคารสงเคราะห์,สาขาปัตตานี  60/1-2 ถนนยะรัง ตำบลอาเนาะรู อำเภอเมือง จังหวัดปัตตานี 94000,94000
98251819673662,ธนาคารอาคารสงเคราะห์,สาขานครศรีธรรมราช 9/8 หมู่ 7 ตำบลนาสาร อำเภอพระพรหม จังหวัดนครศรีธรรมราช 80000,80000
98251819673663,ธนาคารอาคารสงเคราะห์,สาขาสงขลา  9/71 ตำบลเขารูปช้าง อำเภอเมือง จังหวัดสงขลา 90000,90000
98251819673664,ธนาคารอาคารสงเคราะห์,สาขาตรัง  59/16-18 ถนนห้วยยอด ตำบลทับเที่ยง อำเภอเมือง จังหวัดตรัง 92000,92000
98251819673667,ธนาคารอาคารสงเคราะห์,สาขาหนองคาย  644 หมู่ที่ 4 ตำบลมีชัย อำเภอเมือง จังหวัดหนองคาย 43000,43000
98251819673678,ธนาคารอาคารสงเคราะห์,สาขาอุทัยธานี  90/19 ถ.เติบศิริ ต.อุทัยใหม่ อ.เมืองอุทัยธานี จ.อุทัยธานี 61000,61000
T091B030B487G262,ธนาคารออมสิน,สาขาสนามจันทร์(G1) 243/33 ถ.ราชวิถี ต.พระปฐมเจดีย์ อ.เมืองนครปฐม จ.นครปฐม 73000,73000
T052B030BE57G262,ธนาคารออมสิน,7-Eleven สาขาถนนพ่อขุน (11094) 95/40 หมู่ 22 ต.รอบเวียง อ.เมือง จ.เชียงราย 57000,57000
T038B030BE57G262,ธนาคารออมสิน,ศูนย์สาธิตการตลาดฟาร์มสัมพันธ์กิจ 232 หมู่ 1 ต.ริมกก อ.เมือง จ.เชียงราย 57100,57100
T091B030B363G262,ธนาคารออมสิน,สาขาคลองหลวง(G1) 91/1-2 หมู่ที่ 8 ต.คลองหนึ่ง อ.คลองหลวง จ.ปทุมธานี 12120,12120
T091B030B814G262,ธนาคารออมสิน,สาขาพันท้ายนรสิงห์(G1) 189/131-133 หมู่ที่ 5 ต.พันท้ายนรสิงห์ อ.เมืองสมุทรสาคร จ.สมุทรสาคร 74000,74000
T092B030B814G262,ธนาคารออมสิน,สาขาพันท้ายนรสิงห์(G2) 189/131-133 หมู่ที่ 5 ต.พันท้ายนรสิงห์ อ.เมืองสมุทรสาคร จ.สมุทรสาคร 74000,74000
T092B030B762G262,ธนาคารออมสิน,สาขาโพธิ์แจ้(G2) 19/47-48 หมู่ที่ 4 ต.คอกกระบือ อ.เมืองสมุทรสาคร จ.สมุทรสาคร 74000,74000
T092B030B630G262,ธนาคารออมสิน,"สาขาศาลายา(G2) 26/24, 26/25 หมู่ที่ 5 ถ.ศาลายา-นครชัยศรี ต.ศาลายา อ.พุทธมณฑล จ.นครปฐม 73170",73170
T091B030B375G262,ธนาคารออมสิน,สาขาแม่แตง(G1) 193/1 หมู่ที่ 2 ต.สันมหาพน อ.แม่แตง จ.เชียงใหม่ 50150,50150
T091B030B536G262,ธนาคารออมสิน,สาขาไชยปราการ(G1) 38/11 หมู่ที่ 2 ต.หนองบัว อ.ไชยปราการ จ.เชียงใหม่ 50320,50320
T091B030B563G262,ธนาคารออมสิน,สาขาอมก๋อย(G1) 102 หมู่ที่ 1 ต.อมก๋อย อ.อมก๋อย จ.เชียงใหม่ 50310,50310
T026B030BE81G262,ธนาคารออมสิน,ร้านใบหยก 705 หมู่ 2 ต.คลองขนาน อ.เหนือคลอง จ.กระบี่ 81130,81130
T091B030B131G262,ธนาคารออมสิน,สาขาสามพราน(G1) 41 หมู่ที่ 7 ถ.เข้าที่ว่าการอำเภอสามพราน ต.สามพราน อ.สามพราน จ.นครปฐม 73110,73110
T092B030B174G262,ธนาคารออมสิน,สาขาอรัญประเทศ(G2) 56 ถ.ราษฎร์อุทิศ ต.อรัญประเทศ อ.อรัญประเทศ จ.สระแก้ว 27120,27120
T091B030B164G262,ธนาคารออมสิน,สาขาหนองแค(G1) 167 ถ.เศรษฐสัมพันธ์ ต.หนองแค อ.หนองแค จ.สระบุรี 18140,18140
T091B030B014G262,ธนาคารออมสิน,สาขาชลบุรี(G1) 164 ถ.วชิรปราการ ต.บางปลาสร้อย อ.เมืองชลบุรี จ.ชลบุรี 20000,20000
T029B030BE90G262,ธนาคารออมสิน,"7-Eleven สาขาจะนะ(2441) 84/1, 84/2 ม.2   ต.บ้านนา อ.จะนะ จ.สงขลา 90130",90130
T091B030B342G262,ธนาคารออมสิน,สาขาระโนด(G1) 1 ถ.สุวรรณรังษี ต.ระโนด อ.ระโนด จ.สงขลา 90140,90140
T014B030BE90G262,ธนาคารออมสิน,สำนักงานเทศบาลตำบลบ่อตรุ สำนักงานเทศบาลตำบลบ่อตรุ อ.ระโนด จ.สงขลา 90140,90140
T092B030B117G262,ธนาคารออมสิน,สาขาเสนา(G2) 402 ถ.วิไลเสนา ต.เสนา  อ.เสนา จ.พระนครศรีอยุธยา 13110,13110
T091B030B679G262,ธนาคารออมสิน,สาขาโรบินสัน ตรัง(G1) ห้องเลขที่ 213 ชั้น 2 ห้างสรรพสินค้าโรบินสัน ตรัง 138 ถ.พัทลุง ต.ทับเที่ยง อ.เมืองตรัง จ.ตรัง 92000,92000
T006B030BE92G262,ธนาคารออมสิน,"7-Eleven สาขาท่ากลาง(3616) เลขที่ 105,107 ต.ทับเที่ยง อ.เมืองตรัง จ.ตรัง 92000",92000
T091B030B887G262,ธนาคารออมสิน,สาขาเมกาบางนา(G1) 39 หมู่ที่ 6 ศูนย์การค้าเมกาบางนา ถ.บางนา-ตราด ต.บางแก้ว อ.บางพลี จ.สมุทรปราการ 10540,10540
T091B0301042G262,ธนาคารออมสิน,สาขามาร์เก็ตวิลเลจ สุวรรณภูมิ(G1) ชั้น 3 ห้องเลขที่ S-310 ศูนย์การค้ามาร์เก็ตวิลเลจ สุวรรณภูมิ เลขที่ 99/29 หมู่ที่ 1 ต.ราชาเทวะ อ.บางพลี จ.สมุทราปราการ 10540,10540
T007B030BE11G262,ธนาคารออมสิน,ตลาดบางปลา 3/33 หมู่ 10 ถ.เทพารักษ์ ต.บางปลา อ.บางพลี จ.สมุทรปราการ 10540,10540
T027B030BE90G262,ธนาคารออมสิน,บจก.เค แอนด์ เค ซุปเปอร์ค้าส่งหาดใหญ่ 2009 สาขาปริก 14 หมู่ 3 ถ.กาญจนวณิชย์  ต.ปริก อ.สะเดา จ.สงขลา 90120,90120
T091B030B479G262,ธนาคารออมสิน,สาขาวังน้อย(G1) 231-233 ถ.พหลโยธิน ต.ลำไทร อ.วังน้อย จ.พระนครศรีอยุธยา 13170,13170
T031B030BE90G262,ธนาคารออมสิน,สามแยกสะท้อน ต.สะท้อน อ.นาทวี จ.สงขลา  2/3 ม.1 ต.สะท้อน อ.นาทวี จ.สงขลา 90160,90160
T097B030BE90G262,ธนาคารออมสิน,องค์การบริหารส่วนตำบลบ้านโหนด หมู่ 2 ต.บ้านโหนด อ.สะบ้าย้อย จ.สงขลา 90210,90210
T091B030B750G262,ธนาคารออมสิน,สาขาตลาดยิ่งเจริญ(G1) 651 หมู่ที่ 7 ถ.พหลโยธิน แขวงอนุสาวรีย์ เขตบางเขน กรุงเทพฯ 10220,10220
T091B030B156G262,ธนาคารออมสิน,สาขานครหลวง(G1) 126/3 หมู่ที่ 1 ถ.นครหลวง-ภาชี ต.นครหลวง อ.นครหลวง จ.พระนครศรีอยุธยา 13260,13260
T091B030B480G262,ธนาคารออมสิน,สาขาประตูน้ำพระอินทร์(G1) 139/1-2 หมู่ที่ 7 ถ.พหลโยธิน ต.เชียงรากน้อย อ.บางปะอิน จ.พระนครศรีอยุธยา 13180,13180
T091B030B520G262,ธนาคารออมสิน,"สาขาปู่เจ้าสมิงพราย(G1) 14/8, 14/10-11 หมู่ที่ 9 ถ.ปู่เจ้าสมิงพราย ต.สำโรงกลาง อ.พระประแดง จ.สมุทรปราการ 10130",10130
T091B030B619G262,ธนาคารออมสิน,สาขาศูนย์การค้าแปซิฟิคพาร์ค(G1) ศูนย์การค้าแปซิฟิค พาร์ค ศรีราชา ชั้น 4 ห้อง F407-8 เลขที่ 90 ถ.สุขุมวิท ต.ศรีราชา อ.ศรีราชา จ.ชลบุรี 20110,20110
T091B030B183G262,ธนาคารออมสิน,สาขาพานทอง(G1) 85/10 หมู่ 4 ถ.พานทอง-หัวไผ่ ต.พานทอง อ.พานทอง จ.ชลบุรี 20160,20160
T091B030B447G262,ธนาคารออมสิน,สาขาป้อมปราบ(G1) 1/1-2 ถ.เสือป่า แขวงป้อมปราบ เขตป้อมปราบศัตรูพ่าย กรุงเทพฯ 10100,10100
T091B030B149G262,ธนาคารออมสิน,สาขาท่าเรือ (กาญจนบุรี)(G1) 281 ถ.แสงชูโต ต.ท่าเรือ อ.ท่ามะกา จ.กาญจนบุรี 71130,71130
T091B030B188G262,ธนาคารออมสิน,สาขาขลุง(G1) 29/1 ถ.เทศบาลสาย 1 ต.ขลุง อ.ขลุง จ.จันทบุรี 22110,22110
T091B030B586G262,ธนาคารออมสิน,สาขาเขาสมิง(G1) 183/2-3 หมู่ 1 ถ.สุขุมวิท ต.เขาสมิง อ.เขาสมิง จ.ตราด 23130,23130
T091B030B186G262,ธนาคารออมสิน,สาขาบ้านค่าย(G1) 113 หมู่ 2 ถ.อาทิตย์ประดิษฐาน ต.บ้านค่าย อ.บ้านค่าย จ.ระยอง 21120,21120
T091B030B386G262,ธนาคารออมสิน,สาขากุดชุม(G1) 409 ถ.วารีราชเดช ต.กุดชุม อ.กุดชุม จ.ยโสธร 35140,35140
T091B030B395G262,ธนาคารออมสิน,สาขานครชัยศรี(G1) 136/13-15 หมู่ที่ 1 ต.นครชัยศรี อ.นครชัยศรี จ.นครปฐม 73120,73120
T091B030B075G262,ธนาคารออมสิน,สาขาปทุมธานี(G1) 24 ถ.ปทุมสัมพันธ์ ต.บางปรอก อ.เมืองปทุมธานี จ.ปทุมธานี 12000,12000
T091B030B910G262,ธนาคารออมสิน,สาขาไทรน้อย(G1) 92-92/1 หมู่ที่ 1 ถ.ไทรน้อย-วัดต้นเชือก ต.คลองขวาง อ.ไทรน้อย จ.นนทบุรี 11150,11150
T091B0301062G262,ธนาคารออมสิน,สาขาบลูพอร์ต หัวหิน(G1) ห้องเลขที่ B06 ศูนย์การค้าบลูพอร์ต หัวหิน รีสอร์ท มอลล์ อ.หัวหิน จ.ประจวบคีรีขันธ์ 77110,77110
T092B030B738G262,ธนาคารออมสิน,สาขาเทสโก้โลตัส ปากช่อง(G2) ชั้น 1 ภายในศูนย์การค้าเทสโก้โลตัส สาขาปากช่อง เลขที่ 289 หมู่ที่ 18 ต.ปากช่อง อ.ปากช่อง จ.นครราชสีมา 30130,30130
T091B0301065G262,ธนาคารออมสิน,สาขาตลาดไท(G1)  31 หมู่ 9 ต.คลองหนึ่ง อ.คลองหลวง จ.ปทุมธานี หลังวงเวียนด้านซ้าย 12150,12120
T091B030B155G262,ธนาคารออมสิน,สาขาป่าโมก(G1) 554 ต.ป่าโมก อ.ป่าโมก จ.อ่างทอง 14130,14130
T091B030B154G262,ธนาคารออมสิน,สาขาโพธิ์ทอง(G1) 486 หมู่ 5 ถ.โพธิ์ทอง-แสวงหา ต.อ่างแก้ว อ.โพธิ์ทอง จ.อ่างทอง 14120,14120
T092B030B623G262,ธนาคารออมสิน,สาขาเดอะมอลล์ นครราชสีมา(G2)) 1424/2 ถ.มิตรภาพ ต.ในเมือง อ.เมือง จ.นครราชสีมา 30000,30000
T091B030B184G262,ธนาคารออมสิน,สาขาหัวกุญแจ(G1) 68/7 ต.คลองกิ่ว อ.บ้านบึง จ.ชลบุรี 20220,20220
T094B030B101G262,ธนาคารออมสิน,หน่วยให้บริการศรีนครินทร์(G4)316 ม.1 ต.ลำสินธุ์ อ.ศรีนครินทร์ จ.พัทลุง 93000,93000
T091B0301066G262,ธนาคารออมสิน,สาขาบิ๊กซี เอ็กซ์ตร้า หาดใหญ่(G1) ชั้น 1 ยูนิตที่ GCR 135 ห้างบิ๊กซี เอ็กซ์ตร้า สาขาหาดใหญ่ ถ.เพชรเกษม อ.หาดใหญ่ จ.สงขลา 90110,90110
T092B030B030G262,ธนาคารออมสิน,สาขามหาวิทยาลัยเชียงใหม่ เครื่องที่ 2(G2) 239 อาคารจอดรถ S1 ถ.ห้วยแก้ว ต.สุเทพ อ.เมืองเชียงใหม่ จ.เชียงใหม่ 50200,50200
T091B030B475G262,ธนาคารออมสิน,สาขาเซกา(G1) 264หมู่ 10 ชุมนุมชน ต. เซกา อ. เซกา จ.บึงกาฬ 43150,43150
T091B030B282G262,ธนาคารออมสิน,สาขาบรบือ(G1) 16 ถ.แจ้งสนิท ต.บรบือ อ.บรบือ จ.มหาสารคาม 44130,44130
T091B030B567G262,ธนาคารออมสิน,สาขายางตลาด(G1) 237 หมู่ 20 ถ. ถีนานนท์ ต. ยางตลาด อ. ยางตลาด จ.กาฬสินธุ์ 46120,46120
T091B030B423G262,ธนาคารออมสิน,สาขาโนนสะอาด(G1) 347 หมู่ 2 ถ. มิตรภาพ-ขอนแก่น ต. โนนสะอาด อ. โนนสะอาด จ.อุดรธานี 41240,41240
T092B030B740G262,ธนาคารออมสิน,สาขาเซ็นทรัล พระราม 3(G2) ห้องเลขที่ 436 ชั้น 4 ศูนย์การค้าเซ็นทรัลพลาซา พระราม 3 เลขที่ 79 ถ.สาธุประดิษฐ์ แขวงช่องนนทรี เขตยานนาวา กรุงเทพฯ 10120,10120
T091B030B582G262,ธนาคารออมสิน,สาขาสุคิริน(G1) หมู่ที่ 4 ต.สุคิริน อ.สุคิริน จ.นราธิวาส 96190,96190
T091B030B289G262,ธนาคารออมสิน,สาขาเสลภูมิ(G1) 222 ถ.แจ้งสนิท ต.ขวัญเมือง อ.เสลภูมิ จ.ร้อยเอ็ด 45120,45120
T091B030B508G262,ธนาคารออมสิน,สาขาสิงหนคร(G1) 280/23 หมู่ 5 ถ. เขาแดง - ระโนด ต. สทิงหม้อ อ. สิงหนคร จ.สงขลา 90280,90280
T091B030B893G262,ธนาคารออมสิน,สาขาศรีธาตุ(G1) 207 หมู่ที่ 8 ถ.สมศิริ ต.ศรีธาตุ อ.ศรีธาตุ จ.อุดรธานี 41230,41230
T016B030BE50G262,ธนาคารออมสิน,ศูนย์การค้ากาดสวนแก้ว 21 ถ.ห้วยแก้ว ต.สุเทพ อ.เมือง จ.เชียงใหม่ 50200,50200
T091B030B677G262,ธนาคารออมสิน,สาขาตลาดอุดรเมืองทองเจริญศรี(G1) 214/1 หมู่ที่ 14 ถ.นิตโย ต.หมากแข้ง อ.เมืองอุดรธานี จ.อุดรธานี 41000,41000
T092B030B389G262,ธนาคารออมสิน,สาขารามคำแหง 2(G2) ภายในบริเวณมหาวิทยาลัยรามคำแหง 2 ถ.บางนา-ตราด กม. 8 แขวงดอกไม้ เขตประเวศ กรุงเทพฯ 10250,10250
T091B030B554G262,ธนาคารออมสิน,สาขาทับปุด(G1) 55/14 หมู่ 1 ต.ทับปุด อ.ทับปุด จ.พังงา 82180,82180
T093B030B736G262,ธนาคารออมสิน,หน่วยให้บริการตะกั่วป่า(G3) 1 ถ.ราษฎร์บำรุง ต.ตะกั่วป่า อ.ตะกั่วป่า จ.พังงา 82110,82110
T091B030B356G262,ธนาคารออมสิน,สาขาละงู(G1) 384 ถ.ละงู-ปากบารา ต.กำแพง อ.ละงู จ.สตูล 91110,91110
T092B030B020G262,ธนาคารออมสิน,หน่วยให้บริการเทศบาลวิชิต(G1) 54/3 หมู่ 1 ถ.เจ้าฟ้าตะวันออก ต.วิชิต อ.เมือง จ.ภูเก็ต 83000,83000
T091B030B662G262,ธนาคารออมสิน,สาขาช้างคลาน(G1) 164/101-102 ถ.ช้างคลาน ต.ช้างคลาน อ.เมืองเชียงใหม่ จ.เชียงใหม่ 50100,50100
T091B030B396G262,ธนาคารออมสิน,สาขาท่าแพ(G1) 312 ถ.ท่าแพ ต.ช้างม่อย อ.เมืองเชียงใหม่ จ.เชียงใหม่ 50300,50300
T091B030B369G262,ธนาคารออมสิน,สาขาปราสาท(G1) 1 หมู่ 2 ถ.สุรินทร์-ช่องจอม ต.กังแอน อ.ปราสาท จ.สุรินทร์ 32140,32140
T091B030B093G262,ธนาคารออมสิน,สาขาสุรินทร์(G1) 356 ถ.ธนสาร ต.ในเมือง อ.เมืองสุรินทร์ จ.สุรินทร์ 32000,32000
T091B030B073G262,ธนาคารออมสิน,สาขาลาดกระบัง(G1) 1793 ถ.ลาดกระบัง แขวงลาดกระบัง เขตลาดกระบัง กรุงเทพฯ 10520,10520
T091B030B982G262,ธนาคารออมสิน,สาขาเทสโก้โลตัส พระราม 4(G1) 3301 ชั้น 2 ถ.พระราม4 แขวงคลองตัน เขตคลองเตย กรุงเทพฯ 10110,10110
T091B030B335G262,ธนาคารออมสิน,สาขาปากน้ำชุมพร(G1) 106/1-2 ต.ปากน้ำ อ.เมือง จ.ชุมพร 86120,86120
T007B030BE51G262,ธนาคารออมสิน,หน้าร้านดินสอสี 83/2 ม. 1 ต.ปากบ่อง อ.ป่าซาง จ.ลำพูน 51120,51120
T091B030B231G262,ธนาคารออมสิน,สาขาป่าซาง(G1) 367 หมู่ที่ 1 ถ.ลำพูน-ลี้ ต.ป่าซาง อ.ป่าซาง จ.ลำพูน 51120,51120
T024B030BE35G262,ธนาคารออมสิน,7-Eleven สาขา ปตท.คำเขื่อนแก้ว (8414) 1028/1 ม.2 ถ.แจ้งสนิท ต.ลุมพุก อ.คำเขื่อนแก้ว จ.ยโสธร 35110,35110
T092B030B256G262,ธนาคารออมสิน,สาขาพิบูลมังสาหาร(G2) 5/5 ถ.หลวง ต.พิบูล อ.พิบูลมังสาหาร จ.อุบลราชธานี 34110,34110
T091B0301022G262,ธนาคารออมสิน,สาขาโพธิ์ศรีสุวรรณ(G1) 80 ถ.ทางหลวงชนบทหมายเลข 2349 ต.โดด อ.โพธิ์ศรีสุวรรณ จ.ศรีสะเกษ 33120,33120
T092B030B095G262,ธนาคารออมสิน,สาขาศรีสะเกษ(G2) 1042/9 ถ.อุบล ต.เมืองใต้ อ.เมืองศรีสะเกษ จ.ศรีสะเกษ 33000,33000
T091B030B715G262,ธนาคารออมสิน,สาขาถนนเทพา(G1) 444/2 ถ.เทพา ต.เมืองเหนือ อ.เมืองศรีสะเกษ จ.ศรีสะเกษ 33000,33000
T091B030B927G262,ธนาคารออมสิน,"สาขาอินท์ - อินเตอร์เซค(G1) ห้องเลขที่ A11, A12 ชั้น 1 ศูนย์การค้าอินท์-อินเตอร์เซค เลขที่ 982 ถ.พระรามที่ 3 แขวงบางโพงพาง เขตยานนาวา กรุงเทพฯ 10120",10120
T092B030B927G262,ธนาคารออมสิน,"สาขาอินท์ - อินเตอร์เซค(G2) ห้องเลขที่ A11, A12 ชั้น 1 ศูนย์การค้าอินท์-อินเตอร์เซค เลขที่ 982 ถ.พระรามที่ 3 แขวงบางโพงพาง เขตยานนาวา กรุงเทพฯ 10120",10120
T091B030B440G262,ธนาคารออมสิน,สาขาชัยสมรภูมิ(G1) 417/14 ถ.ราชวิถี แขวงทุ่งพญาไท เขตราชเทวี กรุงเทพฯ 10400,10400
T091B030B489G262,ธนาคารออมสิน,สาขาราชรถ(G1) 20/137 ถ.คลองคะเชนทร์ ต.ในเมือง อ.เมืองพิจิตร จ.พิจิตร 66000,66000
T091B030B569G262,ธนาคารออมสิน,สาขานครชุม(G1) 120/16 ม.5 ต.นครชุม อ.เมือง จ.กำแพงเพชร 62000,62000
T091B030B862G262,ธนาคารออมสิน,สาขาหนองเบน(G1) 248/4-6 หมู่ที่ 15 ต.หนองกระโดน อ.เมืองนครสวรรค์ จ.นครสวรรค์ 60240,60240
T091B030B365G262,ธนาคารออมสิน,สาขาวัดไทร(G1)          8/45 หมู่ที่ 10 ถ.เอกชัย แขวงบางขุนเทียน เขตจอมทอง กรุงเทพฯ 10150,10150
T092B030B365G262,ธนาคารออมสิน,สาขาวัดไทร(G2) 8/45 หมู่ที่ 10 ถ.เอกชัย แขวงบางขุนเทียน เขตจอมทอง กรุงเทพฯ 10150,10150
T092B030B082G262,ธนาคารออมสิน,สาขานครนายก(G2)  380 ถ.ศรีเมือง ต.นครนายก อ.เมืองนครนายก จ.นครนายก 26000,26000
T091B030B851G262,ธนาคารออมสิน,สาขาเขาหลัก(G1)  56/116-117 หมู่ที่ 5 ต.คึกคัก อ.ตะกั่วป่า จ.พังงา 82220,82220
T091B030B834G262,ธนาคารออมสิน,สาขาตลาดเก่า(G1) 36-36/1 ถ.ศรีพังงา ต.กระบี่ใหญ่ อ.เมืองกระบี่ จ.กระบี่ 81000,81000
T091B030B179G262,ธนาคารออมสิน,สาขาพนัสนิคม(G1) 22 ถ.เมืองเก่า ต.พนัสนิคม อ.พนัสนิคม จ.ชลบุรี 20140,20140
T024B030BE25G262,ธนาคารออมสิน,7-Eleven สาขาแพนเอเชียกบินทร์บุรี (6984) 363 หมู่ 5 ต.นนทรี อ.กบินทร์บุรี จ.ปราจีนบุรี 25110,25110
T092B030B748G262,ธนาคารออมสิน,ธนาคารออมสิน สาขาศูนย์ราชการเฉลิมพระเกียรติ แจ้งวัฒนะ อาคาร A(G2) 126-128 ถ.แจ้งวัฒนะ แขวงทุ่งสองห้อง เขตหลักสี่ กรุงเทพมหานคร 10210 โทร. 0-2143-8779-80,10210
T091B030B840G262,ธนาคารออมสิน,สาขาเซ็นทรัล พระราม 9(G1) ขั้น 5 ห้องเลขที่ 518B ศูนย์การค้าเซ็นทรัลพลาซา แกรนด์ พระราม 9 เลขที่ 9/9 ถ.พระราม 9 แขวงห้วยขวาง เขตห้วยขวาง กรุงเทพฯ 10310,10310
T494B030BE10G262,ธนาคารออมสิน,โรงพยาบาลวชิระ 681 ถ.สามเสนใน เขตดุสิต กทม. 10300,10300
T027B030BE81G262,ธนาคารออมสิน,บ.สยามแมคโคร จำกัด (มหาชน) สาขากระบี่ 119  ม.1 ต.ไสไทย  อ.เมืองกระบี่  จ.กระบี่ 81000,81000
T002B030BE27G262,ธนาคารออมสิน,7-Eleven สาขาเขาฉกรรจ์ (6954) 63/13 ม.4 ต.เขาฉกรรจ์ อ.เขาฉกรรจ์ จ.สระแก้ว 27000,27000
T091B030B177G262,ธนาคารออมสิน,สาขาสระแก้ว(G1) 268 ถ.สุวรรณศร ต.สระแก้ว อ.เมืองสระแก้ว จ.สระแก้ว 27000,27000
T046B030BE20G262,ธนาคารออมสิน,ศูนย์การค้า Terminal 21 Pattaya 456 777 777/1 หมู่ 6 ถ.พัทยาเหนือ ต.นาเกลือ อ.บางละมุง จ.ชลบุรี 20150,20150
T091B030B618G262,ธนาคารออมสิน,สาขาขนส่งสายใต้(G1) 24/6 หมู่ที่ 8 ถ.บรมราชชนนี แขวงฉิมพลี เขตตลิ่งชัน กรุงเทพฯ 10170,10170
T721B030BE10G262,ธนาคารออมสิน,บริษัท พราวด์ เอ็นเนอร์ยี่ จำกัด 59 ถ.พุทธมณฑลสาย 1 แขวงฉิมพลี เขตตลิ่งชัน จ.กรุงเทพฯ 10170,10170
T091B030B192G262,ธนาคารออมสิน,สาขาชุมแสง(G1) 19-21 ถ.แสงสันติสุข ต.ชุมแสง อ.ชุมแสง จ.นครสวรรค์ 60120,60120
T092B030B861G262,ธนาคารออมสิน,สาขาวชิรา สงขลา(G2) 119 ถ.ราชดำเนินนอก ต.บ่อยาง อ.เมืองสงขลา จ.สงขลา 90000,90000
T056B030BE90G262,ธนาคารออมสิน,7-Eleven สาขา PTTOR ทุ่งหวัง (สงขลา) (14508) ต.ทุ่งหวัง อ.เมือง จ.สงขลา 90000,90000
T091B030B822G262,ธนาคารออมสิน,สาขาบ่อวิน(G1) 310/6-7 หมู่ 3 ถ.สัตหีบ-ฉะเชิงเทรา ต.บ่อวิน อ.ศรีราชา จ.ชลบุรี 20230,20230
T092B030B822G262,ธนาคารออมสิน,สาขาบ่อวิน(G2) 310/6-7 หมู่ 3 ถ.สัตหีบ-ฉะเชิงเทรา ต.บ่อวิน อ.ศรีราชา จ.ชลบุรี 20230,20230
T025B030BE46G262,ธนาคารออมสิน,7-Eleven สาขา ท่าคันโท  ต.นาตาล อ.ท่าคันโท จ.กาฬสินธุ์ 46190,46190
T013B030BE27G262,ธนาคารออมสิน,ห้างสรรพสินค้าเทสโก้ โลตัส สาขาวังน้ำเย็น (0564) 234 หมู่ 4 ต.วังน้ำเย็น อ.วังน้ำเย็น จ.สระแก้ว 27210,27210
T073B030BE86G262,ธนาคารออมสิน,ตลาดเอกชัย สี่แยกท่าข้าม 14 ม.6 ต.ท่าข้าม อ.ท่าแซะ จ.ชุมพร 86140,86140
T091B030B826G262,ธนาคารออมสิน,สาขามาบอำมฤต(G1) 65 หมู่ที่ 13 ต.ดอนยาง อ.ปะทิว จ.ชุมพร 86210,86210
T049B030BE22G262,ธนาคารออมสิน,7-Eleven สาขาแก่งหางแมว (5595) 107 ม.4 ตแก่งหางแมว อ.แก่งหางแมว จ.จันทบุรี 22160,22160
T092B030B586G262,ธนาคารออมสิน,ธนาคารออมสิน สาขาเขาสมิง(G2) 183/2-3 หมู่ที่ 1 ถ.สุขุมวิท เขาสมิง อ.เขาสมิง จ.ตราด,23130
T091B030B693G262,ธนาคารออมสิน,สาขาปากน้ำปราณ(G1) 9/92-93 หมู่ที่ 2 ต.ปากน้ำปราณ อ.ปราณบุรี จ.ประจวบคีรีขันธ์ 77220 (ย้ายมาเมื่อ วันที่ 13 มีนาคม 2559),77220
T032B030BE77G262,ธนาคารออมสิน,ห้างสรรพสินค้าเทสโก้ โลตัส สาขา ปราณบุรี 706 หมู่7 ถ.เพชรเกษม ต.เขาน้อย อ.ปราณบุรี จ.ประจวบคีรีขันธ์ 77120,77120
T042B030BE19G262,ธนาคารออมสิน,บริษัท กระเบื้องกระดาษไทย จำกัด (โรงงานท่าหลวง) 93 หมู่ 11 ถ.ท่าเรือ-บ้านครัว ต.บางโขมด อ.บ้านหมอ จ.สระบุรี 18130,18130
T018B030BE86G262,ธนาคารออมสิน,ร้านขายยาเขาทะลุ 205/4 ม.1 ต.เขาทะลุ อ.สวี จ.ชุมพร 86130,86130
T333B030BE10G262,ธนาคารออมสิน,7-Eleven สาขาชุมชนศักดิ์มงคลชัย (12093) 2/1 ซ.สะแกงาม 14 แยก 2 แขวงแสมดำ เขตบางขุนเทียน จ.กรุงเทพฯ 10150,10150
T091B030B976G262,ธนาคารออมสิน,สาขาพุทธมณฑลสาย 4(G1) 169/142-143 หมู่ที่ 7 ต.กระทุ่มล้ม อ.สามพราน จ.นครปฐม 73220,73220
T092B030B827G262,ธนาคารออมสิน,สาขาพะโต๊ะ(G2) 261/2 หมู่ที่ 8 ต.พะโต๊ะ อ.พะโต๊ะ จ.ชุมพร 86180,86180
T091B030B333G262,ธนาคารออมสิน,สาขาสวี(G1) 404 หมู่ที่ 5 ถ.รักษ์นรกิจ ต.นาโพธิ์ อ.สวี จ.ชุมพร 86130,86130
T091B030B649G262,ธนาคารออมสิน,สาขาละแม(G1) 197/6 หมู่ที่7 ต.ละแม อ.ละแม จ.ชุมพร 86170,86170
T037B030BE86G262,ธนาคารออมสิน,7-Eleven สาขาละแมเมืองเก่า (8776) เลขที่ 2/1-3 หมู่ที่ 10 ต.ละแม อ.ละแม จ.ชุมพร  86710,86710
T091B030B666G262,ธนาคารออมสิน,สาขาหนองหญ้าไซ(G1) 570/4 หมู่ที่ 5 ต.หนองหญ้าไซ อ.หนองหญ้าไซ จ.สุพรรณบุรี 72240,72240
T091B030B454G262,ธนาคารออมสิน,สาขาบางพลัด(G1) 3 ถ.จรัญสนิทวงศ์ แขวงบางพลัด เขตบางพลัด กรุงเทพฯ 10700,10700
T092B030B033G262,ธนาคารออมสิน,สาขาบางรัก(G2) 1231 ถ.เจริญกรุง แขวงสุริยวงศ์ เขตบางรัก กรุงเทพฯ 10500,10500
T092B030B115G262,ธนาคารออมสิน,สาขาจักรวรรดิ(G2) 327-335 ถ.จักรวรรดิ แขวงจักรวรรดิ เขตสัมพันธวงศ์ กรุงเทพฯ 10100,10100
T012B030BE23G262,ธนาคารออมสิน,มาร์คเฮ้าส์ บังกะโล 43/4 หมู่ 2 หาดคลองเจ้า ต.เกาะกูด อ.เกาะกูด จ.ตราด 23000,23000
T553B030BE10G262,ธนาคารออมสิน,ตลาดสดแฮปปี้แลนด์ใหม่ @เสรีไทย 41 1 ซ.เสรีไทย 41 ถ.เสรีไทย แขวงคลองกุ่ม เขตบึงกุ่ม จ.กรุงเทพฯ 10240,10240
T091B030B769G262,ธนาคารออมสิน,"สาขาเซ็นทรัลเวิลด์(G1) ภายในศูนย์การค้าเซ็นทรัลเวิลด์ ชั้น 5 โซน B ห้องเลขที่ B506/2 เลขที่ 4,4/1-4/2,4/4 ถ.ราชดำริ แขวงปทุมวัน เขตปทุมวัน กรุงเทพฯ 10330",10330
T092B030B769G262,ธนาคารออมสิน,"สาขาเซ็นทรัลเวิลด์(G2) ภายในศูนย์การค้าเซ็นทรัลเวิลด์ ชั้น 5 โซน B ห้องเลขที่ B506/2 เลขที่ 4,4/1-4/2,4/4 ถ.ราชดำริ แขวงปทุมวัน เขตปทุมวัน กรุงเทพฯ 10330",10330
T091B030B147G262,ธนาคารออมสิน,สาขาทับสะแก(G1) 174 หมู่4 ถ.สุขาภิบาล ต.ทับสะแก อ.ทับสะแกประ จ.จวบคีรีขันธ์ 77130,77130
T091B030B372G262,ธนาคารออมสิน,สาขาลาดหลุมแก้ว(G1) 23 หมู่ที่ 4 ถ.ปทุมธานี-บางเลน ต.ระแหง อ.ลาดหลุมแก้ว จ.ปทุมธานี 12140,12140
T093B030B547G262,ธนาคารออมสิน,หน่วยให้บริการมหาวิทยาลัยราชภัฏเพชรบุรี(G3) เลขที่ 38 หมู่ 8 ถนนหาดเจ้าสำราญ ต.นาวุ้ง อ.เมืองเพชรบุรี จ.เพชรบุรี 76000,76000
T091B030B579G262,ธนาคารออมสิน,สาขานวนคร (เครื่องที่ 1)(G1) 100 หมู่ที่ 13 ถ.พหลโยธิน ต.คลองหนึ่ง อ.คลองหลวง จ.ปทุมธานี 12120,12120
T026B030BE73G262,ธนาคารออมสิน,สถาบันการเงินชุมชน บ้านลาดหญ้าแพรก 5 หมู่ 6 ต.ห้วยขวาง อ.กำแพงแสน จ.นครปฐม 73140,73140
T019B030BE53G262,ธนาคารออมสิน,ศูนย์อาสาสมัครป้องกันฝ่ายพลเรือนเทศบาลตำบลท่าปลา 236  ม.8   ต.ท่าปลา  อ.ท่าปลา จ.อุตรดิตถ์ 53150,53150
T091B030B525G262,ธนาคารออมสิน,สาขาท่าวุ้ง(G1) 321 หมู่ที่ 1 ถ.ลพบุรี-สิงห์บุรี ต.ท่าวุ้ง อ.ท่าวุ้ง จ.ลพบุรี 15150,15150
T092B030B525G262,ธนาคารออมสิน,สาขาท่าวุ้ง(G2) 321 หมู่ที่ 1 ถ.ลพบุรี-สิงห์บุรี ต.ท่าวุ้ง อ.ท่าวุ้ง จ.ลพบุรี 15150,15150
T091B030B080G262,ธนาคารออมสิน,สาขาสิงห์บุรี(G1) 891/15 ถ.ขุนสรรค์ ต.บางพุทรา อ.เมืองสิงห์บุรี จ.สิงห์บุรี 16000,16000
T092B030B080G262,ธนาคารออมสิน,สาขาสิงห์บุรี(G2) 891/15 ถ.ขุนสรรค์ ต.บางพุทรา อ.เมืองสิงห์บุรี จ.สิงห์บุรี 16000,16000
T092B030B072G262,ธนาคารออมสิน,สาขาอุรุพงษ์(G2) 133 ซอย 3 ถ.เพชรบุรี แขวงทุ่งพญาไท เขตราชเทวี กรุงเทพฯ 10400,10400
T091B030B091G262,ธนาคารออมสิน,สาขาน่าน(G1) 478 ถ.สุมนเทวราช ต.ในเวียง อ.เมืองน่าน จ.น่าน 55000,55000
T091B030B168G262,ธนาคารออมสิน,สาขาโคกสำโรง(G1) 2 ถ.ศรีสำโรง ต.โคกสำโรง อ.โคกสำโรง จ.ลพบุรี 15120,15120
T091B030B170G262,ธนาคารออมสิน,สาขาพัฒนานิคม(G1) 140 หมู่ที่ 6 ต.พัฒนานิคม อ.พัฒนานิคม จ.ลพบุรี 15140,15140
T091B030B402G262,ธนาคารออมสิน,สาขาหนองจอก(G1) 30 หมู่ที่ 2 ถ.เชื่อมสัมพันธ์ แขวงกระทุ่มราย เขตหนองจอก กรุงเทพฯ 10530,10530
T091B030B496G262,ธนาคารออมสิน,สาขาศูนย์ราชการ(G1) 293/1 ถ.หน้าเมือง ต.ในเมือง อ.เมืองขอนแก่น จ.ขอนแก่น 40000,40000
T091B0301061G262,ธนาคารออมสิน,สาขาเซ็นทรัลพลาซา นครศรีธรรมราช(G1) ห้องเลขที่ 321-322 ชั้น 3 อ.เมือง จ.นครศรีธรรมราช 80000,80000
T091B030B326G262,ธนาคารออมสิน,สาขาฉวาง(G1) 156หมู่ที่ 2  ถ.ภักดีราษ ต.ฉวาง อ.ฉวาง จ.นครศรีธรรมราช 80150,80150
T091B030B222G262,ธนาคารออมสิน,สาขาประตูช้างเผือก(G1) 67/2 ถ.ช้างเผือก ต.ศรีภูมิ อ.เมืองเชียงใหม่ จ.เชียงใหม่ 50200,50200
T091B0301014G262,ธนาคารออมสิน,สาขาปลายพระยา(G1) 121/54 ถ.อ่าวลึก-พระแสง ต.ปลายพระยา อ.ปลายพระยา จ.กระบี่ 81160,81160
T092B030B669G262,ธนาคารออมสิน,สาขานิมมานเหมินทร์(G2) 15-15/1 ถ.นิมมานเหมินทร์ ต.สุเทพ อ.เมืองเชียงใหม่ จ.เชียงใหม่ 50200,50200
T091B030B310G262,ธนาคารออมสิน,สาขาเพ็ญ(G1) 230 หมู่ 8 ถ.อุดรธานี-เพ็ญ ต.เพ็ญ อ.เพ็ญ จ.อุดรธานี 41150,41150
T091B030B291G262,ธนาคารออมสิน,สาขาอาจสามารถ(G1) 7 หมู่ที่ 7 ถ.รณชัยชาญยุทธ ต.อาจสามารถ อ.อาจสามารถ จ.ร้อยเอ็ด 45160,45160
T091B030B585G262,ธนาคารออมสิน,สาขาแม่จริม(G1) 243หมู่ 4 ต.หนองแดง อ.แม่จริม จ.น่าน 55170,55170
T091B030B110G262,ธนาคารออมสิน,สาขาเกาะคา(G1) 441 หมู่ที่ 7 ถ.พหลโยธิน ต.ศาลา อ.เกาะคา จ.ลำปาง 52130,52130
T092B030B230G262,ธนาคารออมสิน,สาขาสบตุ๋ย(G2) 71 ถ.ประสานไมตรี ต.สบตุ๋ย อ.เมืองลำปาง จ.ลำปาง 52100,52100
T091B030B260G262,ธนาคารออมสิน,สาขาเขื่องใน(G1) 661 หมู่ที่ 4 ถ.แจ้งสนิท ต.เขื่องใน อ.เขื่องใน จ.อุบลราชธานี 34150,34150
T092B030B835G262,ธนาคารออมสิน,สาขาถนนสถลมาร์ค(G2) 270 หมู่ที่ 4 ต.แสนสุข อ.วารินชำราบ จ.อุบลราชธานี 34190,34190
T091B030B694G262,ธนาคารออมสิน,สาขาน้ำยืน(G1) 49/1 หมู่ที่ 10 ต.สีวิเชียร อ.น้ำยืน จ.อุบลราชธานี 34260,34260
T091B030B794G262,ธนาคารออมสิน,"สาขาม่วงสามสิบ(G1) 246/5, 246/7, 474 หมู่ที่ 5 ถ.ชยางกูร ต.ม่วงสามสิบ อ.ม่วงสามสิบ จ.อุบลราชธานี 34140",34140
T091B030B229G262,ธนาคารออมสิน,สาขาแจ้ห่ม(G1) 314/4 หมู่ที่ 1 ถ.อักโขชัย ต.แจ้ห่ม อ.แจ้ห่ม จ.ลำปาง 52120,52120
T091B030B267G262,ธนาคารออมสิน,สาขาราษีไศล(G1) 39 หมู่ที่ 14 ถ.รัฐประชา ต.เมืองคง อ.ราษีไศล จ.ศรีสะเกษ 33160,33160
T112B030BE30G262,ธนาคารออมสิน,ตลาดพิมายเมืองใหม่ 3258 ต.ในเมือง อ.พิมาย จ.นครราชสีมา 30110,30110
T091B030B996G262,ธนาคารออมสิน,สาขาบัวลาย(G1) 121/9-10 หมู่ที่ 9 ต.บัวลาย อ.บัวลาย จ.นครราชสีมา 30120,30120
T091B030B766G262,ธนาคารออมสิน,สาขาบ้านด่านลานหอย(G1) 49/3 หมู่ที่ 1 ต.ลานหอย อ.บ้านด่านลานหอย จ.สุโขทัย 64140,64140
T091B030B198G262,ธนาคารออมสิน,สาขาศรีสำโรง(G1) 243 หมู่ที่ 1 ถ.จรดวิถีถ่อง ต.คลองตาล อ.ศรีสำโรง จ.สุโขทัย 64120,64120
T091B0301006G262,ธนาคารออมสิน,สาขาท่าสองยาง(G1) 127 หมู่ที่ 2 ถ.ประชาสามัคคี ต.แม่ต้าน อ.ท่าสองยาง จ.ตาก 63150,63150
T091B030B209G262,ธนาคารออมสิน,สาขาพรานกระต่าย(G1) 5 หมู่ที่ 4 ถ.ประเวศไพรวัน ต.พรานกระต่าย อ.พรานกระต่าย จ.กำแพงเพชร 62110,62110
T091B030B390G262,ธนาคารออมสิน,สาขาสลกบาตร(G1) 1012 หมู่ที่ 1 ถ.พหลโยธิน ต.สลกบาตร อ.ขาณุวรลักษบุรี จ.กำแพงเพชร 62140,62140
T016B030BE35G262,ธนาคารออมสิน,7-Eleven สาขามหาชนะชัย (7345)  131 หมู่ 2 ถ.เรืองแสนกรรฐ์ ต.ฟ้าหยาด อ.มหาชนะชัย จ.ยโสธร 35130,35130
T029B030BE94G262,ธนาคารออมสิน,หน่วยให้บริการทุ่งยางแดง(G1) ที่ว่าการอำเภอทุ่งยางแดง หมู่ที่ 1 ต.ตะโละแมะนา อ.ทุ่งยางแดง จ.ปัตตานี 94140,94140
T091B030B442G262,ธนาคารออมสิน,สาขาโชคชัย 4(G1) 1748-1750  ถ.ลาดพร้าว แขวงวังทองหลาง เขตวังทองหลาง กรุงเทพฯ 10310,10310
T091B030B442G262,ธนาคารออมสิน,สาขาเมืองทองธานี(G1) 55/622-623 ต.บางพูด อ.ปากเกร็ด จ.นนทบุรี 11120,11120
T092B030B871G262,ธนาคารออมสิน,สาขาเมืองทองธานี(G2) 55/622-623 ต.บางพูด อ.ปากเกร็ด จ.นนทบุรี 11120,11120
T752B030BE10G262,ธนาคารออมสิน,"7-Eleven สาขาตลาดพลู (0338) เลขที่ 1109,1109/1 ถ.เทอดไทย แขวงตลาดพลู เขตธนบุรี กรุงเทพมหานคร 10600",10600
T092B030B513G262,ธนาคารออมสิน,สาขาดาวคะนอง(G2) 1060 ถ.สมเด็จพระเจ้าตากสิน แขวงบุคคโล เขตธนบุรี กรุงเทพฯ 10600,10600
T092B030B101G262,ธนาคารออมสิน,หน่วยให้บริการถนนนิวาส(G2) 9-11 ถ.นิวาส ต.คูหาสวรรค์ อ.เมืองพัทลุง  จ.พัทลุง 93000,93000
T430B030BE10G262,ธนาคารออมสิน,ห้างสรรพสินค้าเทสโก้ โลตัส สาขาประชาชื่น 829 ประชาราษฎร์สาย 2 แขวงบางซื่อ เขตบางซื่อ กทม. 10800,10800
T091B030B712G262,ธนาคารออมสิน,สาขาป่าบอน(G1) 137/1 หมู่ที่ 10 ถ.เพชรเกษม ต.ป่าบอน อ.ป่าบอน จ.พัทลุง 93170,93170
T091B030B610G262,ธนาคารออมสิน,สาขาเดอะสตาร์ระยอง(G1) ศูนย์การค้าคอมพิวเตอร์สตาร์ ระยอง ชั้น 1 ห้อง 1101A  109 ถ.สุขุมวิท ต.ท่าประดู่ อ.เมืองระยอง จ.ระยอง 21000,21000
T092B030B570G262,ธนาคารออมสิน,สาขาคลองสวนพลู(G2) 129 หมู่ที่ 3 ต.คลองสวนพลู อ.พระนครศรีอยุธยา จ.พระนครศรีอยุธยา 13000,13000
T092B030B015G262,ธนาคารออมสิน,สาขาพระนครศรีอยุธยา(G2) 84/11-13 ถ.อู่ทอง ต.หอรัตนไชย อ.พระนครศรีอยุธยา จ.พระนครศรีอยุธยา 13000,13000
T091B030B054G262,ธนาคารออมสิน,สาขาวงเวียนใหญ่(G1) 12 ถ.ในวงเวียน แขวงบางยี่เรือ เขตธนบุรี กรุงเทพฯ 10600,10600
T092B030B708G262,ธนาคารออมสิน,สาขาป่าพะยอม(G2) 424 - 425 หมู่ที่ 1 ถ.เพชรเกษม ต.บ้านพร้าว อ.ป่าพะยอม จ.พัทลุง 93210,93210
T091B030B102G262,ธนาคารออมสิน,สาขาสตูล(G1) 13 ถ.บุรีวานิช ต.พิมาน อ.เมืองสตูล จ.สตูล 91000,91000
T026B030BE95G262,ธนาคารออมสิน,หน่วยให้บริการธารโต(G1) ที่ว่าการอำเภอธารโต หมู่ที่ 1 ถ.สุขยางค์ ต.ธารโต อ.ธารโต จ.ยะลา 95150,95150
T092B030B429G262,ธนาคารออมสิน,สาขาลาดบัวหลวง(G2) 196/1 หมู่ที่ 3 ต.ลาดบัวหลวง อ.ลาดบัวหลวง จ.พระนครศรีอยุธยา 13230,13230
T091B030B516G262,ธนาคารออมสิน,สาขาบางกรวย(G1) 99/99 หมู่ที่ 3 ต.วัดชลอ อ.บางกรวย จ.นนทบุรี 11130,11130
T091B030B477G262,ธนาคารออมสิน,สาขามาบตาพุด(G1) 85/1-2 ถ.สุขุมวิท ต.มาบตาพุด อ.เมืองระยอง จ.ระยอง 21150,21150
T048B030BE16G262,ธนาคารออมสิน,บ้านนางสุรางคนา จันทร์เนียม บ้านเลขที่ 65 ม.3 ต.งิ้วราย อ.เมือง จ.ลพบุรี 15000,15000
T092B030B632G262,ธนาคารออมสิน,ธนาคารออมสิน สาขาฟิวเจอร์พาร์ค รังสิต(G2) ชั้น 2 ศูนย์การค้าฟิวเจอร์พาร์ค รังสิต ห้อง PLZ.2.SHP043B เลขที่ 94 ถ.พหลโยธิน ต.ประชาธิปัตย์ อ.ธัญบุรี จ.ปทุมธานี 12130 โทร. 0-2958-5497-8,12130
T228B030BE10G262,ธนาคารออมสิน,ร้านพูนสินพาณิชย์ 31/2 ถ.รามอินทรา แขวงอนุสาวรีย์ เขตบางเขน  กรุงเทพฯ 10220,10220
T092B0301036G262,ธนาคารออมสิน,สาขาผังเมือง 4(G2) 90 ถ.สันติราษฎร์ ต.ยะหา อ.ยะหา จ.ยะลา 95120,95120
T091B030B727G262,ธนาคารออมสิน,สาขาปลวกแดง(G1) 625/68-69 หมู่ที่ 1 ต.ปลวกแดง อ.ปลวกแดง จ.ระยอง 21140,21140
T091B030B470G262,ธนาคารออมสิน,สาขาสรรพยา(G1) 347 หมู่ที่ 4 ถ.ชัยนาท-สิงห์บุรี ต.สรรพยา อ.สรรพยา จ.ชัยนาท 17150,17150
T092B030B453G262,ธนาคารออมสิน,สาขาเจริญพาศน์(G2) 379/20 ถ.อิสรภาพ แขวงวัดอรุณ เขตบางกอกใหญ่ กรุงเทพฯ 10600,10600
T091B030B451G262,ธนาคารออมสิน,สาขาท่าพระ(G1) 31/14-16 ถ.จรัญสนิทวงศ์ แขวงวัดท่าพระ เขตบางกอกใหญ่ กรุงเทพฯ 10600,10600
T014B030BE96G262,ธนาคารออมสิน,7-Eleven สาขารือเสาะสนองกิจ (8285) 195 ถ.รือเสาะสนองกิจ  ต.รือเสาะ  อ.รือเสาะ  จ.นราธิวาส 96150,96150
T037B030BE96G262,ธนาคารออมสิน,หน่วยให้บริการเจาะไอร้อง(G1) ที่ว่าการอำเภอเจาะไอร้อง หมู่ที่ 1 ถ.เจาะไอร้อง- ไอสะเดียร์ ต.จวบ อ.เจาะไอร้อง จ.นราธิวาส 96130,96130
T013B030BE96G262,ธนาคารออมสิน,สี่แยก ม.11 ต.สุไหงปาดี (หมู่บ้านคนไทยพุทธ) 12  ม.11  ต.สุไหงปาดี  อ.สุไหงปาดี  จ.นราธวาส 96140,96140
T092B030B658G262,ธนาคารออมสิน,สาขาตลาดเทศบาล 2(G2) 20 ถ.ประชานิยม ต.วัดใหม่ อ.เมืองจันทบุรี  จ.จันทบุรี 22000,22000
T091B030B658G262,ธนาคารออมสิน,สาขาตลาดเทศบาล 2(G1) 20 ถ.ประชานิยม ต.วัดใหม่ อ.เมืองจันทบุรี  จ.จันทบุรี 22000,22000
T092B030B077G262,ธนาคารออมสิน,สาขาประจวบคีรีขันธ์(G2) 5 ชั้น 2  ถ.ก้องเกียรติ ต.ประจวบคีรีขันธ์ อ.เมืองประจวบคีรีขันธ์  จ.ประจวบคีรีขันธ์ 77000,77000
T028B030BE77G262,ธนาคารออมสิน,กู๊ดแคร์ ซุปเปอร์มาร์เก็ต 139/1 ม.5 ถ.เพชรเกษม-ชายทะเล อ.บางสะพาน จ.ประจวบคีรีขันธ์,77170
T091B030B687G262,ธนาคารออมสิน,สาขาสุขอนันต์ปาร์ค(G1) 179/5 ชั้น 1 ห้างสรรพสินค้าสุขอนันต์ปาร์ค ถ.สุดบรรทัด ต.ปากเพรียว อ.เมืองสระบุรี จ.สระบุรี 18000,18000
T092B030B492G262,ธนาคารออมสิน,สาขาหัวหมาก(G2) อาคารจิตต์อุทัย ชั้น 1 เลขที่ 615 ถ.รามคำแหง แขวงหัวหมาก เขตบางกะปิ กรุงเทพฯ 10240,10240
T091B030B031G262,ธนาคารออมสิน,สาขารามคำแหง(G1) ภายในบริเวณมหาวิทยาลัยรามคำแหง ถ.รามคำแหง แขวงหัวหมาก เขตบางกะปิ กรุงเทพฯ 10240,10240
T091B030B984G262,ธนาคารออมสิน,สาขาดอนหวาย(G1) 71/9-10 หมู่ที่ 13 ต.ไร่ขิง อ.สามพราน จ.นครปฐม 73210,73210
T092B030B276G262,ธนาคารออมสิน,สาขาชุมแพ(G2) 199/1 หมู่ที่ 8 ถ.มะลิวัลย์ ต.ชุมแพ อ.ชุมแพ จ.ขอนแก่น 40130,40130
T091B030B869G262,ธนาคารออมสิน,สาขาบิ๊กซี บางปะกอก(G1) ห้องเลขที่ 3CR309 ชั้น 3 ห้างบิ๊กซี บางปะกอก  เลขที่ 278 หมู่ที่ 1 ถ.สุขสวัสดิ์ แขวงบางปะกอก เขตราษฎร์บูรณะ กรุงเทพฯ 10140,10140
T091B030B790G262,ธนาคารออมสิน,สาขาถนนสรงประภา(G1) 310/91-92 ถ.สรงประภา แขวงสีกัน เขตดอนเมือง กรุงเทพฯ 10210,10210
T091B030B628G262,ธนาคารออมสิน,สาขาบุญสัมพันธ์(G1)    99/6-7 หมู่ที่ 5 ต.หนองปรือ อ.บางละมุง จ.ชลบุรี 20150,20150
T091B030B020G262,ธนาคารออมสิน,สาขาภูเก็ต(G1)    125 ชั้น 2 ถ.พังงา ต.ตลาดใหญ่ อ.เมืองภูเก็ต จ.ภูเก็ต 83000,83000
T091B030B612G262,ธนาคารออมสิน,สาขาห้าแยกฉลอง(G1)     1/41-42 หมู่ที่ 9 ต.ฉลอง อ.เมืองภูเก็ต จ.ภูเก็ต 83130,83130
T252B030BE10G262,ธนาคารออมสิน,หจก. วัฒนาฮาร์ดแวร์ 22/21 ม.6 ต.พหลโยธิน แขวงสายไหม เขตสายไหม กทม. 10220,10220
T092B030B672G262,ธนาคารออมสิน,สาขาอนุสรณ์สถานแห่งชาติ(G2)  22/53 หมู่ที่ 6 ถ.พหลโยธิน แขวงสายไหม เขตสายไหม กรุงเทพฯ 10220,10220
T091B030B008G262,ธนาคารออมสิน,สาขาจันทบุรี(G1) 25/1 ถ.ท่าหลวง ต.วัดใหม่ อ.เมืองจันทบุรี จ.จันทบุรี 22000,22000
T092B030B008G262,ธนาคารออมสิน,สาขาจันทบุรี(G2) 25/1 ถ.ท่าหลวง ต.วัดใหม่ อ.เมืองจันทบุรี จ.จันทบุรี 22000,22000
T091B030B747G262,ธนาคารออมสิน,สาขาถนนทัพพระยา(G1) 316/26 หมู่ที่ 12 ต.หนองปรือ อ.บางละมุง จ.ชลบุรี 20150,20150
T091B030B324G262,ธนาคารออมสิน,สาขาปากพนัง(G1)   108 ถ.ชายน้ำ ต.ปากพนัง อ.ปากพนัง จ.นครศรีธรรมราช 80140,80140
T091B030B793G262,ธนาคารออมสิน,สาขาสยามคันทรีคลับ(G1)  19/110-111 หมู่ที่ 6 ต.หนองปรือ อ.บางละมุง จ.ชลบุรี 20150,20150
T026B030BE23G262,ธนาคารออมสิน,องค์การบริหารส่วนตำบลด่านชุมพล เลขที่ 115 หมู่1 ต.ด่านชุมพล อ.บ่อไร่ จ.ตราด 23140,23140
T091B030B979G262,ธนาคารออมสิน,สาขาเรนโบว์ พลาซา จันทบุรี(G1)  อาคารเรนโบว์ พลาซา ห้องเลขที่ A2  เลขที่ 22/54-56 หมู่ที่ 7 ต.จันทนิมิตร อ.เมืองจันทบุรี จ.จันทบุรี 22000,22000
T091B030B940G262,ธนาคารออมสิน,สาขาประชานิเวศน์ 1(G1)   99/196-197 ถ.เทศบาลสงเคราะห์ แขวงลาดยาว เขตจตุจักร กรุงเทพฯ 10900,10900
T091B030B821G262,ธนาคารออมสิน,สาขาถนนนาใน (ป่าตอง)(G1) 140/42-43 ถ.นาใน ต.ป่าตอง อ.กะทู้ จ.ภูเก็ต 83150,83150
T015B030BE83G262,ธนาคารออมสิน,"โลตัสเอ็กซ์เพรส กมลาบีช    75/12-14,73/131 หมู่ 3 ตำบลกมลา อำเภอกะทู้ จังหวัดภูเก็ต 83150",83150
T092B030B782G262,ธนาคารออมสิน,สาขาเซ็นทรัล ลาดพร้าว(G2) ศูนย์การค้าเซ็นทรัลพลาซา ลาดพร้าว ชั้น 2 ห้องเลขที่ 230 เลขที่ 1691 ถ.พหลโยธิน แขวงลาดยาว เขตจตุจักร กรุงเทพฯ 10900,10900
T035B030BE71G262,ธนาคารออมสิน,ร้านเปี๊ยก พานิช 51 ม.7 ต.หนองกุ่ม อ.บ่อพลอย จ.กาญจนบุรี 71160,71160
T092B030B950G262,ธนาคารออมสิน,สาขานิคมอุตสาหกรรมบางพลี(G2) 200/16-18 หมู่ที่ 1 ถ.เทพารักษ์ ต.บางเสาธง อ.บางเสาธง จ.สมุทรปราการ 10570,10570
T019B030BE71G262,ธนาคารออมสิน,ร้านซุปเปอร์สุขสวัสดิ์ พาณิชย์        33/9 ม.4 ต.ลิ่นถิ่น อ.ทองผาภูมิ จ.กาญจนบุรี 71180,71180
T091B030B340G262,ธนาคารออมสิน,สาขาขนอม(G1)  109 หมู่ที่ 3 ถ.อัครวิถี ต.ขนอน อ.ขนอม จ.นครศรีธรรมราช 80210,80210
T092B030B994G262,ธนาคารออมสิน,สาขาบิ๊กซี ศรีนครินทร์(G2)   ห้องเลขที่ GCR103 ชั้น 1 บิ๊กซี สาขาศรีนครินทร์  เลขที่ 425 หมู่ที่ 5 ถ.ศรีนครินทร์ ต.สำโรงเหนือ อ.เมืองสมุทรปราการ จ.สมุทรปราการ 10270,10270
T120B030BE20G262,ธนาคารออมสิน,7-Eleven สาขาตลาดเนตรดี (9038)    เลขที่ 53/8 ถ.เนตรดี ต.แสนสุข อ.เมืองชลบุรี จ.ชลบุรี 20000,20000
T020B030BE22G262,ธนาคารออมสิน,ตลาดเทศบาลตำบลทับช้าง   91/4 หมู่ 1 ถนนจันทบุรี-สระแก้ว ต.ทับช้าง อ.สอยดาว จ.จันทบุรี,22180
T092B030B340G262,ธนาคารออมสิน,สาขาขนอม(G2)  109 หมู่ที่ 3 ถ.อัครวิถี ต.ขนอน อ.ขนอม จ.นครศรีธรรมราช 80210,80210
T091B030B428G262,ธนาคารออมสิน,สาขาสอยดาว(G1)     177 หมู่ที่ 1 ต.ปะตง อ. สอยดาว จ.จันทบุรี 22180,22180
T091B030B977G262,ธนาคารออมสิน,สาขาชัยมงคล-ตราด(G1)  72 ถ.ชัยมงคล ต.บางพระ อ.เมืองตราด จ.ตราด 23000,23000
T092B030B633G262,ธนาคารออมสิน,"สาขาเชิงทะเล(G2) 141,143 หมู่ที่ 1 ถ.ศรีสุนทร ต.เชิงทะเล อ.ถลาง จ.ภูเก็ต 83110",83110
T091B030B491G262,ธนาคารออมสิน,สาขาถลาง(G1) 169/10 หมู่ที่ 1 ถ.เทพกษัตรี ต.เทพกษัตรี อ.ถลาง จ.ภูเก็ต 83110,83110
T054B030BE80G262,ธนาคารออมสิน,7-Eleven สาขาถ้ำพรรณรา (8589)           ที่ดินเปล่า ต.ดุสิต อ.ถ้ำพรรณรา จ.นครศรีธรรมราช 80260 ,80260
T091B030B512G262,ธนาคารออมสิน,"สาขารามอินทรา กม.7(G1)  168, 170 หมู่ที่ 14 ถ.รามอินทรา แขวงรามอินทรา  เขตคันนายาว กรุงเทพฯ 10230",10230
T091B030B214G262,ธนาคารออมสิน,สาขาหันคา(G1)   274/2 หมู่ที่ 1 ถ.บรรจบวิถี  ต.หันคา อ.หันคา จ.ชัยนาท 17130,17130
T092B030B682G262,ธนาคารออมสิน,สาขาสวนผึ้ง(G2)   314/20-21 หมู่ที่ 1 ถ.ราชบุรี-สวนผึ้ง  ต.ป่าหวาย อ.สวนผึ้ง จ.ราชบุรี 70180,70180
T033B030BE80G262,ธนาคารออมสิน,7-Eleven สาขาเขานัน ท่าศาลา (13059)        73/14 73/17 73/26 73/28 73/30 หมู่ 4 ต.กลาย  อ.ท่าศาลา จ.นครศรีธรรมราช 80160,80160
T091B030B877G262,ธนาคารออมสิน,สาขาพรหมคีรี(G1)  11 หมู่ที่ 1 ถ.น้ำตกพรหมโลก  ต.พรหมโลก อ.พรหมคีรี จ.นครศรีธรรมราช 80320,80320
T092B030B504G262,ธนาคารออมสิน,สาขาทุ่งใหญ่(G2)  9 หมู่ที่ 2 ถ.ทุ่งใหญ่-พระแสง ต.ท่ายาง อ.ทุ่งใหญ่ จ.นครศรีธรรมราช 80240,80240
T091B030B817G262,ธนาคารออมสิน,สาขาอมตะนคร(G1) 69/18-19 หมู่ที่ 6 ถ.สุขประยูร ต.ดอนหัวฬ่อ อ.เมืองชลบุรี จ.ชลบุรี 20000,20000
T520B030BE10G262,ธนาคารออมสิน,ห้างสรรพสินค้าเซ็นทรัลพลาซาลาดพร้าว ชั้น 1 (ประตู D)        อาคารเซ็นทรัลพลาซ่าลาดพร้าว  1693 ถ.พหลโยธิน แขวงจตุจักร  เขตจตุจักร กรุงเทพ 10900,10900
T091B030B751G262,ธนาคารออมสิน,สาขาอีสท์วอเตอร์(G1)  ชั้น 1 อาคารอีสท์วอเตอร์  เลขที่ 1 ซอยวิภาวดีรังสิต 5 ถ.วิภาวดีรังสิต แขวงจอมพล เขตจตุจักร กรุงเทพฯ 10900,10900
T092B030B571G262,ธนาคารออมสิน,สาขาลูกแก(G2)  82 หมู่ที่ 6 ต.ดอนขมิ้น อ.ท่ามะกา จ.กาญจนบุรี 71120,71120
T076B030BE80G262,ธนาคารออมสิน,"7-Eleven สาขาปตท.นาพรุ (9253)    116,117 ม.2 ต.นาพรุ อ.พระพรหม จ.นครศรีธรรมราช 80000",80000
T005B030BE85G262,ธนาคารออมสิน,ร้านตำบลปากจั่น (ร้านสินเสถียร)        8  ม.4  ต.ปากจั่น  อ.กระบุรี  จ.ระนอง 85110,85110
T092B030B716G262,ธนาคารออมสิน,สาขาถนนเรืองราษฎร์(G2)   337 ถ.เรืองราษฎร์ ต.เขานิเวศน์ อ.เมืองระนอง จ.ระนอง 85000,85000
T091B0301011G262,ธนาคารออมสิน,สาขาอ.ต.ก.  องค์การตลาดเพื่อการเกษตร(G1)     ภายในองค์การตลาดเพื่อเกษตรกร  เลขที่ 101 ถ.ย่านพหลโยธิน  แขวงจตุจักร เขตจตุจักร กรุงเทพฯ 10900,10900
T069B030BE60G262,ธนาคารออมสิน,บ้านพลัง 41/3 ม.3 ต.หนองกรด   อ.บรรพตพิสัย  จ.นครสวรรค์,60180
T092B030B953G262,ธนาคารออมสิน,สาขาชุมตาบง(G2)         139/4-5 หมู่ที่ 5 ต.ชุมตาบง  อ.ชุมตาบง จ.นครสวรรค์ 60150,60150
T091B030B597G262,ธนาคารออมสิน,สาขาเกาะยาว(G1)          37/6 หมู่ที่ 2 ต.เกาะยาวน้อย อ.เกาะยาว จ.พังงา 82160,82160
T091B030B338G262,ธนาคารออมสิน,สาขาโคกกลอย(G1)  67 หมู่ที่ 2 ถ.เพชรเกษม ต.โคกลอย อ.ตะกั่วทุ่ง จ.พังงา 82140,82140
T091B030B069G262,ธนาคารออมสิน,สาขาพังงา(G1)  203 ถ.เพชรเกษม ต.ท้ายช้าง อ.เมือง จ.พังงา 82000,82000
T025B030BE81G262,ธนาคารออมสิน,บ้านเลขที่ 89/1 ม.3  ถ.อ่าวลึก-แหลมสัก  ต.แหลมสัก  อ.อ่าวลึก  จ.กระบี่  81110,81110
T091B0301048G262,ธนาคารออมสิน,"สาขาเดอะคริสตัล(G1)  ชั้น 3 ห้องเลขที่ 302-303 ศูนย์การค้าเดอะคริสตัล  อาคาร I เลขที่ 213,215 แขวงลาดพร้าว เขตลาดพร้าว กรุงเทพฯ 10230",10230
T270B030BE10G262,ธนาคารออมสิน,พีแอนด์พี เฮาส์ 1  224 ประชาสงห์เคราะห์ 27 ซ.เพิ่มสิน เขตดินแดง กรุงเทพฯ 10400,10400
T092B030B039G262,ธนาคารออมสิน,สาขานนทบุรี(G2) 22/31 ถ.ประชาราษฎร์ สวนใหญ่ อ.เมืองนนทบุรี จ.นนทบุรี 11000,11000
T042B030BE10G262,ธนาคารออมสิน,เดอะ ทเวนตี้ไนน์ เฮาส์  192 ถ.สุทธิสารวินิจฉัย แขวงสามเสนใน เขตพญาไท กรุงเทพฯ 10400,10400
T092B030B930G262,ธนาคารออมสิน,สาขาทับคล้อ(G2) 350/2-3 หมู่ที่ 9 ต.ทับคล้อ อ.ทับคล้อ จ.พิจิตร 66150,66150
T055B030BE65G262,ธนาคารออมสิน,หจก.วังนกแอ่นการปิโตรเลี่ยม (หจก.วังนกแอ่นเซอร์วิส (ปตท.) 177/1 ม.6 ต.วังนกแอ่น อ.วังทอง จ.พิษณุโลก 65130,65130
T091B030B088G262,ธนาคารออมสิน,สาขาลำพูน(G1) 186 ถ.อินทยงยศ ต.ในเมือง อ.เมืองลำพูน จ.ลำพูน 51000,51000
T091B030B981G262,ธนาคารออมสิน,สาขาบิ๊กซี เชียงใหม่ (ดอนจั่น)(G1) หมู่ที่ 3 208 ถนน ซุปเปอร์ไฮเวย์ เชียงใหม่-ลำปาง อำเภอเมืองเชียงใหม่ เชียงใหม่ 50000,50000
T093B030BE50G262,ธนาคารออมสิน,ตลาดศิริวัฒนา 105/1-5 ถ.ราชวงศ์ ต.ช้างม่อย อ.เมือง จ.เชียงใหม่ 50300,50300
T013B030BE58G262,ธนาคารออมสิน,7-Eleven  สาขาอ.แม่สะเรียง (6740) 72/2 หมู่ที่ 1 ต.แม่สะเรียง อ.แม่สะเรียง จ.แม่ฮ่องสอน 58110,58110
T091B030B963G262,ธนาคารออมสิน,สาขาบ้านดู่(G1) 287/3-5 หมู่ที่ 4 ต.บ้านดู่ อ.เมืองเชียงราย จ.เชียงราย 57100,57100
T094B030B963G262,ธนาคารออมสิน,หน่วยให้บริการมหาวิทยาลัยราชภัฏเชียงราย(G4) 287/3-5 หมู่ที่ 4 ต.บ้านดู่ อ.เมืองเชียงราย จ.เชียงราย 57100 053-151615,57100
T053B030BE57G262,ธนาคารออมสิน,ตลาดล้านเมือง  55/11 ต.สันทราย อ.เมือง จ.เชียงราย 57000,57000
T091B030B967G262,ธนาคารออมสิน,สาขาฟากท่า(G1)  123 หมู่ที่ 1 ต.ฟากท่า อ.ฟากท่า จ.อุตรดิตถ์ 53160,53160
T091B030B937G262,ธนาคารออมสิน,สาขาลอง(G1) 205-205/1 หมู่ที่ 6 ต.ห้วยอ้อ อ.ลอง จ.แพร่ 54150,54150
T199B030BE30G262,ธนาคารออมสิน,ตลาดเทิดไท (ตาลคู่)  1105 ต.สุรนารี อ.เมืองนครราชสีมา จ.นครราชสีมา 30000,30000
T091B030B935G262,ธนาคารออมสิน,สาขาบ้านกรวด(G1)  304-304/1 หมู่ที่ 4 ต.ปราสาท อ.บ้านกรวด จ.บุรีรัมย์ 31180,31180
T044B030BE31G262,ธนาคารออมสิน,ตลาดเทศบาลเมืองบุรีรัมย์ (ตลาดไนท์บาร์ซา)     เทศบาลเมืองบุรีรัมย์ อ.เมือง จ.บุรีรัมย์ 31000,31000
T010B030BE33G262,ธนาคารออมสิน,7-Eleven ปตท.ไพรบึง (7621)   189/1 หมู่ที่ 5 ต.สำโรงพลัน  อ.ไพรบึง จ.ศรีสะเกษ 33180,33180
T092B030B971G262,ธนาคารออมสิน,สาขาเซ็นทรัล อุบลราชธานี(G2) ห้องเลขที่ 334 ชั้น 3 ศูนย์การค้าเซ็นทรัลพลาซา อุบลราชธานี เลขที่ 311 หมู่ที่ 7 ต.แจระแม อ.เมืองอุบลราชธานี จ.อุบลราชธานี 34000,34000
T075B030BE34G262,ธนาคารออมสิน,องค์การบริหารส่วนตำบลโคกชำแระ    ม.9 ถ.เดชอุดม-น้ำยืน ต.โคกชำแระ อ.ทุ่งศรีอุดม จ.อุบลราชธานี,34160
T092B030B954G262,ธนาคารออมสิน,สาขาตลาดพุเตย(G2)     199-199/2 หมู่ที่ 3 ต.พุเตย อ.วิเชียรบุรี จ.เพชรบูรณ์ 67180,67180
T092B030B951G262,ธนาคารออมสิน,สาขาวังโป่ง(G2)  688 หมู่ที่ 1 ต.วังโป่ง อ.วังโป่ง จ.เพชรบูรณ์ 67240,67240
T043B030BE67G262,ธนาคารออมสิน,ร้านเจริญรุ่งเรือง 80/1 หมู่ 2 ต.วังศาล อ.วังโป่ง จ.เพชรบูรณ์ 67240,67240
T091B030B010G262,ธนาคารออมสิน,สาขามหาสารคาม(G1)   445  ถ.นครสวรรค์ ต.ตลาด อ.เมืองมหาสารคาม จ.มหาสารคาม 44000,44000
T074B030BE40G262,ธนาคารออมสิน,ร้านแสงเจริญ ซุปเปอร์มาร์เก็ต     622 ม.3 ถ.กุดฉิม-ภูเวียง ต.ภูเวียง อ.ภูเวียง ขอนแก่น 40150,40150
T012B030BE75G262,ธนาคารออมสิน,บริษัท พระราม 2 ปิโตรเลียม จำกัด (ปตท.)  13/12 หมู่ 6 ถ.พระราม 2 ต.คลองโคน อ.เมือง จ.สมุทรสงคราม 75000,75000
T008B030BE46G262,ธนาคารออมสิน,ร้านเจเอส แลนด์มาร์ท 224 ถ.ถีนานนท์ ต.สมเด็จ อ.สมเด็จ จ.กาฬสินธุ์,46150
T092B030B978G262,ธนาคารออมสิน,สาขาโรบินสัน สกลนคร(G2)   ห้องเลขที่ 201- 4 ชั้น 2 ห้างสรรพสินค้าโรบนสัน สกลนคร เลขที่ 88/8 ถ.นิตโย ต.ธาตุเชิงชุม อ.เมืองสกลนคร จ.สกลนคร 47000,47000
T032B030BE35G262,ธนาคารออมสิน,ร้านรวมยาเภสัชกร 661 ม.1 ต.ลุมพุก อ.คำเขื่อนแก้ว จ.ยโสธร 35110,35110
T091B030B145G262,ธนาคารออมสิน,สาขาชะอำ(G1)   499/34  ถ.เพชรเกษม ต.ชะอำ อ.ชะอำ จ.เพชรบุรี 76120,76120
T092B030B999G262,ธนาคารออมสิน,สาขาเซ็นทรัลเฟสติวัล หาดใหญ่(G2)     ชั้น 3 ห้องเลขที่ 333 โครงการเซ็นทรัลเฟลติวัล หาดใหญ่ เลขที่ 1518/1-2 ถ.กาญจนวณิช ต.หาดใหญ่ อ.หาดใหญ่ จ.สงขลา 90110,90110
T080B030BE84G262,ธนาคารออมสิน,ห้างสรรพสินค้าเทสโก้โลตัส สาขาเวียงสระ      222 หมู่ 1 ต.เวียงสระ อ.เวียงสระ จ.สุราษฎร์ธานี 84190,84190
T092B030B726G262,ธนาคารออมสิน,สาขาเกาะพะงัน(G2)  50/10-11 หมู่ที่1 ต.เกาะพะงัน อ.เกาะพะงัน จ.สุราษฎร์ธานี 84280,84280
T091B030B652G262,ธนาคารออมสิน,"สาขาบ่อผุด(G1) 11/74,1/75 หมู่ที่ 6 ถนนทวีราษฎร์ภักดี ตำบลบ่อผุด อำเภอเกาะสมุย จังหวัดสุรษฎร์ธานี 84320",84320
T031B030BE72G262,ธนาคารออมสิน,7-Eleven สาขาชุมชนวัดป่าเลไลย์ (7753)     ที่ดินเปล่า ถ.มาลัยแมน ต.รั้วใหญ่ อ.เมืองสุพรรณบุรี จ.สุพรรณบุรี 72000,72000
T066B030BE76G262,ธนาคารออมสิน,อาคารร้านขายอาหารหาดเจ้าสำราญ หมู่4 ต.หาดเจ้าสำราญ อ.เมือง จ.เพชรบุรี 76100,76100
T003B030BE76G262,ธนาคารออมสิน,กองร้อยฝึกรบพิเศษที่ 1  หมู่ 3 ต.แก่งกระจาน อ.แก่งกระจาน จ.เพชรบุรี 76170,76170
T092B030B047G262,ธนาคารออมสิน,สาขาคลองเตย(G2) 1210 ถ.พระราม 4 แขวงคลองเตย เขตคลองเตย กรุงเทพฯ 10110,10110
T092B030B714G262,ธนาคารออมสิน,"สาขาเซ็นทรัลเฟสติวัล สมุย (G2) ชั้น 2 ห้องเลขที่ 237 โครงการศูนย์การค้า เซ็นทรัลเฟสติวัล สมุย เลขที่ 209, 209/1-2 หมู่ที่ 2 ต.บ่อผุด อ.เกาะสมุย จ.สุราษฎร์ธานี 84320",84320
T069B030BE84G262,ธนาคารออมสิน,7-Eleven สาขาศูนย์ควนสามัคคี (8761)    33/2-3 ม.1 ต.พ่วงพรมคร อ.เคียนซา จ.สุราษฎร์ธานี 84210,84210
T023B030BE76G262,ธนาคารออมสิน,บ้านขนมนันทวัน 607  ม.5  ถ.เพชรเกษม ต.บ้านหม้อ อ.เมือง จ.เพชรบุรี 76000,76000
T002B030BE77G262,ธนาคารออมสิน,กองบิน 5  135 ต.เกาะหลัก อ.เมือง จ.ประจวบคีรีขันธ์,77000
T091B0301076G262,ธนาคารออมสิน,สาขาไอคอนสยาม(G1) ห้องเลขที่ 503-504 ชั้น 5 ศูนย์การค้าไอคอนสยาม  เลขที่ 299 ซอยเจริญนคร 5 ถ.เจริญนคร  แขวงคลองต้นไทร เขตคลองสาน กรุงเทพฯ 10600,10600
T825B030BE10G262,ธนาคารออมสิน,7-Eleven สาขาสุเหร่าคลองหนึ่ง ซ.13 (12149)  แขวงบางชัน เขตคลองสามวา จ.กรุงเทพฯ 10510,10510
T091B030B847G262,ธนาคารออมสิน,สาขาบิ๊กซี ลาดพร้าว 2(G1)  ชั้น 2 ห้องเลขที่ 2CR134/1A ศูนย์การค้าบิ๊กซี ซุปเปอร์เซ็นเตอร์(สาขาลาดพร้าว 2)  เลขที่ 669 ถ.ลาดพร้าว แขวงจอมพล เขตจตุจักร กรุงเทพฯ 10900,10900
T092B030B743G262,ธนาคารออมสิน,สาขาบิ๊กซี หทัยราษฎร์(G2)   458/2 ถ.เลียบคลองสอง แขวงบางชัน เขตคลองสามวา กรุงเทพฯ 10510,10510
T021B030BE84G262,ธนาคารออมสิน,ร้านมาลีการพยาบาลและผดุงครรภ์     31/4 ม.10 ต.สมอทอง อ.ท่าชนะ จ.สุราษฎร์ธานี 84170,84170
T091B030B909G262,ธนาคารออมสิน,สาขาเซ็นทรัลพลาซา สุราษฎร์ธานี(G1)  88 หมู่ที่ 10 ต.วัดประดู่ อ.เมือง จ.สุราษฎร์ธานี 84000,84000
T091B030B832G262,ธนาคารออมสิน,สาขาขุนทะเล(G1)  83/12-13 หมู่ที่1 ถ.สุราษฎร์-นาสาร  ต.ขุนทะเล อ.เมืองสุราษฎร์ธานี จ.สุราษฎร์ธานี 84000,84000
T091B0301053G262,ธนาคารออมสิน,สาขาสหไทย สุราษฎร์ธานี(G1)    ชั้น 1 ห้องเลขที่ 106 ศูนย์การค้าสหไทย การ์เด้น พลาซ่า สุราษฎร์ธานี เลขที่ 528/1 ถ.ตลาดใหม่ ต.ตลาด อ.เมืองสุราษฎร์ธานี จ.สุราษฎร์ธานี 84000,84000
T091B030B016G262,ธนาคารออมสิน,สาขาเพชรบุรี(G1)  204 ชั้น 2 หมู่ที่ 1  ถ.เพชรเกษม ต.ไร่ส้ม อ.เมืองเพชรบุรี  จ.เพชรบุรี 76000,76000
T091B030B616G262,ธนาคารออมสิน,สาขาตลาดฉัตรไชย(G1)  13/12-14  ถ.สระสรง ต.หัวหิน อ.หัวหิน จ.ประจวบคีรีขันธ์ 77110,77110
T092B030B616G262,ธนาคารออมสิน,สาขาตลาดฉัตรไชย(G2) 13/12-14  ถ.สระสรง ต.หัวหิน อ.หัวหิน จ.ประจวบคีรีขันธ์ 77110,77110
T007B030BE75G262,ธนาคารออมสิน,7-Eleven สาขาราชญาติรักษา(6392)       74/22 23 ถ.ราชญาติรักษา ต.แม่กลอง อ.เมืองสมุทรสงคราม จ.สมุทรสงคราม 75000  ,75000
T091B030B127G262,ธนาคารออมสิน,สาขาอัมพวา(G1)   16  ถ.พวงสมบูรณ์ ต.อัมพวา อ.อัมพวา จ.สมุทรสงคราม 75110,75110
T004B030BE75G262,ธนาคารออมสิน,ตลาดน้ำท่าคา (ศูนย์ส่งเสริมการท่องเที่ยวตลาดน้ำท่าคา)     หมู่ 2 ต.ท่าคา อ.อัมพวา จ.สมุทรสงคราม 75110,75110
T027B030BE70G262,ธนาคารออมสิน,โรงพยาบาลราชบุรี ถ.สมบูรณ์กุล ต.หน้าเมือง อ.เมือง จ.ราชบุรี 70000,70000
T091B030B701G262,ธนาคารออมสิน,สาขาศรีสุริยวงศ์(G1) 143/15-16 ถ.ศรีสุริยวงศ์ ต.หน้าเมือง อ.เมืองราชบุรี  จ.ราชบุรี 70000,70000
T022B030BE84G262,ธนาคารออมสิน,ร้านจิตต์อำนวยการเกษตร     131 ม.1 ต.ปากแพรก อ.ดอนสัก จ.สุราษฎร์ธานี 84340,84340
T091B030B833G262,ธนาคารออมสิน,สาขาบ้านนาเดิม(G1)  92/17-18 หมู่ที่ 2 ต.บ้านนา อ.บ้านนาเดิม จ.สุราษฎร์ธานี 84240,84240
T091B030B105G262,ธนาคารออมสิน,สาขากระบี่(G1) 27 ถ.อุตรกิจ ต.ปากน้ำ อ.เมืองกระบี่ จ.กระบี่ 81000,81000
T091B030B446G262,ธนาคารออมสิน,สาขาพร้อมพงษ์ เครื่องที่ 1(G1)   659 ถ.สุขุมวิท ปากซอยสุขุมวิท 39  แขวงคลองตันเหนือ เขตวัฒนา กรุงเทพฯ 10110,10110
T093B030B001G262,ธนาคารออมสิน,สำนักงานใหญ่ อาคาร 1 เครื่องที่ 2 (G3) 470 ถนน พหลโยธิน แขวง สามเสนใน เขตพญาไท กรุงเทพมหานคร 10400,10400
T017B030BE70G262,ธนาคารออมสิน,CJ Express สาขาด่านทับตะโก       91 ม.1 ต.ด่านทับตะโก อ.จอมบึง จ.ราชบุรี   70150,70150
T092B030B580G262,ธนาคารออมสิน,สาขาพนม(G2)  326 หมู่ที่ 1 ถ.สุราษฎร์-ตะกั่วป่า ต.พนม อ.พนม จ.สุราษฎร์ธานี 84250,84250
T026B030BE16G262,ธนาคารออมสิน,ร้านล้อฮงไถ่เคหะภัณฑ์  43-43/1 ม.4 ถ.พหลโยธิน ต.ท่าศาลา อ.เมืองลพบุรี จ.ลพบุรี 15000,15000
T091B030B135G262,ธนาคารออมสิน,สาขาปากท่อ(G1)    462/1 หมู่ที่ 1  ถ.ราษฎร์เกษม ต.ปากท่อ อ.ปากท่อ จ.ราชบุรี 70140,70140
T047B030BE80G262,ธนาคารออมสิน,7-Eleven สาขาหน้าราชภัฎนครศรีธรรมราช (6865)         45/3 หมู่ 4 ต.ท่างิ้ว อ.เมืองนครศรีธรรมราช จ.นครศรีธรรมราช 80280,80280
T091B030B023G262,ธนาคารออมสิน,สาขานครศรีธรรมราช(G1)   1807 ถ.ยมราช ต.ท่าวัง อ.เมืองนครศรีธรรมราช จ.นครศรีธรรมราช 80000,80000
T092B030B023G262,ธนาคารออมสิน,สาขานครศรีธรรมราช(G2) 1807 ถ.ยมราช ต.ท่าวัง  อ.เมืองนครศรีธรรมราช จ.นครศรีธรรมราช 80000,80000
T091B030B848G262,ธนาคารออมสิน,สาขาบ้านพรุ(G1) 432/5-6 ถ.กาญจนวนิช ต.บ้านพรุ อ.หาดใหญ่ จ.สงขลา 90250,90250
T092B030B848G262,ธนาคารออมสิน,สาขาบ้านพรุ(G2) 432/5-6 ถ.กาญจนวนิช ต.บ้านพรุ อ.หาดใหญ่ จ.สงขลา 90250,90250
T091B030B733G262,ธนาคารออมสิน,สาขาราษฎร์อุทิศ หาดใหญ่(G1) 62/5 ถ.ราษฎร์อุทิศ ต.หาดใหญ่ อ.หาดใหญ่ จ.สงขลา 90110,90110
T020B030BE92G262,ธนาคารออมสิน,7-Eleven สาขาวิเศษกุล (1040) เลขที่ 177-179 ถ. วิเศษกุล ต.ทับเที่ยง อ.เมืองตรัง จ.ตรัง 92000,92000
T091B030B425G262,ธนาคารออมสิน,สาขาหาดใหญ่ใน(G1) 1064 ถ.เพชรเกษม ต.หาดใหญ่ อ.หาดใหญ่ จ.สงขลา 90110,90110
T091B0301012G262,ธนาคารออมสิน,สาขาศูนย์การค้าสลากไทย (G1) ชั้น 2 โครงการศูนย์การค้าสลากไทย เลขที่ 347 ถ.สนามบินน้ำ ต.ท่าทราย อ.เมืองนนทบุรี จ.นนทบุรี 11000,11000
T091B030B614G262,ธนาคารออมสิน,สาขาอิมพีเรียลเวิลด์สำโรง(G1) ศูนย์การค้าอิมพีเรียล เวิลด์ สำโรง ชั้น 2 เลขที่ 999 หมู่ที่ 1 ถ.สุขุมวิท ต.สำโรงเหนือ อ.เมืองสมุทรปราการ จ.สมุทรปราการ 10270,10270
T091B030B763G262,ธนาคารออมสิน,สาขาสวนอุตสาหกรรมโรจนะ(G1) ห้องเลขที่ 199/12-14 ต.สามเรือน อ.บางปะอิน จ.พระนครศีอยุธยา 13160,13160
T092B030B763G262,ธนาคารออมสิน,สาขาสวนอุตสาหกรรมโรจนะ(G2) ห้องเลขที่ 199/12-14 ต.สามเรือน อ.บางปะอิน จ.พระนครศีอยุธยา 13160,13160
T091B030B837G262,ธนาคารออมสิน,เดอะพาซิโอ พาร์ค กาญจนาภิเษก 32/2-8 ถ.กาญจนาภิเษก แขวงบางระมาด เขตตลิ่งชัน กรุงเทพมหานคร 10170,10170
T091B030B785G262,ธนาคารออมสิน,สาขาทุ่งครุ(G1) 52 ถ.ประชาอุทิศ แขวงทุ่งครุ เขตทุ่งครุ กรุงเทพฯ 10140,10140
T052B030BE90G262,ธนาคารออมสิน,ร้านมินิมาร์ท่าช้าง 4/5  ม.8  ต.คลองแห  อ.หาดใหญ่  จ.สงขลา 90110,90110
T007B030BE90G262,ธนาคารออมสิน,ร้านจีน่า แฟมิลี่มาร์ท 243/3 หมู่ 7 ต.คูเต่า อ.หาดใหญ่ จ.สงขลา 90110,90110
T092B030B723G262,ธนาคารออมสิน,สาขาสุขุมวิท-สัตหีบ(G2) 4/57-58 หมู่ที่ 7 ต.สัตหีบ อ.สัตหีบ จ.ชลบุรี 20180,20180
T542B030BE10G262,ธนาคารออมสิน,ทุ่งครุพลาซ่า ซ.ประชาอุทิศ 61 ถ.ประชาอุทิศ แขวงทุ่งครุ เขตทุ่งครุ จ.กรุงเทพฯ 10140,10140
A345446047,ธนาคารอาคารสงเคราะห์,สาขานครราชสีมา  517/143-145 ถนน มิตรภาพ-หนองคาย ต.ในเมือง อ.เมืองนครราชสีมา จ.นครราชสีมา 30000,30000
A345446049,ธนาคารอาคารสงเคราะห์,สาขานครปฐม 364/7 ถ.เทศา ต.พระประโทน อ.เมืองนครปฐม จ.นครปฐม 73000,73000
A35E445382,ธนาคารอาคารสงเคราะห์,สาขายะลา  215/3-4 ถ.สิโรรส ต.สะเตง อ.เมืองยะลา จ.ยะลา 95000 โทรฯ 073-223-551-5,95000
A35E445386,ธนาคารอาคารสงเคราะห์,สนญ(หน้าธนาคาร) ตัวที่ 2  63 พระราม 9 แขวงห้วยขวาง เขตห้วยขวาง กรุงเทพมหานคร 10310  โทรฯ 02-645-9000,10310
A35E445387,ธนาคารอาคารสงเคราะห์,สาขาบ่อวิน  128/415-6 หมู่ 3 ถนน ปากร่วม-ห้วยปราบ ต.บ่อวิน อ.ศรีราชา จ.ชลบุรี 20230  โทรฯ 038-173-049-54,20230
A35E445394,ธนาคารอาคารสงเคราะห์,"สาขาน่าน  179-180 หมู่ 6 ถ.ยันตรกิจโกศล ต.ดู่ใต้ อ.เมืองน่าน จ.น่าน 55000  โทรฯ 054-771-362-3, 054-710-666, 054-711-699",55000
AC11361058,ธนาคารออมสิน,"สาขาไอคอนสยาม ตั้งอยู่ที่ 259, 289, 299 ซอยเจริญนคร 5 ถนนเจริญนคร แขวงคลองต้นไทร เขตคลองสาน กรุงเทพมหานคร",10600
AC11361065,ธนาคารออมสิน,สาขาบางแค 709 หมู่ที่15 ถ.เพชรเกษม แขวงบางหว้า เขตภาษีเจริญ กทม 10160  โทร. 02-413-1108,10160
AC11361066,ธนาคารออมสิน,"สาขาถนนจอมพล 525  ถ.จอมพล ต.ในเมือง  อ.เมือง จ.นครราชสีมา 30000  โทร. 0-4425-7147, IP443121 /0-4425-7636, 0-4426-8053 ",30000
AC11361069,ธนาคารออมสิน,"สาขาแฟชั่นไอส์แลนด์ 2  8004 ชั้นB ศูนย์การค้าแฟชั่นไอส์แลนด์ เลขที่ 587,589,589/7-9 ถ.รามอินทรา แขวงคันนายาว เขตคันนายาว กทม. 10230 โทร. 02-508-3840-2",10230
AC11361070,ธนาคารออมสิน,สาขาเดอะมอลล์ บางแค อาคารศูนย์การค้าเดอะมอลล์ สาขาบางแค ชั้น 3 ห้องเลขที่ 3S-F8-F9 เลขที่ 275 หมู่ที่ 1 ถนนเพชรเกษม แขวงบางแคเหนือ เขตบางแค กรุงเทพฯ 10160,10160
AC2Z338179,ธนาคารอาคารสงเคราะห์,สำนักงานใหญ่ เครื่องที่ 1  สำนักงานใหญ่. 63 ถนนพระราม 9 เขตห้วยขวาง กรุงเทพมหานคร 10310  โทร. 02-645-9000 แฟกซ์. 02-202-1039,10310
AC2Z338182,ธนาคารอาคารสงเคราะห์,ธนาคารอาคารสงเคราะห์ สาขาเพียวเพลสราชพฤกษ์ 62/32 หมู่ 1 ศูนย์การค้า สัมมากร เพลส ราชพฤกษ์ ถ.ราชพฤกษ์ ต.อ้อมเกร็ด อ.ปากเกร็ด จ.นนทบุรี 11120  โทร. 02-194-8490-3 แฟกซ์. 02-194-8490-3 ต่อ 107,11120
AC2Z338185,ธนาคารอาคารสงเคราะห์,สาขาศูนย์ราชการเฉลิมพระเกียรติ อาคาร B 120 หมู่ 3 ศูนย์ราชการเฉลิมพระเกียรติ ชั้น 1 อาคาร B ถ.แจ้งวัฒนะ แขวงทุ่งสองห้อง เขตหลักสี่ กรุงเทพมหานคร 10210  โทร. 02-1438971-3 แฟกซ์. 02-1438971-3 ต่อ105,10210
AC2Z338193,ธนาคารอาคารสงเคราะห์,สาขาเซ็นทรัลพลาซา ปิ่นเกล้า ศูนย์การค้าเซ็นทรัลพลาซา ปิ่นเกล้า ชั้น 4 ห้อง 425/1 ถนน บรมราชชนนี แขวงอรุณอมรินทร์ เขตบางกอกน้อย กรุงเทพมหานคร 10700  โทร. 02-433-7834-7 แฟกซ์. 02-433-7834-7 ต่อ 105,10700
AC2Z338196,ธนาคารอาคารสงเคราะห์,สาขาเซ็นทรัลพลาซาเชียงใหม่แอร์พอร์ต 380-381 ถ.มหิดล ต.หายยา อ.เมืองเชียงใหม่ จ.เชียงใหม่ 50100  โทร. 053-903-767 แฟกซ์. 053-903-768,50100
98251819673690,ธนาคารอาคารสงเคราะห์,สาขาพิจิตร  1/77-78 ถนนศรีมาลา ตำบลในเมือง อำเภอเมือง จังหวัดพิจิตร 66000,66000
"98251819673691,",ธนาคารอาคารสงเคราะห์,สาขาราชดำเนิน 97 ถนนราชดำเนินกลาง แขวงบวรนิเวศ เขตพระนคร กรุงเทพฯ 10200,10200
98251819673692,ธนาคารอาคารสงเคราะห์,สาขาตราด  308/4-5 หมู่ที่ 2 ถนนสุขุมวิท ตำบลวังกระแจะ อำเภอเมือง จังหวัดตราด 23000,23000
98251819673694,ธนาคารอาคารสงเคราะห์,สาขาสระแก้ว  97/133-134 ต.สระแก้ว อ.เมืองสระแก้ว จ.สระแก้ว 27000,27000
98251819673706,ธนาคารอาคารสงเคราะห์,สาขาศรีราชา 126/1-3 ถนนสุขุมวิท ตำบลศรีราชา อำเภอศรีราชา จังหวัดชลบุรี 20110,20110
98251819673710,ธนาคารอาคารสงเคราะห์,เครื่อง Spare ของ DataOne พระราม 3  ชั้น 30,10120
98251819673711,ธนาคารอาคารสงเคราะห์,สาขานครราชสีมา 517/143-145 ถ.มิตรภาพ-หนองคาย ต.ในเมือง อ.เมืองนครราชสีมา จ.นครราชสีมา 30000,30000
98251819673713,ธนาคารอาคารสงเคราะห์,สาขาพระนครศรีอยุธยา  6/6-9 ถนนนเรศวร ตำบลประตูชัย อำเภอพระนครศรีอยุธยา จังหวัดพระนครศรีอยุธยา 13000 โทร. 0-3524-5168,13000
98251819673715,ธนาคารอาคารสงเคราะห์,สาขาสันทราย  เลขที่ 192/32-33 หมู่ 5 ตำบลหนองหาร อำเภอสันทราย จังหวัดเชียงใหม่ 50290,50290
98251819673726,ธนาคารอาคารสงเคราะห์,สาขาลำปาง  435 ถนนไฮเวย์ลำปาง-งาว ตำบลหัวเวียง อำเภอเมือง จังหวัดลำปาง 52100,52100
98251819673734,ธนาคารอาคารสงเคราะห์,สาขาสวนอุตสาหกรรมสหพัฒน์แหลมฉบัง  399/63-64 หมู่ที่ 11 ถนนทุ่งสุขลา ตำบลหนองขาม อำเภอศรีราชา จังหวัดชลบุรี 20110,20110
98251819673741,ธนาคารอาคารสงเคราะห์,สาขาชัยภูมิ  171/8-12 ถนนสนามบิน ตำบลในเมือง อำเภอเมือง จังหวัดชัยภูมิ 36000,36000
98251819673745,ธนาคารอาคารสงเคราะห์,สาขานครศรีธรรมราช 9/8 หมู่ที่ 7 ตำบลนาสาร อำเภอพระพรหม จังหวัดนครศรีธรรมราช,80000
98251819673748,ธนาคารอาคารสงเคราะห์,สาขาขอนแก่น  632 ถนนศรีจันทร์ ตำบลในเมือง อำเภอเมือง จังหวัดขอนแก่น 40000,40000
98251819673750,ธนาคารอาคารสงเคราะห์,สาขาชัยนาท  302 หมู่ที่5 ตำบลบ้านกล้วย อำเภอเมือง จังหวัดชัยนาท 17000,17000
98251819673751,ธนาคารอาคารสงเคราะห์,เครื่อง Spare ของ DataOne พระราม 3  ชั้น 30,10120
98251819673753,ธนาคารอาคารสงเคราะห์,สาขาสระบุรี  158/10 ถนนพิชัยรณรงค์สงคราม ตำบลปากเพรียว อำเภอเมือง จังหวัดสระบุรี 18000,18000
A33W293445,ธนาคารอาคารสงเคราะห์,สาขาฟิวเจอร์พาร์ค รังสิต เครื่อง 1  94 ศูนย์การค้าฟิวเจอร์พาร์ครังสิต ถ.พหลโยธิน ต.ประชาธิปัตย์ อ.ธัญบุรี จ.ปทุมธานี 12130 โทร. 02-567-4104,12130
A33W293447,ธนาคารอาคารสงเคราะห์,สาขาสำนักพระราม 9 เครื่อง 1  63 ถนนพระราม 9 เขตห้วยขวาง กรุงเทพมหานคร 10310  โทร.02-645-9000,10310
A33W293486,ธนาคารอาคารสงเคราะห์,สาขาบางเขน  251/20 ถนนพหลโยธิน แขวงอนุสาวรีย์ เขตบางเขน กรุงเทพฯ 10220,10220
A33W293488,ธนาคารอาคารสงเคราะห์,ศูนย์ราชการเฉลิมพระเกียรติ อาคาร B ถนนแจ้งวัฒนะ แขวงทุ่งสองห้อง เขตหลักสี่ กรุงเทพฯ 10210,10210
A33W293489,ธนาคารอาคารสงเคราะห์,สาขาสุพรีม คอมเพล็กซ์  เลขที่ 1024 ศูนย์การค้าสุพรีม คอมเพล็กซ์ ชั้น 2 ถนนสามเสน แขวงถนนนครไชยศรี เขตดุสิต กรุงเทพฯ 10300,10300
A33W293490,ธนาคารอาคารสงเคราะห์,สาขาถนนโรจนะ  481  หมู่ 2 ตำบลสามเรือน อำเภอบางปะอิน จ.พระนครศรีอยุธยา 13160,13160
A33W293491,ธนาคารอาคารสงเคราะห์,สาขาสวนอุตสาหกรรมสหพัฒน์แหลมฉบัง  399/63-64 หมู่ที่ 11 ถนนทุ่งสุขลา ตำบลหนองขาม อำเภอศรีราชา จังหวัดชลบุรี 20110,20110
A33W293493,ธนาคารอาคารสงเคราะห์,สำนักงานใหญ่  63 ถนนพระราม 9 เขตห้วยขวาง กรุงเทพมหานคร 10310 โทร. 02-645-9000  จัดเก็บอยู่พื้นที่ชั่วคราวขนย้ายมาจาก สาขาวงศ์สว่าง ทาวน์เซ็นเตอร์ เพื่อรอการติดตั้ง,10310
A33W308900,ธนาคารอาคารสงเคราะห์,"สาขาเดอะมอลล์ งามวงศ์วาน 30/39-50 เดอะมอลล์ งามวงศ์วาน ถ.งามวงศ์วาน ต.บางเขน อ.เมือง นนทบุรี 11000 โทร. 02-121-4588-9, 02-121-4628",11000
A33W308905,ธนาคารอาคารสงเคราะห์,สาขาบิ๊กซี สมุทรปราการ 498/1 ศูนย์การค้าบิ๊กซี สมุทรปราการ ถ.สุขุมวิท ตำบลปากน้ำ อำเภอเมืองสมุทรปราการ จังหวัดสมุทรปราการ 10270  โทร.0-2389-1602-4,10270
A33W308908,ธนาคารอาคารสงเคราะห์,"สาขาพิษณุโลก 839,839/1-2 ถ.มิตรภาพ ต.ในเมือง อ.เมือง จ.พิษณุโลก 65000 โทร.055-378100-5",65000
A33W308911,ธนาคารอาคารสงเคราะห์,สาขาเพชรบูรณ์ 9/14 ถ.สระบุรี-หล่มสัก ต.สะเดียง อ.เมือง จ.เพชรบูรณ์ 67000 โทร.056-711-655-9,67000
A33W308912,ธนาคารอาคารสงเคราะห์,สาขาแพร่ 164/3-5 ถ.ยันตรกิจโกศล ต.ในเมือง อ.เมือง จ.แพร่ 54000 โทร.054-621-490-5,54000
A33W308913,ธนาคารอาคารสงเคราะห์,"สาขากำแพงเพชร 610,612 ถ.เจริญสุข ต.ในเมือง อ.เมือง จ.กำแพงเพชร 62000 โทร.055-773151-8",62000
A33W308917,ธนาคารอาคารสงเคราะห์,สาขานครราชสีมา 517/143-145 ถ.มิตรภาพ-หนองคาย ต.ในเมือง อ.เมือง จ.นครราชสีมา 30000 โทร.(044)248201-7,30000
A33W309467,ธนาคารอาคารสงเคราะห์,สำนักงานใหญ่ (ย้ายมาจากบิ๊กซี แจ้งวัฒนะ) 63 ถนนพระราม 9 เขตห้วยขวาง กรุงเทพมหานคร 10310  โทร.02-645-9000  (เครื่องย้ายมาอยู่ที่สำนักงานใหญ่ชั่วคราว),10310
A33W309472,ธนาคารอาคารสงเคราะห์,สาขาหัวหิน 178/12-13 เพชรเกษม หัวหิน หัวหิน ประจวบคีรีขันธ์ 77110 โทร.032-532-075-6,77110
A33W309475,ธนาคารอาคารสงเคราะห์,สาขามหาสารคาม 1227/22 ถ.ริมคลองสมถวิล ต.ตลาด อ.เมือง  จ.มหาสารคาม โทร.043-741-204-10,44000
A33W309478,ธนาคารอาคารสงเคราะห์,สาขาอุดรธานี 596/7 ถ.ทหาร ต.หมากแป้ง อ.เมือง จ.อุดรธานี 40000 โทร.042-122-330-9,40000
A33W309480,ธนาคารอาคารสงเคราะห์,สาขาเซ็นทรัล พระราม 9 ศูนย์การค้าเซ็นทรัล พลาซา แกรนด์ พระราม 9 ถนนพระราม 9 แขวงห้วยขวาง เขตห้วยขวาง กรุงเทพมหานคร 10310 โทร.02-160-3426-9,10310
A33W309484,ธนาคารอาคารสงเคราะห์,สาขาเซ็นทรัลพลาซ่า เชียงราย 99/9 หมู่ที่ 13 ถนนพหลโยธิน ตำบลรอบเวียง อำเภอเมือง จังหวัดเชียงราย 57000 โทร.0818813895 K.อัด,57000
A33W309487,ธนาคารอาคารสงเคราะห์,สาขาชุมพร 7/2 หมู่ 5 ถ.ชุมพร-กระบุรี ต.วังไผ่ อ.เมือง จ.ชุมพร 86000 โทร.077-576-566-9,86000
A33W309491,ธนาคารอาคารสงเคราะห์,สาขา ตรัง 59/16-18 ถนนห้วยยอด ต.ทับเที่ยง อ.เมือง จ.ตรัง 92000 โทร. 075-222-868-9,92000
A33W309494,ธนาคารอาคารสงเคราะห์,สาขาเลย 18/10-11 ถ.มลิวัลย์ ตำบลกุดป่อง อำเภอเมือง จังหวัดเลย 42000 โทร.042-833-573-5,42000
A33W309496,ธนาคารอาคารสงเคราะห์,"สาขาปทุมธานี 34/1,34/3 ถ.กรุงเทพ-ปทุมธานี ต.บ้านฉาง อ.เมือง จ.ปทุมธานี 12000 โทร.02-593-6044-50",12000
A33W309497,ธนาคารอาคารสงเคราะห์,เคาน์เตอร์การเงิน บิ๊กซีบางปะกอก 278 ม.1 ศูนย์การค้าบิ๊กซี บางประกอก ชั้น 3 ถ.สุขสวัสดิ์ แขวงบางปะกอก เขตราษฎร์บูรณะ กรุงเทพมหานคร 10140 โทร.0-2428-1424-5,10140
A33W309502,ธนาคารอาคารสงเคราะห์,สาขา เซ็นทรัล เฟสติวัล พัทยา ศูนย์การค้าเซ็นทรัล พลาซา พัทยา ตำบลหนองปรือ อำเภอบางละมุง ชลบุรี 20260 โทร.038-043-580-2,20260
A33W309503,ธนาคารอาคารสงเคราะห์,สาขาพะเยา  3/6  ถ.ชายคว๊าน ต.เวียง  อ.เมือง  จ.พะเยา  56000  โทร.054-410-261-9,56000
A33W309506,ธนาคารอาคารสงเคราะห์,"สาขาลำพูน 23/9 ถ.ลำพูน-ป่าซาง ต.ในเมือง อ.เมือง จ.ลำพูน 51000 โทร.053-535-178-82,053-510-433-4",51000
A33W309508,ธนาคารอาคารสงเคราะห์,สาขาขอนแก่น 632 ถนนศรีจันทร์ ตำบลในเมือง อำเภอเมือง จังหวัดขอนแก่น 40000  โทร.043-270-400-11,40000
A33W309512,ธนาคารอาคารสงเคราะห์,"สาขาสุรินทร์ 233/1 ถ.เทศบาล 1 ต.ในเมือง อ.เมือง จ.สุรินทร์ 32000 โทร.044-538-154,164",32000
A33W338093,ธนาคารอาคารสงเคราะห์,สาขาเซ็นทรัลพลาซา พระราม 3  ศูนย์การค้าเซ็นทรัลพระราม 3 ชั้น 4 เลขที่ 79 ถนนสาธุประดิษฐ์ แขวงช่องนนทรี เขตยานนาวา กรุงเทพฯ 10120,10120
A33W338097,ธนาคารอาคารสงเคราะห์,สาขาตราด  308/4-5 หมู่ที่ 2 ถนนสุขุมวิท ตำบลวังกระแจะ อำเภอเมือง จังหวัดตราด 23000,23000
A33W338099,ธนาคารอาคารสงเคราะห์,สาขาสิงห์บุรี  612-613 ตำบลบางพุทธา อำเภอเมือง จังหวัดสิงห์บุรี 16000,16000
A33W338100,ธนาคารอาคารสงเคราะห์,สาขาลพบุรี  99/5 ถ.พหลโยธิน ต.ท่าศาลา อ.เมือง จ.ลพบุรี 15000,15000
A33W338101,ธนาคารอาคารสงเคราะห์,สาขาห้าแยกปากเกร็ด 99/169 ถนนติวานนท์ ตำบลปากเกร็ด อำเภอปากเกร็ด จังหวัดนนทบุรี 11120,11120
A33W338102,ธนาคารอาคารสงเคราะห์,สาขาคอนแวนต์  38 อาคารคิวเฮ้าส์ คอนแวนต์ ถนนคอนแวนต์ แขวงสีลม เขตบางรัก กรุงเทพฯ 10500 (ย้ายมาจาก สาขาบางบัวทอง จ.นนทบุรี),10500
A33W338107,ธนาคารอาคารสงเคราะห์,สาขาเพลินนารี่มอลล์  244 ถนนวัชรพล แขวงท่าแร้ง เขตบางเขน กรุงเทพฯ 10220,10220
A33W338118,ธนาคารอาคารสงเคราะห์,สาขาถนนมิตรภาพ  433/20-21 หมูที่ 2 ถนนมิตรภาพ ตำบลศิลา อำเภอเมือง จังหวัดขอนแก่น 40000,40000
A33W338120,ธนาคารอาคารสงเคราะห์,สาขาศรีสะเกษ 444/149 ม.5 ต.หนองครก อ.เมือง จ.ศรีสะเกษ 33000,33000
A33W338122,ธนาคารอาคารสงเคราะห์,สาขานครพนม (แห่งใหม่) เลขที่ 381/17-18 มหาสิทธิโชค ตำบลในเมือง อำเภอเมือง จังหวัดนครพนม 48000,48000
A33W338127,ธนาคารอาคารสงเคราะห์,สาขาตาก  4/73 ถนนท่าเรือ ตำบลระแหง อำเภอเมือง จังหวัดตาก 63000,63000
A33W338134,ธนาคารอาคารสงเคราะห์,สาขาฉลอง  18/52-53 หมู่ที่ 8 ถนนเจ้าฟ้า ตำบลฉลอง อำเภอเมือง จังหวัดภูเก็ต 83000,83000
A33W338135,ธนาคารอาคารสงเคราะห์,สาขาเซ็นทรัลพลาซ่า นครศรีธรรมราช  9/8 หมู่ 7 ตำบลนาสาร อำเภอพระพรหม จังหวัดนครศรีธรรมราช 80000,80000
A33W338139,ธนาคารอาคารสงเคราะห์,"สาขาสตูล 24,26  ถนนบุรีวานิช ตำบลพิมาน อำเภอเมือง จังหวัดสตูล  91000",91000
A33W338143,ธนาคารอาคารสงเคราะห์,สาขายะลา  215/3-4 ถนนสิโรรส ตำบลสะเตง อำเภอเมือง จังหวัดยะลา 95000,95000
A33W338148,ธนาคารอาคารสงเคราะห์,"สาขานางรอง  601, 603 ถนนประจันตเขต ตำบลนางรอง  อำเภอนางรอง จังหวัดบุรีรัมย์ 31110",31110
A33W338149,ธนาคารอาคารสงเคราะห์,สาขาอำนาจเจริญ  219-219/1 ถนนชยางกูร อำเภอเมือง จังหวัดอำนาจเจริญ 37000,37000
A33W338151,ธนาคารอาคารสงเคราะห์,สาขาสว่างแดนดิน  974/3-4 ถนนนิตโย ตำบลสว่างแดนดิน อำเภอสว่างแดนดิน จังหวัดสกลนคร 47110,47110
A33W338156,ธนาคารอาคารสงเคราะห์,"สาขาบัวใหญ่  154, 156 ถนนนิเวศรัตน์  ตำบลบัวใหญ่ อำเภอบัวใหญ่  จังหวัดนครราชสีมา 30120",30120
A33W338163,ธนาคารอาคารสงเคราะห์,สาขาแม่ฮ่องสอน  3/9-10 ถนนขุนลุมประพาส ตำบลจองคำ อำเภอเมือง จังหวัดแม่ฮ่องสอน 58000,58000
A345308932,ธนาคารอาคารสงเคราะห์,สำนักงานใหญ่ เครื่องที่ 2 63 ถนนพระราม 9 แขวงห้วยขวาง เขตห้วยขวาง กรุงเทพมหานคร 10310,10310
A345308935,ธนาคารอาคารสงเคราะห์,สาขาคอนแวนต์  38 อาคารคิวเฮ้าส์ คอนแวนต์ ถนนคอนแวนต์ แขวงสีลม เขตบางรัก กรุงเทพฯ 10500,10500
A345308937,ธนาคารอาคารสงเคราะห์,เคาน์เตอร์การเงิน ไอ ที สแควร์  333/100 หมู่ที่ 4 ถนนแจ้งวัฒนะ แขวงตลาดบางเขน เขตหลักสี่ กรุงเทพฯ 10210,10210
A345308944,ธนาคารอาคารสงเคราะห์,สาขาสี่แยกบ้านแขก  เลขที่ 121 ถ.อิสรภาพ แขวงสมเด็จเจ้าพระยา เขตคลองสาน กรุงเทพฯ 10600,10600
A345308949,ธนาคารอาคารสงเคราะห์,สาขาห้าแยกปากเกร็ด  99/169 ถนนติวานนท์ ตำบลปากเกร็ด อำเภอปากเกร็ด จังหวัดนนทบุรี 11120,11120
A345308951,ธนาคารอาคารสงเคราะห์,สำนักงานใหญ่ เครื่องที่ 4 63 ถนนพระราม 9 แขวงห้วยขวาง เขตห้วยขวาง กรุงเทพมหานคร 10310,10310
A345308954,ธนาคารอาคารสงเคราะห์,สาขาบางเขน  251/20 ถนนพหลโยธิน แขวงอนุสาวรีย์ เขตบางเขน กรุงเทพฯ 10220,10220
A345308959,ธนาคารอาคารสงเคราะห์,สาขาราชดำเนิน  97 ถนนราชดำเนินกลาง แขวงวัดบวรนิเวศ เขตพระนคร กรุงเทพฯ 10200,10200
A345308963,ธนาคารอาคารสงเคราะห์,เคาน์เตอร์การเงิน บิ๊กซีอ่อนนุช 114 ซอยอ่อนนุช 1 ถนนสุขุมวิท แขวงพระโขนงเหนือ เขตวัฒนา กรุงเทพฯ 10250,10250
A345308968,ธนาคารอาคารสงเคราะห์,สาขากิ่งแก้ว  12/18 ถนนกิ่งแก้ว ตำบลราชาเทวะ อำเภอบางพลี จังหวัดสมุทรปราการ 10540,10540
A345308971,ธนาคารอาคารสงเคราะห์,สาขาฉะเชิงเทรา 153 ถ.ฉะเชิงเทรา-บางปะกง ต.หน้าเมือง อ.เมือง จ.ฉะเชิงเทรา 24000,24000
A345308974,ธนาคารอาคารสงเคราะห์,สาขาพนมสารคาม  เลขที่ 1319/1-2 หมู่ 1 ตำบลพนมสารคาม อำเภอพนมสารคาม จังหวัดฉะเชิงเทรา 24120,24120
A345308979,ธนาคารอาคารสงเคราะห์,สาขาสกลนคร  389 ถ.สี่แยกคูเมือง-ไอทียู ต.ธาตุเชิงมุม อ.เมือง จ.สกลนคร 47000,47000
A345308983,ธนาคารอาคารสงเคราะห์,สาขากระบี่  1/6-7 ถ.ร่วมจิต ต.ปากน้ำ อ.เมือง จ.กระบี่ 81000,81000
A345308991,ธนาคารอาคารสงเคราะห์,สาขาสระแก้ว  97/133-134 ต.สระแก้ว อ.เมือง จ.สระแก้ว 27000,27000
A345446014,ธนาคารอาคารสงเคราะห์,สาขาฟิวเจอร์พาร์ค รังสิต  94 ศูนย์การค้าฟิวเจอร์พาร์ครังสิต ถ.พหลโยธิน ต.ประชาธิปัตย์ อ.ธัญบุรี จ.ปทุมธานี 12130,12130
A345446019,ธนาคารอาคารสงเคราะห์,สาขาสระบุรี  158/10 ถนน พิชัยรณรงค์สงคราม ต.ปากเพรียว อ.เมืองสระบุรี จ.สระบุรี 18000,18000
A345446027,ธนาคารอาคารสงเคราะห์,สาขาเชียงราย 881/1-3 ถ.อุตรกิจ ต.เวียง อ.เมืองเชียงราย จ.เชียงราย 57000,57000
A345446030,ธนาคารอาคารสงเคราะห์,สาขาแม่ฮ่องสอน 2 ซอย 5 ถนน ขุนลุมประพาส ต.จองคำ อ.เมือง จ.แม่ฮ่องสอน 58000,58000
A345446034,ธนาคารอาคารสงเคราะห์,เคาน์เตอร์การเงินอิมพีเรียล สำโรง  999 ศูนย์การค้าอิมพีเรียล สำโรง ชั้น G ตรงข้าม Super Market ถ.สุขุมวิท ต.สำโรงเหนือ อ.เมืองสมุทรปราการ จ.สมุทรปราการ 10270,10270
A345446036,ธนาคารอาคารสงเคราะห์,สาขาเซ็นทรัลพลาซา ระยอง  ศูนย์การค้าเซ็นทรัลพลาซาระยอง ต.เชิงเนิน อ.เมืองระยอง จ.ระยอง 21000,21000
,ธนาคารกรุงศรีอยุธยา,ธนาคาร 7-11 ท่าเรือเทเวศน์ ที่ดินเปล่า - วัดสามพระยา พระนคร กรุงเทพมหานคร 10200,
FC8829,ธนาคารกรุงศรีอยุธยา,7-11 นนทบุรี 20 (โรงน้ำแข็ง) ที่ดินเปล่า - บางกระสอ เมือง นนทบุรี 11000,11000
FC5289,ธนาคารกรุงศรีอยุธยา,ศูนย์การค้า เอ็ม บี เค เซ็นเตอร์ ชั้น 1 444 พญาไท วังใหม่ ปทุมวัน กรุงเทพมหานคร 10330,10330
FC6616,ธนาคารกรุงศรีอยุธยา,7-11 เชื่อมสัมพันธ์ ซ.23 12/31 หมู่ 6 - โคกแฝด หนองจอก กรุงเทพมหานคร 10530,10530
FC9804,ธนาคารกรุงศรีอยุธยา,บจก.ฮอนด้า อาร์แอนด์ดี เอเชีย แปซิฟิค 2/1 ซ.01 กาญจนาภิเษก 5/5 - ท่าแร้ง บางเขน กรุงเทพมหานคร 10230,10230
FC5851,ธนาคารกรุงศรีอยุธยา,อินท์-อินเตอร์เซค พระราม 3 982 พระราม 3 บางโพงพาง ยานนาวา กรุงเทพมหานคร 10120,10120
,ธนาคารพาณิชย์อุตสาหกรรมแห่งประเทศจีน,"ชั้น L เอ็มโพเรี่ยมทาวเวอร์ เลขที่ 662, ถ. สุขุมวิท แขวง คลองตัน เขตคลองเตย กรุงเทพมหานคร 10110",10110
GFC,Guardforce Security ,เลขที่ 202/2 ถ. อุดรหนองคาย ต. หมูม่น อ.เมือง จ. อุดรธานี,41000
FC4251,ธนาคารกรุงศรีอยุธยา,โรงแรมรอยัล บางกอก แอท ไชน่าทาวน์ 409-421/4 เยาวราช สัมพันธวงศ์ สัมพันธวงศ์ กรุงเทพมหานคร 10100,10100
FC6622,ธนาคารกรุงศรีอยุธยา,7-11 ปากคลองตลาด 2 2 จักรเพชร วังบูรพาภิรมย์ พระนคร กรุงเทพมหานคร 10200,10200
FC4036,ธนาคารกรุงศรีอยุธยา, Terminal 21 # 3 ชั้น 1 โซน TOKYO 88 ซ.สุขุมวิท 19 (วัฒนา) สุขุมวิท คลองเตยเหนือ วัฒนา กรุงเทพมหานคร 10110,10110
FC9005,ธนาคารกรุงศรีอยุธยา,โรงแรมเช็คอินน์ รีเจนซี่ พาร์ค (ซ.สุขุมวิท 22) 12/3 ซ.สายน้ำทิพย์ (สุขุมวิท 22) สุขุมวิท คลองเตย คลองเตย กรุงเทพมหานคร 10110,10110
FC6646,ธนาคารกรุงศรีอยุธยา,7-11​ 2/1 ซ.ภาษี 2 เอกมัย คลองตันเหนือ วัฒนา กรุงเทพมหานคร 10110,10110
BAAC,ธนาคารเพื่อการเกษตรและสหกรณ์การเกษตร,สำนักงานใหญ่ อาคารบางเขน เลขที่ 2346 ถ.พหลโยธิน แขวงเสนานิคม เขตจัตุจักร กรุงเทพฯ 10900,10900
T558B030BE10G262,ธนาคารออมสิน,ตลาดเฟื่องฟู (วัฒนา 2) เลขที่ 30/6 หมู่ที่ 7 ซอยสังฆประชา ถนนสังฆประชา แขวงลำผักชี เขตหนองจอก กรุงเทพมหานคร 10530,10530
FC7054,ธนาคารกรุงศรีอยุธยา,ศูนย์สรรพสินค้าริเวอร์ ซิตี้2  เลขที่ 23 ตรอกโรงน้ำแข็ง - ตลาดน้อย สัมพันธวงศ์ กรุงเทพมหานคร 10100,10100
FC5630,ธนาคารกรุงศรีอยุธยา,7-11 สุขุมวิท 8 4/33-34 ซ.สุขุมวิท 8 สุขุมวิท คลองเตย คลองเตย กรุงเทพมหานคร 10110,10110
FC7851,ธนาคารกรุงศรีอยุธยา,สาขาเดอะมอลล์ งามวงศ์วาน # 2 30/39-50 หมู่ 2 งามวงศ์วาน บางเขน เมือง นนทบุรี 11000,11000
FC9492,ธนาคารกรุงศรีอยุธยา,สาขาออลซีซั่นส์เพลส2 เลขที่ 87/1 อาคารแคปปิตอลทาวเวอร์ G ออลซีซั่นส์เพลส วิทยุ ลุมพินี ปทุมวัน กรุงเทพ,10330
FC5897,ธนาคารกรุงศรีอยุธยา,7-11 เมืองใหม่บูรพา24  เลขที่1/297 วัดเวฬุวนาราม(วัดไผ่เขียว) สีกัน ดอนเมือง กรุงเทพมหานคร,10210
FC9433,ธนาคารกรุงศรีอยุธยา,7-11 อินทามระ 49 24 ซ.อินทามระ 49 - ดินแดง ดินแดง กรุงเทพมหานคร 10400,10400
51169004,ธนาคารแห่งประเทศจีน,​สาขารัชดา เครื่องที่ 1 เลขที่ 9 อาคารภคินท์ ถนนรัชดาภิเษก แขวงดินแดง เขตดินแดง กทม. 10400,10400
FC5682,ธนาคารกรุงศรีอยุธยา, เงินติดล้อ สาธุประดิษฐ์ 495/64-65 สาธุประดิษฐ์ ช่องนนทรี ยานนาวา กรุงเทพมหานคร 10120,10120
T092B030B624G262,ธนาคารออมสิน,สาขาสัมมากร เพลส รังสิต คลอง 2(G2) 819/1-3 ถ.รังสิต-นครนายก ต.ประชาธิปัตย์ อ.ธัญบุรี จ.ปทุมธานี 12130,12130
FC7264,ธนาคารกรุงศรีอยุธยา,Terminal 21 # 5 ชั้น 5 88 ซ.สุขุมวิท 19 (วัฒนา) สุขุมวิท คลองเตยเหนือ วัฒนา กรุงเทพมหานคร 10110,10110
FC7418,ธนาคารกรุงศรีอยุธยา,โรงแรมประตูน้ำพาวิลเลียน 89 เพชรบุรี ราชเทวี ราชเทวี กรุงเทพมหานคร 10400,10400
FC5629,ธนาคารกรุงศรีอยุธยา,สาขาถนนนวลจันทร์ 1 ซ.นวลจันทร์ 32 - นวลจันทร์ บึงกุ่ม กรุงเทพมหานคร 10230,10230
FC5426,ธนาคารกรุงศรีอยุธยา,บจก.ชัยหลินแอร์ อินเตอร์ 94 ซ.จันทน์ 43 จันทน์ บางคอแหลม บางคอแหลม กรุงเทพมหานคร 10120,10120
FC5851,ธนาคารกรุงศรีอยุธยา,อินท์-อินเตอร์เซค พระราม 3 982 พระราม 3 บางโพงพาง ยานนาวา กรุงเทพมหานคร 10120,10120
FC8627,ธนาคารกรุงศรีอยุธยา,7-11 ตลาดปู่โพธิ์ ที่ดินเปล่า - บ้านใหม่ เมือง ปทุมธานี 12000,12000
FC5491,ธนาคารกรุงศรีอยุธยา,7-11 ถนนพระอาทิตย์ 47 พระอาทิตย์ ชนะสงคราม พระนคร กรุงเทพมหานคร 10200,10200
FC6203,ธนาคารกรุงศรีอยุธยา,"สาขาไปรษณีย์กลาง 1149,1151,1153 เจริญกรุง สี่พระยา บางรัก กรุงเทพมหานคร 10500",10500
FC5644,ธนาคารกรุงศรีอยุธยา,7-11 อาคารบางกอกสหประกันภัย ชั้น G ห้อง 3 อาคารบางกอกประกันภัย 175-177 สุรวงศ์ สุริยวงศ์ บางรัก กรุงเทพมหานคร 10500,10500
FC7257,ธนาคารกรุงศรีอยุธยา, บิ๊กซี รัชดาภิเษก # 2 (เดิมชื่อคาร์ฟูร์ รัชดาภิเษก # 2) 125 รัชดาภิเษก ดินแดง กรุงเทพมหานคร 10400,10400
FC8671,ธนาคารกรุงศรีอยุธยา,7-11 สถานีบรรจุภัณฑ์และแยกสินค้ากล่อง (ลาดกระบัง) 15 ไอซีดี คลองสามประเวศ ลาดกระบัง กรุงเทพมหานคร 10520,10520
FC6449,ธนาคารกรุงศรีอยุธยา,อาคารซี.พี.ทาวเวอร์ 3 (พญาไท) อาคาร A ชั้น G 34 พญาไท พญาไท ราชเทวี กรุงเทพมหานคร 10400,10400
A202257737,BOC,สาขารัชดา เครื่องที่ 3 เลขที่ 9 อาคารภคินท์ ถนนรัชดาภิเษก แขวงดินแดง เขตดินแดง กทม. 10400,10400
FC7817,ธนาคารกรุงศรีอยุธยา,​สาขาเอ็มควอเทียร์ ชั้น3 689 สุขุมวิท คลองตันเหนือ วัฒนา กรุงเทพมหานคร 10110,10110
FC5483,ธนาคารกรุงศรีอยุธยา,7-11 สุขุมวิท 13 2 ซ.สุขุมวิท 13 สุขุมวิท คลองเตยเหนือ วัฒนา กรุงเทพมหานคร 10110,10110
FC9039,ธนาคารกรุงศรีอยุธยา,ร้านอาหารคุณโสภา 74 สามเสน ซอย4 บ้านพานถม พระนคร กรุงเทพมหานคร 10200,10200
FC5469,ธนาคารกรุงศรีอยุธยา,แฟมิลี่ มาร์ท สุขุมวิท 13.2 34 ซ.สุขุมวิท 13 (แสงจันทร์) สุขุมวิท คลองเตยเหนือ วัฒนา กรุงเทพมหานคร 10110,10110
FC9412,ธนาคารกรุงศรีอยุธยา,7-11 สาทร 11 แยก 9 2 ซ.สาทร 11 แยก 9 - ยานนาวา สาทร กรุงเทพมหานคร 10120,10120
FC4601,ธนาคารกรุงศรีอยุธยา,7-11 บางนา-ตราด ซ.19 13 ซ.บางนา-ตราด 19 - บางนา บางนา กรุงเทพมหานคร 10260,10260
T073B030BE10G262,ธนาคารออมสิน,ธนาคารออมสินสำนักงานใหญ่ อาคาร 10 470 ถ.พหลโยธิน แขวงสามเสนใน เขตพญาไท กรุงเทพฯ 10400,10400
FC7012,ธนาคารกรุงศรีอยุธยา, ธนาคารกรุงศรีอยุธยา 7-11 สุวินทวงศ์ 64 73/177 สุวินทวงศ์ ลำผักชี หนองจอก กรุงเทพมหานคร 10530,10530
FC9295,ธนาคารกรุงศรีอยุธยา,7-11 ปตท.ร่มเกล้า-สุวรรณภูมิ 179/1 - แสนแสบ มีนบุรี กรุงเทพมหานคร 10510,10510
FC5064,ธนาคารกรุงศรีอยุธยา,บจก.พี.เอส.แกรนด์ เอสเตท 29/23 สุขุมวิท 39 คลองตันเหนือ วัฒนา กรุงเทพมหานคร 10110,10110
FC6281,ธนาคารกรุงศรีอยุธยา,สาขาบางบอน # 1 103/127-128 หมู่ 6 เอกชัย บางบอน บางขุนเทียน กรุงเทพมหานคร 10150,10150
FC6412,ธนาคารกรุงศรีอยุธยา,ธนาคารกรุงศรีอยุธยา 7-11 PTTOR ถนนคู้บอน 56 คู้บอน บางชัน คลองสามวา กรุงเทพมหานคร,
Post Office,ไปรษณีย์,99/4 หมู่ที่ 12 ซอยชมเชย ตำบล บางพลีใหญ่ อำเภอบางพลี สมุทรปราการ 10540,10540
FC6668,ธนาคารกรุงศรีอยุธยา,7-11 ตลาดสดทะเลคลองด่าน 180 หมู่7 คลองด่าน บางบ่อ สมุทรปราการ 10550,10550
